text,department,priority
मैं शिकायत करना चाहता हूं कि सरकारी स्वास्थ्य केंद्र में डॉक्टर उपलब्ध नहीं हैं कृपया इस समस्या का समाधान करें।,Health,Medium
मैं शिकायत करना चाहता हूं कि मेरी दिव्यांग सहायता राशि में देरी हुई है कृपया इस समस्या का समाधान करें।,Social Welfare,Medium
ദയവായി ഇത് പരിഹരിക്കുക. സർക്കാർ വെബ്സൈറ്റിൽ പിശക് കാണിക്കുന്നു,e-Governance,Medium
इस समस्या पर ध्यान दें: मेरा नया राशन कार्ड जारी नहीं हुआ है,Food & Civil Supplies,High
ഈ പ്രശ്നം ശ്രദ്ധിക്കുക: ഞങ്ങളുടെ പ്രദേശത്തെ കമ്മ്യൂണിറ്റി പാർക്ക് ഉപയോഗിക്കാൻ കഴിയുന്നില്ല ദയവായി ആവശ്യമായ നടപടി സ്വീകരിക്കുക.,Municipal Corporation,High
இந்த பிரச்சனை குறித்து புகார் அளிக்கிறேன்: கிராம சாலை வளர்ச்சி பணி முடிக்கப்படவில்லை தயவுசெய்து இந்த பிரச்சனையை தீர்க்கவும்.,Rural Development / Panchayat,High
Kindly look into this: The rural welfare project is pending Kindly resolve this issue.,Rural Development / Panchayat,Medium
There are no beds available in the public hospital,Health,Medium
मेरी पुलिस शिकायत का अभी तक जवाब नहीं मिला है कृपया आवश्यक कार्रवाई करें।,Police,Medium
ദയവായി ഇത് പരിഹരിക്കുക. വനിതാ ക്ഷേമ പദ്ധതിയിൽ സഹായം വേണം ദയവായി ആവശ്യമായ നടപടി സ്വീകരിക്കുക.,Women & Child Welfare,Medium
इस समस्या पर ध्यान दें: सरकारी रोजगार योजना में काम नहीं मिला है,Labour & Employment,Medium
I would like to complain that My labour welfare application has not been processed Kindly resolve this issue.,Labour & Employment,Medium
मेरा वाहन चोरी हो गया है कृपया इस मामले को देखें।,Police,High
कृपया इस समस्या को देखें: मेरे बिजली बिल में गलत रीडिंग दिखाई गई है,Electricity,High
मुख्य सड़क की मरम्मत की जरूरत है,Roads & Highways,Low
Please help. The water supply schedule is not being followed Please look into this matter.,Water Services,Low
தொழிற்சாலையில் இருந்து அதிக புகை வருகிறது இந்த பிரச்சனையை கவனிக்கவும்.,Environment & Forest,Medium
I would like to complain that The electric wire near the road is hanging dangerously Please take necessary action.,Electricity,High
कृपया इस समस्या को देखें: मेरा राजस्व प्रमाणपत्र जारी नहीं हुआ है,Revenue & Land Records,Medium
Kindly look into this: My child welfare benefit has not been received,Women & Child Welfare,High
தயவுசெய்து உதவுங்கள். எங்கள் பகுதியில் கழிவுநீர் குழாய் அடைத்துள்ளது தயவுசெய்து தேவையான நடவடிக்கை எடுக்கவும்.,Drainage & Sewerage,Medium
ദയവായി ഇത് പരിഹരിക്കുക. ഞങ്ങളുടെ വയലിലേക്കുള്ള ജലസേചന കനാൽ കേടായിട്ടുണ്ട് ദയവായി ഈ വിഷയം പരിശോധിക്കുക.,Agriculture,Low
அரசு மருத்துவமனையில் படுக்கைகள் இல்லை இந்த பிரச்சனையை கவனிக்கவும்.,Health,Medium
There is frequent voltage fluctuation in our locality Please take necessary action.,Electricity,High
எனது நில பதிவில் தவறான தகவல் உள்ளது தயவுசெய்து தேவையான நடவடிக்கை எடுக்கவும்.,Revenue & Land Records,Medium
ദയവായി സഹായിക്കണം. എനിക്ക് വനിതാ ക്ഷേമ വകുപ്പിന്റെ സഹായം വേണം ദയവായി ഈ പ്രശ്നം പരിഹരിക്കുക.,Women & Child Welfare,High
ദയവായി സഹായിക്കണം. റേഷൻ കടയിലെ ഭക്ഷ്യസാധനങ്ങൾ മതിയായിട്ടില്ല ദയവായി ഈ പ്രശ്നം പരിഹരിക്കുക.,Food & Civil Supplies,Low
कृपया मदद करें। मुझे आवास योजना के आवेदन में सहायता चाहिए कृपया इस समस्या का समाधान करें।,Housing,Medium
इस समस्या पर ध्यान दें: मेरे राशन कार्ड में गलत जानकारी है कृपया इस समस्या का समाधान करें।,Food & Civil Supplies,Medium
സർക്കാർ വെബ്സൈറ്റിൽ പിശക് കാണിക്കുന്നു ദയവായി ഈ വിഷയം പരിശോധിക്കുക.,e-Governance,Medium
எனது நில ஆவணத்தின் நகல் வேண்டும்,Revenue & Land Records,High
Kindly look into this: I have not received the approved housing amount,Housing,Medium
Kindly look into this: My affordable housing application is pending Please take necessary action.,Housing,High
இந்த பிரச்சனையை கவனிக்கவும்: நலத்துறை அலுவலகம் பதிலளிக்கவில்லை,Social Welfare,High
ദയവായി സഹായിക്കണം. പൊതു ഗതാഗത സേവനങ്ങളെക്കുറിച്ച് വിവരം വേണം ദയവായി ആവശ്യമായ നടപടി സ്വീകരിക്കുക.,Transport,Low
My student scholarship application is pending Kindly resolve this issue.,Education,Medium
எங்கள் பகுதியில் உள்ள பூங்கா பயன்படுத்த முடியாத நிலையில் உள்ளது,Municipal Corporation,Medium
किसानों को फसल बीमा सहायता नहीं मिली है,Agriculture,Medium
தயவுசெய்து இதை சரி செய்யுங்கள். மருத்துவமனையில் அடிப்படை மருத்துவ உபகரணங்கள் இல்லை தயவுசெய்து தேவையான நடவடிக்கை எடுக்கவும்.,Health,High
पानी के कनेक्शन का आवेदन अभी लंबित है कृपया इस समस्या का समाधान करें।,Water Services,Low
தயவுசெய்து உதவுங்கள். ஆம்புலன்ஸ் சேவை பதிலளிக்கவில்லை தயவுசெய்து தேவையான நடவடிக்கை எடுக்கவும்.,Health,High
Kindly look into this: The housing scheme beneficiary list is incorrect Kindly resolve this issue.,Housing,High
இந்த பிரச்சனையை கவனிக்கவும்: ஊராட்சி கிராம வசதிகளை பழுதுபார்க்கவில்லை தயவுசெய்து தேவையான நடவடிக்கை எடுக்கவும்.,Rural Development / Panchayat,Medium
The streetlight pole near my house is damaged,Municipal Corporation,Medium
Please help. Our residential area needs better municipal services Kindly resolve this issue.,Municipal Corporation,Low
मैं शिकायत करना चाहता हूं कि सरकारी स्कूल में पर्याप्त शिक्षक नहीं हैं कृपया इस समस्या का समाधान करें।,Education,Medium
Please help. There is a dispute that requires police assistance Kindly resolve this issue.,Police,Medium
इस समस्या पर ध्यान दें: ग्रामीण कल्याण परियोजना लंबित है कृपया आवश्यक कार्रवाई करें।,Rural Development / Panchayat,Medium
ഈ പ്രശ്നം ശ്രദ്ധിക്കുക: എന്റെ തൊഴിൽ സർട്ടിഫിക്കറ്റ് വൈകിയിരിക്കുന്നു ദയവായി ഈ വിഷയം പരിശോധിക്കുക.,Labour & Employment,Medium
कृपया मदद करें। बारिश के दौरान सड़क बहुत खतरनाक हो जाती है कृपया आवश्यक कार्रवाई करें।,Roads & Highways,High
தயவுசெய்து இதை சரி செய்யுங்கள். உர விநியோகம் தாமதமாகியுள்ளது தயவுசெய்து இந்த பிரச்சனையை தீர்க்கவும்.,Agriculture,Medium
ദയവായി ഇത് പരിഹരിക്കുക. ബസ് ഷെൽട്ടർ കേടായിട്ടുണ്ട് ദയവായി ആവശ്യമായ നടപടി സ്വീകരിക്കുക.,Transport,High
कृपया इस समस्या को देखें: नगर निगम के कर्मचारी हमारी सड़क की सफाई नहीं कर रहे हैं,Municipal Corporation,Medium
தடுப்பூசி சேவை கிடைக்கவில்லை இந்த பிரச்சனையை கவனிக்கவும்.,Health,Low
कृपया मदद करें। मुझे अपना रोजगार लाभ नहीं मिला है कृपया इस समस्या का समाधान करें।,Labour & Employment,Low
ദയവായി സഹായിക്കണം. എന്റെ സ്കോളർഷിപ്പ് തുക ഇതുവരെ ലഭിച്ചിട്ടില്ല,Education,Medium
Please help. The rural development project has stopped Please look into this matter.,Rural Development / Panchayat,Low
தயவுசெய்து இதை சரி செய்யுங்கள். தெருவில் குப்பைகள் அகற்றப்படவில்லை தயவுசெய்து தேவையான நடவடிக்கை எடுக்கவும்.,Waste Management,High
The municipal workers have not cleaned our street Kindly resolve this issue.,Municipal Corporation,Medium
പൊതു കെട്ടിടത്തിലെ ജനലുകൾ തകർന്നിട്ടുണ്ട് ദയവായി ഈ പ്രശ്നം പരിഹരിക്കുക.,Public Works,High
I want to report that The agriculture officer has not visited our village Kindly resolve this issue.,Agriculture,Low
Please help. Waste bins in our area are overflowing Please look into this matter.,Waste Management,Medium
कृपया मदद करें। सरकारी भवन के जल निकासी सिस्टम की मरम्मत चाहिए कृपया आवश्यक कार्रवाई करें।,Public Works,High
हमारे वार्ड की सार्वजनिक सुविधा की मरम्मत की जरूरत है कृपया आवश्यक कार्रवाई करें।,Municipal Corporation,Low
I would like to complain that My admission application is still pending Kindly resolve this issue.,Education,Medium
ഈ പ്രശ്നം ശ്രദ്ധിക്കുക: റേഷൻ കടക്കാരൻ അധിക പണം ആവശ്യപ്പെടുന്നു ദയവായി ഈ പ്രശ്നം പരിഹരിക്കുക.,Food & Civil Supplies,Medium
ഈ പ്രശ്നത്തെക്കുറിച്ച് പരാതി നൽകുന്നു: എന്റെ അപേക്ഷ ഓൺലൈനായി സമർപ്പിക്കാൻ കഴിയുന്നില്ല ദയവായി ഈ വിഷയം പരിശോധിക്കുക.,e-Governance,Medium
The vaccination service is unavailable Please take necessary action.,Health,Low
Kindly look into this: My admission application is still pending,Education,Medium
தயவுசெய்து இதை சரி செய்யுங்கள். எங்கள் பகுதியில் குடிநீர் பற்றாக்குறை உள்ளது,Water Services,High
The panchayat development fund has not been used Kindly resolve this issue.,Rural Development / Panchayat,High
தயவுசெய்து உதவுங்கள். எங்கள் வார்டில் உள்ள பொது வசதிக்கு பராமரிப்பு தேவை தயவுசெய்து தேவையான நடவடிக்கை எடுக்கவும்.,Municipal Corporation,High
Kindly look into this: A sewage manhole is overflowing Kindly resolve this issue.,Drainage & Sewerage,High
ദയവായി ഇത് പരിഹരിക്കുക. ആരോഗ്യ കേന്ദ്രത്തിൽ വളരെ അധികം തിരക്കുണ്ട്,Health,High
ദയവായി ഇത് പരിഹരിക്കുക. ഭവന പദ്ധതി ഗുണഭോക്തൃ പട്ടിക തെറ്റാണ് ദയവായി ആവശ്യമായ നടപടി സ്വീകരിക്കുക.,Housing,High
ദയവായി സഹായിക്കണം. ഡ്രെയിനേജ് വെള്ളം ദുർഗന്ധം ഉണ്ടാക്കുന്നു,Drainage & Sewerage,High
இந்த பிரச்சனையை கவனிக்கவும்: எங்கள் பகுதியில் உள்ள குப்பைத் தொட்டிகள் நிரம்பி வழிகின்றன தயவுசெய்து இந்த பிரச்சனையை தீர்க்கவும்.,Waste Management,High
எங்கள் பகுதியில் நேற்று முதல் மின்சாரம் இல்லை தயவுசெய்து இந்த பிரச்சனையை தீர்க்கவும்.,Electricity,Critical
இந்த பிரச்சனை குறித்து புகார் அளிக்கிறேன்: நலத்திட்டத்திற்கு விண்ணப்பிக்க உதவி வேண்டும் இந்த பிரச்சனையை கவனிக்கவும்.,Social Welfare,Medium
ദയവായി സഹായിക്കണം. റേഷൻ കാർഡ് വിവരങ്ങൾ പുതുക്കണം ദയവായി ഈ പ്രശ്നം പരിഹരിക്കുക.,Food & Civil Supplies,Low
சாலையின் அருகே மின்கம்பி ஆபத்தான நிலையில் தொங்குகிறது தயவுசெய்து இந்த பிரச்சனையை தீர்க்கவும்.,Electricity,High
मैं शिकायत करना चाहता हूं कि नगर निगम के कर्मचारी हमारी सड़क की सफाई नहीं कर रहे हैं कृपया आवश्यक कार्रवाई करें।,Municipal Corporation,Medium
இந்த பிரச்சனை குறித்து புகார் அளிக்கிறேன்: எங்கள் பகுதியில் கடுமையான ரசாயன வாசனை உள்ளது,Environment & Forest,Medium
ദയവായി സഹായിക്കണം. പഞ്ചായത്ത് വികസന ഫണ്ട് ഉപയോഗിച്ചിട്ടില്ല,Rural Development / Panchayat,Low
कृपया मदद करें। मेरी छात्रवृत्ति की राशि अभी तक नहीं मिली है कृपया आवश्यक कार्रवाई करें।,Education,High
The forest area is being encroached Kindly resolve this issue.,Environment & Forest,Medium
ഞങ്ങളുടെ വാർഡിലെ പൊതു സൗകര്യത്തിന് അറ്റകുറ്റപ്പണി ആവശ്യമാണ് ദയവായി ഈ പ്രശ്നം പരിഹരിക്കുക.,Municipal Corporation,Medium
Please help. My unemployment assistance application is pending Kindly resolve this issue.,Labour & Employment,Low
ഞങ്ങളുടെ താമസ പ്രദേശത്തിന് സമീപം സംശയാസ്പദനായ ഒരാൾ ഉണ്ട് ദയവായി ഈ പ്രശ്നം പരിഹരിക്കുക.,Police,Medium
I want to report that I have not received my monthly pension Please look into this matter.,Social Welfare,Medium
தயவுசெய்து உதவுங்கள். அரசு வீட்டு திட்டம் குறித்து தகவல் வேண்டும் தயவுசெய்து இந்த பிரச்சனையை தீர்க்கவும்.,Housing,High
हमारे क्षेत्र के पास तेज रासायनिक गंध है कृपया आवश्यक कार्रवाई करें।,Environment & Forest,Low
कृपया मदद करें। हमारे स्कूल में उचित कक्षा सुविधाएं नहीं हैं कृपया इस समस्या का समाधान करें।,Education,Medium
தயவுசெய்து இதை சரி செய்யுங்கள். போக்குவரத்து பாஸ் விண்ணப்பம் தாமதமாகியுள்ளது இந்த பிரச்சனையை கவனிக்கவும்.,Transport,Low
इस समस्या पर ध्यान दें: सार्वजनिक पाइपलाइन से गंदा पानी आ रहा है कृपया आवश्यक कार्रवाई करें।,Water Services,Low
ഈ പ്രശ്നം ശ്രദ്ധിക്കുക: എന്റെ സാമൂഹിക ക്ഷേമ പെൻഷൻ ലഭിച്ചിട്ടില്ല ദയവായി ഈ പ്രശ്നം പരിഹരിക്കുക.,Social Welfare,Low
I would like to complain that A major pothole is blocking traffic Kindly resolve this issue.,Roads & Highways,Medium
हमारे क्षेत्र में बीजों की कमी है कृपया इस समस्या का समाधान करें।,Agriculture,Low
कृपया इस समस्या को देखें: मुख्य सड़क की मरम्मत की जरूरत है कृपया इस मामले को देखें।,Roads & Highways,Medium
தயவுசெய்து இதை சரி செய்யுங்கள். கிராம வளர்ச்சி பணி தாமதமாகியுள்ளது தயவுசெய்து தேவையான நடவடிக்கை எடுக்கவும்.,Rural Development / Panchayat,Low
मेरे घर के पास स्ट्रीट लाइट का खंभा खराब है कृपया इस मामले को देखें।,Municipal Corporation,Medium
इस समस्या पर ध्यान दें: मेरा किफायती आवास आवेदन लंबित है कृपया इस मामले को देखें।,Housing,Medium
I would like to complain that The public bus is frequently overcrowded,Transport,Medium
Please help. The road shoulder has collapsed,Roads & Highways,High
कृपया इस समस्या को देखें: गांव के विकास कार्य में देरी हो रही है कृपया इस मामले को देखें।,Rural Development / Panchayat,Medium
कृपया मदद करें। मेरे बच्चे के कल्याण आवेदन में देरी हुई है कृपया इस समस्या का समाधान करें।,Women & Child Welfare,Medium
Kindly look into this: The power pole outside my house is damaged Please take necessary action.,Electricity,Medium
I would like to complain that Garbage has not been collected from our street,Waste Management,Medium
कृपया इस समस्या को देखें: मेरी संपत्ति के रिकॉर्ड में गलती है कृपया इस मामले को देखें।,Revenue & Land Records,Medium
ദയവായി സഹായിക്കണം. ഓൺലൈൻ സേവനം പലപ്പോഴും ടൈം ഔട്ട് ആകുന്നു ദയവായി ഈ വിഷയം പരിശോധിക്കുക.,e-Governance,Medium
குப்பை வண்டி எங்கள் பகுதிக்கு வரவில்லை தயவுசெய்து இந்த பிரச்சனையை தீர்க்கவும்.,Waste Management,Medium
இந்த பிரச்சனையை கவனிக்கவும்: எங்கள் கிராமத்திற்கு சிறந்த அடிப்படை வசதிகள் தேவை தயவுசெய்து தேவையான நடவடிக்கை எடுக்கவும்.,Rural Development / Panchayat,Low
ദയവായി ഇത് പരിഹരിക്കുക. ഭൂമി സർവേ മാപ്പിന്റെ പകർപ്പ് വേണം ദയവായി ഈ പ്രശ്നം പരിഹരിക്കുക.,Revenue & Land Records,Medium
Please help. There are no computers in our government school,Education,Medium
இந்த பிரச்சனையை கவனிக்கவும்: எனது மகப்பேறு உதவி விண்ணப்பம் நிலுவையில் உள்ளது தயவுசெய்து இந்த பிரச்சனையை தீர்க்கவும்.,Women & Child Welfare,Low
ഈ പ്രശ്നത്തെക്കുറിച്ച് പരാതി നൽകുന്നു: ഓൺലൈൻ പൗര സേവനം ആക്സസ് ചെയ്യാൻ കഴിയുന്നില്ല,e-Governance,High
സർക്കാർ ഓൺലൈൻ പോർട്ടൽ പ്രവർത്തിക്കുന്നില്ല ദയവായി ആവശ്യമായ നടപടി സ്വീകരിക്കുക.,e-Governance,High
இந்த பிரச்சனை குறித்து புகார் அளிக்கிறேன்: நேற்று முதல் எங்கள் தெருவிற்கு தண்ணீர் வரவில்லை,Water Services,Medium
I want to report that My farmer subsidy application is pending Please take necessary action.,Agriculture,Low
Kindly look into this: Our village needs better public facilities Please look into this matter.,Rural Development / Panchayat,Low
ദയവായി ഇത് പരിഹരിക്കുക. ഞങ്ങളുടെ ഗ്രാമത്തിന് സമീപമുള്ള നദി മലിനമായി ദയവായി ഈ പ്രശ്നം പരിഹരിക്കുക.,Environment & Forest,Medium
I want to report that The government school does not have enough teachers,Education,High
ദയവായി ഇത് പരിഹരിക്കുക. ഹൈവേയുടെ ഉപരിതലം വളരെ മോശമായി കേടായിട്ടുണ്ട് ദയവായി ആവശ്യമായ നടപടി സ്വീകരിക്കുക.,Roads & Highways,Medium
Please help. Dirty wastewater is entering our locality,Drainage & Sewerage,Low
I need help with a women welfare scheme Please take necessary action.,Women & Child Welfare,Medium
कृपया मदद करें। मुझे भूमि स्वामित्व रिकॉर्ड अपडेट करना है,Revenue & Land Records,Medium
Please help. I need information about social welfare schemes Kindly resolve this issue.,Social Welfare,Medium
ഈ പ്രശ്നത്തെക്കുറിച്ച് പരാതി നൽകുന്നു: റേഷൻ കാർഡ് വിവരങ്ങൾ പുതുക്കണം ദയവായി ഈ വിഷയം പരിശോധിക്കുക.,Food & Civil Supplies,Medium
ഈ പ്രശ്നത്തെക്കുറിച്ച് പരാതി നൽകുന്നു: പഞ്ചായത്ത് ഗ്രാമത്തിലെ സൗകര്യങ്ങൾ നന്നാക്കിയിട്ടില്ല ദയവായി ഈ പ്രശ്നം പരിഹരിക്കുക.,Rural Development / Panchayat,Low
हमारे क्षेत्र का सार्वजनिक पार्क ठीक से साफ नहीं किया जाता कृपया इस मामले को देखें।,Municipal Corporation,Medium
தயவுசெய்து உதவுங்கள். எங்கள் தெருவில் குடிநீர் விநியோகம் இல்லை இந்த பிரச்சனையை கவனிக்கவும்.,Water Services,Medium
कृपया मदद करें। मेरा नया राशन कार्ड जारी नहीं हुआ है,Food & Civil Supplies,Medium
I would like to complain that The irrigation canal for our fields is damaged Kindly resolve this issue.,Agriculture,Medium
എന്റെ ഭവന സഹായ അപേക്ഷ പരിഗണനയിലാണ്,Housing,Medium
குழந்தைகளுக்கான ஊட்டச்சத்து சேவை கிடைக்கவில்லை தயவுசெய்து தேவையான நடவடிக்கை எடுக்கவும்.,Women & Child Welfare,Medium
I want to report that My social welfare pension has not been credited,Social Welfare,Medium
എന്റെ കർഷക സബ്സിഡി അപേക്ഷ പരിഗണനയിലാണ് ദയവായി ആവശ്യമായ നടപടി സ്വീകരിക്കുക.,Agriculture,Low
मैं शिकायत करना चाहता हूं कि हमारे स्कूल में उचित कक्षा सुविधाएं नहीं हैं कृपया आवश्यक कार्रवाई करें।,Education,Medium
ദയവായി സഹായിക്കണം. കർഷകർക്ക് വിള ഇൻഷുറൻസ് സഹായം ലഭിച്ചിട്ടില്ല,Agriculture,High
தயவுசெய்து இதை சரி செய்யுங்கள். எங்கள் குடியிருப்பு பகுதியில் சந்தேகமான நபர் உள்ளார் தயவுசெய்து இந்த பிரச்சனையை தீர்க்கவும்.,Police,Medium
Please help. My house construction subsidy has not arrived,Housing,High
I want to report that My welfare certificate has not been issued,Social Welfare,Medium
I want to report that The road shoulder has collapsed,Roads & Highways,High
मुझे अपना रोजगार लाभ नहीं मिला है कृपया आवश्यक कार्रवाई करें।,Labour & Employment,Medium
இந்த பிரச்சனையை கவனிக்கவும்: கழிவுநீர் கால்வாய் நிரம்பியுள்ளது,Drainage & Sewerage,High
எங்கள் பள்ளி அருகே ஆபத்தான முறையில் வாகனங்கள் ஓட்டப்படுகின்றன,Police,Low
இந்த பிரச்சனையை கவனிக்கவும்: எனது வாகனம் திருடப்பட்டுள்ளது தயவுசெய்து இந்த பிரச்சனையை தீர்க்கவும்.,Police,High
मैं शिकायत करना चाहता हूं कि बारिश के बाद सीवर का पानी बाहर आ रहा है कृपया इस समस्या का समाधान करें।,Drainage & Sewerage,High
இந்த பிரச்சனையை கவனிக்கவும்: எனது மாற்றுத்திறனாளர் உதவித்தொகை தாமதமாகியுள்ளது,Social Welfare,Low
ദയവായി ഇത് പരിഹരിക്കുക. തെരുവ് ശുചീകരണ സമയക്രമം പാലിക്കുന്നില്ല ദയവായി ഈ പ്രശ്നം പരിഹരിക്കുക.,Municipal Corporation,Low
ദയവായി ഇത് പരിഹരിക്കുക. വൈദ്യുതി മീറ്റർ ശരിയായി പ്രവർത്തിക്കുന്നില്ല ദയവായി ആവശ്യമായ നടപടി സ്വീകരിക്കുക.,Electricity,Low
ദയവായി ഇത് പരിഹരിക്കുക. എന്റെ അപേക്ഷ ഓൺലൈനായി സമർപ്പിക്കാൻ കഴിയുന്നില്ല ദയവായി ആവശ്യമായ നടപടി സ്വീകരിക്കുക.,e-Governance,Medium
இந்த பிரச்சனை குறித்து புகார் அளிக்கிறேன்: எங்கள் கிராமத்திற்கு சிறந்த பொது வசதிகள் தேவை,Rural Development / Panchayat,Medium
सरकारी स्कूल में पर्याप्त शिक्षक नहीं हैं,Education,Low
தயவுசெய்து இதை சரி செய்யுங்கள். நெடுஞ்சாலையில் பல விரிசல்கள் உள்ளன,Roads & Highways,Medium
कृपया इस समस्या को देखें: मेरा बेरोजगारी सहायता आवेदन लंबित है कृपया इस समस्या का समाधान करें।,Labour & Employment,High
ഞങ്ങളുടെ സ്കൂളിന് സമീപം അപകടകരമായി വാഹനങ്ങൾ ഓടിക്കുന്നു ദയവായി ആവശ്യമായ നടപടി സ്വീകരിക്കുക.,Police,Medium
इस समस्या पर ध्यान दें: हमारे गांव की बस सेवा कम कर दी गई है कृपया इस समस्या का समाधान करें।,Transport,Medium
தயவுசெய்து இதை சரி செய்யுங்கள். தண்ணீர் இணைப்பு விண்ணப்பம் இன்னும் நிலுவையில் உள்ளது,Water Services,Medium
ഈ പ്രശ്നം ശ്രദ്ധിക്കുക: ആളുകൾ റോഡിന്റെ വശത്ത് മാലിന്യം വലിച്ചെറിയുന്നു,Waste Management,Low
I would like to complain that I need information about women welfare schemes Please take necessary action.,Women & Child Welfare,Medium
இந்த பிரச்சனை குறித்து புகார் அளிக்கிறேன்: பொது கட்டிடத்தின் சுவர்களில் விரிசல்கள் உள்ளன தயவுசெய்து இந்த பிரச்சனையை தீர்க்கவும்.,Public Works,Medium
தயவுசெய்து இதை சரி செய்யுங்கள். எங்கள் பகுதியில் தண்ணீர் விநியோகம் நிறுத்தப்பட்டுள்ளது தயவுசெய்து இந்த பிரச்சனையை தீர்க்கவும்.,Water Services,High
സർക്കാർ കെട്ടിടത്തിലെ ഡ്രെയിനേജ് നന്നാക്കണം ദയവായി ഈ പ്രശ്നം പരിഹരിക്കുക.,Public Works,High
इस समस्या पर ध्यान दें: हमारे इलाके की सीवर लाइन बंद है कृपया आवश्यक कार्रवाई करें।,Drainage & Sewerage,Medium
ഈ പ്രശ്നം ശ്രദ്ധിക്കുക: എനിക്ക് വനിതാ ക്ഷേമ വകുപ്പിന്റെ സഹായം വേണം ദയവായി ഈ വിഷയം പരിശോധിക്കുക.,Women & Child Welfare,Medium
कृपया इस समस्या को देखें: एक विवाद में पुलिस की सहायता चाहिए,Police,High
हमारे गांव में बेहतर बुनियादी सुविधाओं की जरूरत है कृपया इस समस्या का समाधान करें।,Rural Development / Panchayat,Low
ദയവായി ഇത് പരിഹരിക്കുക. ഭൂമി രജിസ്ട്രേഷൻ നടപടിയിൽ വൈകുന്നു ദയവായി ഈ പ്രശ്നം പരിഹരിക്കുക.,Revenue & Land Records,Medium
Kindly look into this: The panchayat development fund has not been used,Rural Development / Panchayat,High
தயவுசெய்து உதவுங்கள். எனது டிஜிட்டல் விண்ணப்பம் செயல்படுத்தப்படவில்லை தயவுசெய்து இந்த பிரச்சனையை தீர்க்கவும்.,e-Governance,Low
I want to report that The sewage drain near my house is blocked Please look into this matter.,Drainage & Sewerage,Critical
ദയവായി ഇത് പരിഹരിക്കുക. വനത്തിന് സമീപം അനധികൃതമായി മാലിന്യം തള്ളുന്നു ദയവായി ഈ വിഷയം പരിശോധിക്കുക.,Environment & Forest,Low
தயவுசெய்து உதவுங்கள். எங்கள் பகுதியில் உள்ள குழந்தை பராமரிப்பு மையம் செயல்படவில்லை தயவுசெய்து இந்த பிரச்சனையை தீர்க்கவும்.,Women & Child Welfare,High
தயவுசெய்து உதவுங்கள். வேலைவாய்ப்பு திட்டங்கள் குறித்து தகவல் வேண்டும் இந்த பிரச்சனையை கவனிக்கவும்.,Labour & Employment,Low
I want to report that I need help registering as a worker Kindly resolve this issue.,Labour & Employment,Medium
इस समस्या पर ध्यान दें: मेरा भूमि म्यूटेशन आवेदन लंबित है कृपया इस समस्या का समाधान करें।,Revenue & Land Records,High
कृपया इस समस्या को देखें: बाल संरक्षण सेवा जवाब नहीं दे रही है कृपया इस मामले को देखें।,Women & Child Welfare,Low
कृपया मदद करें। स्कूल की लाइब्रेरी में पर्याप्त किताबें नहीं हैं कृपया आवश्यक कार्रवाई करें।,Education,High
தயவுசெய்து உதவுங்கள். விவசாயிகளுக்கு பயிர் காப்பீட்டு உதவி கிடைக்கவில்லை,Agriculture,Medium
I want to report that The road repair work has been delayed Please look into this matter.,Roads & Highways,Low
தயவுசெய்து உதவுங்கள். தடுப்பூசி சேவை கிடைக்கவில்லை,Health,Medium
कृपया मदद करें। मुझे भूमि सर्वेक्षण मानचित्र की प्रति चाहिए कृपया इस समस्या का समाधान करें।,Revenue & Land Records,Medium
இந்த பிரச்சனை குறித்து புகார் அளிக்கிறேன்: நலத்திட்டத்திற்கு விண்ணப்பிக்க உதவி வேண்டும் தயவுசெய்து தேவையான நடவடிக்கை எடுக்கவும்.,Social Welfare,High
இந்த பிரச்சனை குறித்து புகார் அளிக்கிறேன்: எங்கள் பகுதியில் சட்டவிரோதமாக மரங்கள் வெட்டப்படுகின்றன தயவுசெய்து தேவையான நடவடிக்கை எடுக்கவும்.,Environment & Forest,High
ഈ പ്രശ്നം ശ്രദ്ധിക്കുക: വനത്തിന് സമീപം അനധികൃതമായി മാലിന്യം തള്ളുന്നു,Environment & Forest,Low
मैं शिकायत करना चाहता हूं कि मेरे ऑनलाइन आवेदन की स्थिति नहीं बदली है कृपया आवश्यक कार्रवाई करें।,e-Governance,Medium
ഈ പ്രശ്നം ശ്രദ്ധിക്കുക: മുനിസിപ്പൽ ഓഫീസ് ഞങ്ങളുടെ പരാതിക്ക് മറുപടി നൽകിയിട്ടില്ല,Municipal Corporation,Medium
I would like to complain that Our electricity connection keeps getting interrupted Please look into this matter.,Electricity,Low
Kindly look into this: The road shoulder has collapsed Kindly resolve this issue.,Roads & Highways,Critical
தயவுசெய்து உதவுங்கள். பொது கட்டிடத்தின் சுவர்களில் விரிசல்கள் உள்ளன,Public Works,Medium
Kindly look into this: The public park in our area is poorly maintained Please take necessary action.,Municipal Corporation,Medium
ഈ പ്രശ്നം ശ്രദ്ധിക്കുക: വനിതാ ക്ഷേമ പദ്ധതികളെക്കുറിച്ച് വിവരം വേണം ദയവായി ഈ പ്രശ്നം പരിഹരിക്കുക.,Women & Child Welfare,Low
इस समस्या पर ध्यान दें: नगर निगम कार्यालय ने हमारी शिकायत का जवाब नहीं दिया कृपया आवश्यक कार्रवाई करें।,Municipal Corporation,High
I would like to complain that I have not received my worker welfare payment Kindly resolve this issue.,Labour & Employment,Low
कृपया मदद करें। हमारे आवासीय क्षेत्र में बेहतर नगर निगम सेवाओं की जरूरत है कृपया आवश्यक कार्रवाई करें।,Municipal Corporation,Medium
इस समस्या पर ध्यान दें: सरकारी छात्रावास में बेहतर सुविधाओं की जरूरत है,Education,High
எனது வேலைவாய்ப்பு நலத்தொகை கிடைக்கவில்லை இந்த பிரச்சனையை கவனிக்கவும்.,Labour & Employment,Low
സർക്കാർ ഭവന അനുവദിക്കൽ വൈകുകയാണ് ദയവായി ഈ വിഷയം പരിശോധിക്കുക.,Housing,Medium
ദയവായി ഇത് പരിഹരിക്കുക. കാർഷിക സബ്സിഡിയെക്കുറിച്ച് വിവരം വേണം ദയവായി ഈ വിഷയം പരിശോധിക്കുക.,Agriculture,Low
ദയവായി ഇത് പരിഹരിക്കുക. എന്റെ വീടിന് പുറത്തുള്ള വൈദ്യുതി തൂൺ കേടായിട്ടുണ്ട് ദയവായി ഈ വിഷയം പരിശോധിക്കുക.,Electricity,Medium
मैं शिकायत करना चाहता हूं कि फसल के नुकसान के लिए सहायता चाहिए,Agriculture,Medium
इस समस्या पर ध्यान दें: मुख्य सड़क पर एक बड़ा गड्ढा है कृपया इस समस्या का समाधान करें।,Roads & Highways,Medium
कृपया मदद करें। औद्योगिक कचरा पास के जल स्रोत में जा रहा है,Environment & Forest,Medium
मेरा नया राशन कार्ड जारी नहीं हुआ है कृपया इस समस्या का समाधान करें।,Food & Civil Supplies,Medium
I want to report that The government online portal is not working Please take necessary action.,e-Governance,Medium
I would like to complain that There is an open garbage dump beside the road Please look into this matter.,Waste Management,High
ദയവായി ഇത് പരിഹരിക്കുക. എനിക്ക് ഈ മാസത്തെ റേഷൻ ലഭിച്ചിട്ടില്ല,Food & Civil Supplies,Low
ഈ പ്രശ്നത്തെക്കുറിച്ച് പരാതി നൽകുന്നു: എന്റെ റേഷൻ കാർഡ് അപേക്ഷ പരിഗണനയിലാണ് ദയവായി ആവശ്യമായ നടപടി സ്വീകരിക്കുക.,Food & Civil Supplies,Low
The school library does not have enough books Please look into this matter.,Education,Low
कृपया मदद करें। सरकारी बसें नियमित रूप से नहीं चल रही हैं कृपया इस समस्या का समाधान करें।,Transport,High
ദയവായി ഇത് പരിഹരിക്കുക. ഞങ്ങളുടെ വീടിന് പുറത്ത് മലിനജലം കെട്ടിക്കിടക്കുന്നു,Drainage & Sewerage,Low
इस समस्या पर ध्यान दें: हमारे इलाके में पानी का दबाव बहुत कम है कृपया आवश्यक कार्रवाई करें।,Water Services,High
தயவுசெய்து உதவுங்கள். சேதமடைந்த சாலையால் விபத்துகள் ஏற்படுகின்றன தயவுசெய்து இந்த பிரச்சனையை தீர்க்கவும்.,Roads & Highways,Low
இந்த பிரச்சனையை கவனிக்கவும்: எனது வேலை இழப்பு உதவி விண்ணப்பம் நிலுவையில் உள்ளது இந்த பிரச்சனையை கவனிக்கவும்.,Labour & Employment,Medium
தயவுசெய்து உதவுங்கள். எங்கள் தெருவில் குடிநீர் விநியோகம் இல்லை தயவுசெய்து தேவையான நடவடிக்கை எடுக்கவும்.,Water Services,Medium
தயவுசெய்து உதவுங்கள். பொது கட்டிடத்தின் ஜன்னல்கள் உடைந்துள்ளன,Public Works,Medium
ദയവായി സഹായിക്കണം. റോഡ് അറ്റകുറ്റപ്പണി വൈകുകയാണ് ദയവായി ഈ പ്രശ്നം പരിഹരിക്കുക.,Roads & Highways,Medium
தயவுசெய்து உதவுங்கள். பேருந்து நிறுத்த நிழற்குடை சேதமடைந்துள்ளது இந்த பிரச்சனையை கவனிக்கவும்.,Transport,Medium
I would like to complain that A major pothole is blocking traffic Please take necessary action.,Roads & Highways,Low
Kindly look into this: The ambulance service is not responding Please take necessary action.,Health,High
ഗ്രാമ വികസന പദ്ധതി നിർത്തിവച്ചിരിക്കുന്നു ദയവായി ഈ പ്രശ്നം പരിഹരിക്കുക.,Rural Development / Panchayat,Low
தயவுசெய்து உதவுங்கள். பொது குழாயில் அழுக்கான தண்ணீர் வருகிறது தயவுசெய்து இந்த பிரச்சனையை தீர்க்கவும்.,Water Services,Medium
இந்த பிரச்சனை குறித்து புகார் அளிக்கிறேன்: அரசு கட்டிடத்தின் வடிகால் பழுதுபார்க்க வேண்டும் இந்த பிரச்சனையை கவனிக்கவும்.,Public Works,High
தயவுசெய்து இதை சரி செய்யுங்கள். எனது ரேஷன் அட்டை விண்ணப்பம் நிலுவையில் உள்ளது இந்த பிரச்சனையை கவனிக்கவும்.,Food & Civil Supplies,Low
ഈ പ്രശ്നം ശ്രദ്ധിക്കുക: സർക്കാർ കുട്ടി സഹായ തുക പരിഗണനയിലാണ് ദയവായി ഈ വിഷയം പരിശോധിക്കുക.,Women & Child Welfare,Medium
தயவுசெய்து உதவுங்கள். கிராம வளர்ச்சி பணி தாமதமாகியுள்ளது தயவுசெய்து இந்த பிரச்சனையை தீர்க்கவும்.,Rural Development / Panchayat,Medium
ദയവായി ഇത് പരിഹരിക്കുക. പൊതു കെട്ടിടത്തിലെ ജനലുകൾ തകർന്നിട്ടുണ്ട് ദയവായി ഈ വിഷയം പരിശോധിക്കുക.,Public Works,High
தயவுசெய்து இதை சரி செய்யுங்கள். எனது மாற்றுத்திறனாளர் உதவித்தொகை தாமதமாகியுள்ளது,Social Welfare,Medium
இந்த பிரச்சனை குறித்து புகார் அளிக்கிறேன்: அரசு மருத்துவமனையில் அத்தியாவசிய மருந்துகள் இல்லை,Health,Low
I need help with a women welfare scheme Kindly resolve this issue.,Women & Child Welfare,High
Please help. Wastewater is overflowing onto the street Please take necessary action.,Drainage & Sewerage,Low
I want to report that The public office has structural damage Please take necessary action.,Public Works,High
தயவுசெய்து இதை சரி செய்யுங்கள். வீட்டு குப்பைகள் எங்கள் வீடுகளுக்கு அருகில் குவிந்துள்ளன இந்த பிரச்சனையை கவனிக்கவும்.,Waste Management,High
தயவுசெய்து இதை சரி செய்யுங்கள். சாலையின் ஓரம் இடிந்து விழுந்துள்ளது தயவுசெய்து தேவையான நடவடிக்கை எடுக்கவும்.,Roads & Highways,High
ഈ പ്രശ്നം ശ്രദ്ധിക്കുക: ശിശു സംരക്ഷണ സേവനം പ്രതികരിക്കുന്നില്ല ദയവായി ഈ പ്രശ്നം പരിഹരിക്കുക.,Women & Child Welfare,Medium
इस समस्या पर ध्यान दें: हमारे गांव के पास की नदी प्रदूषित है कृपया आवश्यक कार्रवाई करें।,Environment & Forest,Low
The street cleaning schedule is not being followed Kindly resolve this issue.,Municipal Corporation,Medium
இந்த பிரச்சனையை கவனிக்கவும்: பொது அலுவலக கட்டிடத்தில் கட்டமைப்பு சேதம் உள்ளது,Public Works,Low
इस समस्या पर ध्यान दें: सरकारी भवन की छत से पानी टपक रहा है कृपया इस मामले को देखें।,Public Works,Medium
தயவுசெய்து உதவுங்கள். பொது கட்டிடத்தின் ஜன்னல்கள் உடைந்துள்ளன தயவுசெய்து தேவையான நடவடிக்கை எடுக்கவும்.,Public Works,High
Please help. My house construction subsidy has not arrived Please look into this matter.,Housing,Low
Please help. My crop has been damaged by pests Please look into this matter.,Agriculture,High
இந்த பிரச்சனை குறித்து புகார் அளிக்கிறேன்: எங்கள் பகுதியில் நேற்று முதல் மின்சாரம் இல்லை தயவுசெய்து தேவையான நடவடிக்கை எடுக்கவும்.,Electricity,High
ഈ പ്രശ്നം ശ്രദ്ധിക്കുക: റേഷൻ കടയിൽ അരി നൽകുന്നില്ല,Food & Civil Supplies,Medium
ദയവായി ഇത് പരിഹരിക്കുക. എനിക്ക് പോലീസിൽ പരാതി നൽകണം ദയവായി ഈ വിഷയം പരിശോധിക്കുക.,Police,Low
ദയവായി ഇത് പരിഹരിക്കുക. ക്ഷേമ ഓഫീസ് മറുപടി നൽകിയിട്ടില്ല,Social Welfare,High
இந்த பிரச்சனையை கவனிக்கவும்: கழிவுநீர் குழாய் அடைத்துள்ளது தயவுசெய்து இந்த பிரச்சனையை தீர்க்கவும்.,Drainage & Sewerage,Medium
People are dumping waste on the roadside,Waste Management,High
ഈ പ്രശ്നം ശ്രദ്ധിക്കുക: ഇന്നലെ മുതൽ ഞങ്ങളുടെ പ്രദേശത്ത് വൈദ്യുതി ഇല്ല ദയവായി ഈ വിഷയം പരിശോധിക്കുക.,Electricity,High
இந்த பிரச்சனையை கவனிக்கவும்: பொது குழாயில் அழுக்கான தண்ணீர் வருகிறது இந்த பிரச்சனையை கவனிக்கவும்.,Water Services,Medium
मेरे भूमि रिकॉर्ड में गलत जानकारी दर्ज है कृपया इस समस्या का समाधान करें।,Revenue & Land Records,High
இந்த பிரச்சனை குறித்து புகார் அளிக்கிறேன்: எங்கள் கிராமத்திற்கு சிறந்த பொது வசதிகள் தேவை தயவுசெய்து தேவையான நடவடிக்கை எடுக்கவும்.,Rural Development / Panchayat,Low
இந்த பிரச்சனை குறித்து புகார் அளிக்கிறேன்: சாலையின் அருகில் திறந்த குப்பை மேடு உள்ளது இந்த பிரச்சனையை கவனிக்கவும்.,Waste Management,High
औद्योगिक इकाई से बहुत अधिक धुआं निकल रहा है कृपया आवश्यक कार्रवाई करें।,Environment & Forest,Medium
I want to report that A sewage manhole is overflowing Kindly resolve this issue.,Drainage & Sewerage,High
कृपया इस समस्या को देखें: मेरी पुलिस शिकायत का अभी तक जवाब नहीं मिला है कृपया इस मामले को देखें।,Police,High
कृपया इस समस्या को देखें: सीवेज मैनहोल से पानी बाहर निकल रहा है,Drainage & Sewerage,Medium
कृपया मदद करें। हमारे इलाके के कूड़ेदान भरकर बाहर निकल रहे हैं कृपया आवश्यक कार्रवाई करें।,Waste Management,High
कृपया मदद करें। राशन दुकानदार अतिरिक्त पैसे मांग रहा है कृपया इस समस्या का समाधान करें।,Food & Civil Supplies,Medium
मैं शिकायत करना चाहता हूं कि हमारे क्षेत्र में पर्याप्त बस सेवाएं नहीं हैं कृपया इस मामले को देखें।,Transport,Medium
Kindly look into this: I need a copy of the land survey map Please take necessary action.,Revenue & Land Records,Low
ദയവായി സഹായിക്കണം. എന്റെ റവന്യൂ സർട്ടിഫിക്കറ്റ് നൽകിയിട്ടില്ല,Revenue & Land Records,Low
कृपया इस समस्या को देखें: हमारे इलाके में अवैध रूप से पेड़ काटे जा रहे हैं कृपया इस समस्या का समाधान करें।,Environment & Forest,Medium
Kindly look into this: The public office has structural damage Please look into this matter.,Public Works,High
വൈദ്യുതി മുടങ്ങിയതിന് ശേഷം വിതരണം പുനഃസ്ഥാപിച്ചിട്ടില്ല ദയവായി ഈ പ്രശ്നം പരിഹരിക്കുക.,Electricity,Low
இந்த பிரச்சனையை கவனிக்கவும்: பள்ளி நூலகத்தில் போதுமான புத்தகங்கள் இல்லை தயவுசெய்து தேவையான நடவடிக்கை எடுக்கவும்.,Education,High
ഈ പ്രശ്നം ശ്രദ്ധിക്കുക: ഞങ്ങളുടെ പ്രദേശത്തെ കമ്മ്യൂണിറ്റി പാർക്ക് ഉപയോഗിക്കാൻ കഴിയുന്നില്ല,Municipal Corporation,Medium
ദയവായി സഹായിക്കണം. ഒരു ഫാക്ടറി ഗുരുതരമായ വായു മലിനീകരണം ഉണ്ടാക്കുന്നു ദയവായി ആവശ്യമായ നടപടി സ്വീകരിക്കുക.,Environment & Forest,Low
தயவுசெய்து உதவுங்கள். எங்கள் பகுதியில் தெருவிளக்குகள் வேலை செய்யவில்லை,Municipal Corporation,High
मैं शिकायत करना चाहता हूं कि पानी की आपूर्ति का समय निर्धारित तरीके से नहीं है कृपया आवश्यक कार्रवाई करें।,Water Services,Medium
कृपया मदद करें। राशन की दुकान पर चावल नहीं दिया जा रहा है कृपया इस मामले को देखें।,Food & Civil Supplies,Medium
இந்த பிரச்சனையை கவனிக்கவும்: அரசு வீட்டு திட்டம் குறித்து தகவல் வேண்டும்,Housing,High
I want to report that There is an open garbage dump beside the road Kindly resolve this issue.,Waste Management,Low
कृपया इस समस्या को देखें: सार्वजनिक कार्यालय की इमारत में संरचनात्मक नुकसान है कृपया इस समस्या का समाधान करें।,Public Works,Medium
ഈ പ്രശ്നത്തെക്കുറിച്ച് പരാതി നൽകുന്നു: വൈദ്യുതി മുടങ്ങിയതിന് ശേഷം വിതരണം പുനഃസ്ഥാപിച്ചിട്ടില്ല,Electricity,Medium
ദയവായി സഹായിക്കണം. മാലിന്യ വാഹനം ഞങ്ങളുടെ പ്രദേശത്ത് വരുന്നത് നിർത്തി ദയവായി ആവശ്യമായ നടപടി സ്വീകരിക്കുക.,Waste Management,Medium
There is a shortage of seeds in our area,Agriculture,Medium
Kindly look into this: My police complaint has not received a response,Police,High
தயவுசெய்து இதை சரி செய்யுங்கள். சேதமடைந்த சாலையால் விபத்துகள் ஏற்படுகின்றன தயவுசெய்து இந்த பிரச்சனையை தீர்க்கவும்.,Roads & Highways,Low
I want to report that There is frequent voltage fluctuation in our locality Please take necessary action.,Electricity,High
அரசு வேலைவாய்ப்பு திட்டத்தில் வேலை கிடைக்கவில்லை தயவுசெய்து இந்த பிரச்சனையை தீர்க்கவும்.,Labour & Employment,Medium
ദയവായി ഇത് പരിഹരിക്കുക. എനിക്ക് തൊഴിൽ ആനുകൂല്യം ലഭിച്ചിട്ടില്ല,Labour & Employment,Low
ഈ പ്രശ്നം ശ്രദ്ധിക്കുക: എന്റെ ക്ഷേമ പദ്ധതി അപേക്ഷ പരിഗണനയിലാണ് ദയവായി ഈ വിഷയം പരിശോധിക്കുക.,Social Welfare,Medium
ഈ പ്രശ്നം ശ്രദ്ധിക്കുക: സർക്കാർ ഭവന പദ്ധതിയെക്കുറിച്ച് വിവരം വേണം ദയവായി ഈ വിഷയം പരിശോധിക്കുക.,Housing,Medium
தயவுசெய்து உதவுங்கள். எனது விண்ணப்பத்தை ஆன்லைனில் சமர்ப்பிக்க முடியவில்லை இந்த பிரச்சனையை கவனிக்கவும்.,e-Governance,Low
ദയവായി സഹായിക്കണം. അനധികൃത മരം മുറിക്കൽ റിപ്പോർട്ട് ചെയ്യണം ദയവായി ഈ പ്രശ്നം പരിഹരിക്കുക.,Environment & Forest,Medium
The hospital lacks basic medical equipment Please look into this matter.,Health,Low
ഈ പ്രശ്നത്തെക്കുറിച്ച് പരാതി നൽകുന്നു: അറിയിപ്പില്ലാതെ ബസ് റൂട്ട് മാറ്റി ദയവായി ഈ വിഷയം പരിശോധിക്കുക.,Transport,Medium
I want to report that The agriculture officer has not visited our village Please look into this matter.,Agriculture,High
कृपया इस समस्या को देखें: हमारे गांव के सामुदायिक भवन को रखरखाव की जरूरत है,Rural Development / Panchayat,Low
ദയവായി ഇത് പരിഹരിക്കുക. ഞങ്ങളുടെ സർക്കാർ സ്കൂളിൽ കമ്പ്യൂട്ടറുകൾ ഇല്ല,Education,Medium
தயவுசெய்து இதை சரி செய்யுங்கள். ஆம்புலன்ஸ் சேவை பதிலளிக்கவில்லை தயவுசெய்து இந்த பிரச்சனையை தீர்க்கவும்.,Health,Medium
தயவுசெய்து இதை சரி செய்யுங்கள். எங்கள் பகுதியில் விதைகள் பற்றாக்குறையாக உள்ளன இந்த பிரச்சனையை கவனிக்கவும்.,Agriculture,Low
ഞങ്ങളുടെ ഗ്രാമത്തിലേക്കുള്ള ബസ് സർവീസ് കുറച്ചു ദയവായി ഈ പ്രശ്നം പരിഹരിക്കുക.,Transport,Low
कृपया इस समस्या को देखें: हमारे इलाके में अवैध रूप से पेड़ काटे जा रहे हैं कृपया आवश्यक कार्रवाई करें।,Environment & Forest,Medium
इस समस्या पर ध्यान दें: मैं ऑनलाइन नागरिक सेवा का उपयोग नहीं कर पा रहा हूं कृपया इस समस्या का समाधान करें।,e-Governance,High
വള വിതരണം വൈകുകയാണ് ദയവായി ഈ വിഷയം പരിശോധിക്കുക.,Agriculture,Medium
I would like to complain that The garbage container near the market is overflowing Kindly resolve this issue.,Waste Management,Medium
हमारे इलाके की सीवर लाइन बंद है कृपया इस मामले को देखें।,Drainage & Sewerage,High
ദയവായി സഹായിക്കണം. എനിക്ക് ഈ മാസത്തെ റേഷൻ ലഭിച്ചിട്ടില്ല ദയവായി ഈ പ്രശ്നം പരിഹരിക്കുക.,Food & Civil Supplies,Medium
தயவுசெய்து உதவுங்கள். பெரிய பள்ளம் போக்குவரத்தை தடுக்கிறது தயவுசெய்து தேவையான நடவடிக்கை எடுக்கவும்.,Roads & Highways,High
कृपया मदद करें। सरकारी स्वास्थ्य केंद्र में डॉक्टर उपलब्ध नहीं हैं कृपया आवश्यक कार्रवाई करें।,Health,High
தயவுசெய்து உதவுங்கள். பெண்கள் நலத்திட்டங்கள் குறித்து தகவல் வேண்டும் தயவுசெய்து இந்த பிரச்சனையை தீர்க்கவும்.,Women & Child Welfare,High
इस समस्या पर ध्यान दें: मेरा नया राशन कार्ड जारी नहीं हुआ है कृपया इस समस्या का समाधान करें।,Food & Civil Supplies,Medium
मैं शिकायत करना चाहता हूं कि मैं अवैध पेड़ कटाई की शिकायत करना चाहता हूं कृपया इस समस्या का समाधान करें।,Environment & Forest,Low
இந்த பிரச்சனை குறித்து புகார் அளிக்கிறேன்: சமூக நலத்திட்டங்கள் குறித்து தகவல் வேண்டும் தயவுசெய்து தேவையான நடவடிக்கை எடுக்கவும்.,Social Welfare,High
I have not received my monthly pension Please look into this matter.,Social Welfare,Low
इस समस्या पर ध्यान दें: मेरा मातृत्व लाभ आवेदन लंबित है,Women & Child Welfare,High
தயவுசெய்து உதவுங்கள். சாலையின் அருகே மின்கம்பி ஆபத்தான நிலையில் தொங்குகிறது,Electricity,High
Please help. My ration card contains incorrect details Please take necessary action.,Food & Civil Supplies,High
इस समस्या पर ध्यान दें: हमारे इलाके के कूड़ेदान भरकर बाहर निकल रहे हैं,Waste Management,Medium
I want to report that Water has not reached our street since yesterday Please take necessary action.,Water Services,Medium
ഞങ്ങളുടെ ഗ്രാമത്തിലേക്കുള്ള ബസ് സർവീസ് കുറച്ചു,Transport,Low
ഇന്നലെ മുതൽ ഞങ്ങളുടെ പ്രദേശത്ത് വൈദ്യുതി ഇല്ല ദയവായി ഈ പ്രശ്നം പരിഹരിക്കുക.,Electricity,Critical
ദയവായി ഇത് പരിഹരിക്കുക. സാമൂഹിക ക്ഷേമ പദ്ധതികളെക്കുറിച്ച് വിവരം വേണം ദയവായി ഈ വിഷയം പരിശോധിക്കുക.,Social Welfare,Medium
இந்த பிரச்சனையை கவனிக்கவும்: எங்கள் பகுதியில் போதுமான பேருந்து சேவைகள் இல்லை தயவுசெய்து தேவையான நடவடிக்கை எடுக்கவும்.,Transport,Low
தயவுசெய்து உதவுங்கள். என் மின்சார கட்டணத்தில் தவறான அளவு காட்டப்பட்டுள்ளது தயவுசெய்து இந்த பிரச்சனையை தீர்க்கவும்.,Electricity,Medium
ഞങ്ങളുടെ പ്രദേശത്തെ മാലിന്യപ്പെട്ടികൾ നിറഞ്ഞുകവിഞ്ഞു ദയവായി ഈ പ്രശ്നം പരിഹരിക്കുക.,Waste Management,Low
ദയവായി ഇത് പരിഹരിക്കുക. ഗ്രാമ റോഡ് വികസന പ്രവർത്തനം പൂർത്തിയായിട്ടില്ല ദയവായി ഈ പ്രശ്നം പരിഹരിക്കുക.,Rural Development / Panchayat,Medium
कृपया इस समस्या को देखें: हमारे इलाके में अवैध रूप से पेड़ काटे जा रहे हैं कृपया इस मामले को देखें।,Environment & Forest,Low
मैं शिकायत करना चाहता हूं कि सरकारी छात्रावास में बेहतर सुविधाओं की जरूरत है कृपया इस मामले को देखें।,Education,High
தயவுசெய்து உதவுங்கள். நில உரிமை பதிவை புதுப்பிக்க வேண்டும் இந்த பிரச்சனையை கவனிக்கவும்.,Revenue & Land Records,Medium
कृपया इस समस्या को देखें: मैं ऑनलाइन नागरिक सेवा का उपयोग नहीं कर पा रहा हूं,e-Governance,Medium
കാർഷിക സബ്സിഡിയെക്കുറിച്ച് വിവരം വേണം ദയവായി ഈ പ്രശ്നം പരിഹരിക്കുക.,Agriculture,Low
इस समस्या पर ध्यान दें: बिजली कटने के बाद आपूर्ति अभी तक बहाल नहीं हुई है,Electricity,Low
Please help. Uncollected garbage is causing a bad smell Please take necessary action.,Waste Management,Medium
कृपया मदद करें। मेरे बिजली बिल में गलत रीडिंग दिखाई गई है कृपया इस मामले को देखें।,Electricity,Medium
ഈ പ്രശ്നത്തെക്കുറിച്ച് പരാതി നൽകുന്നു: ഒരു തർക്കത്തിന് പോലീസ് സഹായം ആവശ്യമാണ് ദയവായി ഈ വിഷയം പരിശോധിക്കുക.,Police,Medium
தயவுசெய்து இதை சரி செய்யுங்கள். பொது கட்டிடத்தின் கதவுகள் சேதமடைந்துள்ளன இந்த பிரச்சனையை கவனிக்கவும்.,Public Works,Low
பொது கட்டிடத்தின் ஜன்னல்கள் உடைந்துள்ளன இந்த பிரச்சனையை கவனிக்கவும்.,Public Works,High
സർക്കാർ ബസ് സമയക്രമം പാലിക്കുന്നില്ല ദയവായി ഈ പ്രശ്നം പരിഹരിക്കുക.,Transport,Medium
मैं शिकायत करना चाहता हूं कि मैं अपना सरकारी प्रमाणपत्र डाउनलोड नहीं कर सकता कृपया इस समस्या का समाधान करें।,e-Governance,Low
தயவுசெய்து இதை சரி செய்யுங்கள். மேல்நிலை நீர்த்தேக்க தொட்டிக்கு தண்ணீர் வரவில்லை,Water Services,Low
ദയവായി ഇത് പരിഹരിക്കുക. ട്രാൻസ്പോർട്ട് പാസ് അപേക്ഷ വൈകുകയാണ്,Transport,Medium
कृपया इस समस्या को देखें: स्कूल की लाइब्रेरी में पर्याप्त किताबें नहीं हैं कृपया इस समस्या का समाधान करें।,Education,Medium
தயவுசெய்து உதவுங்கள். எனது காவல் புகாருக்கு இன்னும் பதில் கிடைக்கவில்லை,Police,Medium
இந்த பிரச்சனை குறித்து புகார் அளிக்கிறேன்: எங்கள் வயலுக்கான பாசன கால்வாய் சேதமடைந்துள்ளது இந்த பிரச்சனையை கவனிக்கவும்.,Agriculture,Medium
ദയവായി സഹായിക്കണം. എന്റെ കർഷക സബ്സിഡി അപേക്ഷ പരിഗണനയിലാണ്,Agriculture,Medium
ദയവായി ഇത് പരിഹരിക്കുക. എന്റെ അപേക്ഷ ഓൺലൈനായി സമർപ്പിക്കാൻ കഴിയുന്നില്ല ദയവായി ഈ പ്രശ്നം പരിഹരിക്കുക.,e-Governance,High
इस समस्या पर ध्यान दें: मेरे श्रमिक कल्याण आवेदन पर कार्रवाई नहीं हुई है कृपया आवश्यक कार्रवाई करें।,Labour & Employment,Medium
कृपया मदद करें। जंगल के पास अवैध रूप से कचरा डाला जा रहा है कृपया इस मामले को देखें।,Environment & Forest,Medium
इस समस्या पर ध्यान दें: सरकारी क्लिनिक काम के समय में खुला नहीं है कृपया इस समस्या का समाधान करें।,Health,Medium
இந்த பிரச்சனை குறித்து புகார் அளிக்கிறேன்: தொழிற்சாலை கழிவுகள் அருகிலுள்ள நீர்நிலைக்குள் செல்கின்றன தயவுசெய்து இந்த பிரச்சனையை தீர்க்கவும்.,Environment & Forest,Low
இந்த பிரச்சனையை கவனிக்கவும்: எனது விவசாய மானிய விண்ணப்பம் நிலுவையில் உள்ளது தயவுசெய்து தேவையான நடவடிக்கை எடுக்கவும்.,Agriculture,High
ദയവായി സഹായിക്കണം. മലിനജലം ഞങ്ങളുടെ പ്രദേശത്തേക്ക് ഒഴുകുന്നു,Drainage & Sewerage,Medium
Our electricity connection keeps getting interrupted Please look into this matter.,Electricity,Medium
कृपया मदद करें। बिना सूचना के बस मार्ग बदल दिया गया है कृपया आवश्यक कार्रवाई करें।,Transport,Medium
हमारे क्षेत्र में पर्याप्त बस सेवाएं नहीं हैं,Transport,High
இந்த பிரச்சனையை கவனிக்கவும்: எனது வாகனம் திருடப்பட்டுள்ளது தயவுசெய்து தேவையான நடவடிக்கை எடுக்கவும்.,Police,Critical
Kindly look into this: A factory is causing serious air pollution,Environment & Forest,High
इस समस्या पर ध्यान दें: हमारे क्षेत्र का सामुदायिक पार्क उपयोग के लायक नहीं है कृपया इस मामले को देखें।,Municipal Corporation,Medium
ദയവായി ഇത് പരിഹരിക്കുക. സർക്കാർ പോർട്ടൽ വളരെ മന്ദഗതിയിലാണ് ദയവായി ആവശ്യമായ നടപടി സ്വീകരിക്കുക.,e-Governance,Low
தயவுசெய்து இதை சரி செய்யுங்கள். தொழிற்சாலை கழிவுகள் அருகிலுள்ள நீர்நிலைக்குள் செல்கின்றன இந்த பிரச்சனையை கவனிக்கவும்.,Environment & Forest,High
தயவுசெய்து இதை சரி செய்யுங்கள். சாலையின் அருகில் திறந்த குப்பை மேடு உள்ளது இந்த பிரச்சனையை கவனிக்கவும்.,Waste Management,Low
मुझे सार्वजनिक परिवहन सेवाओं की जानकारी चाहिए कृपया इस मामले को देखें।,Transport,Medium
कृपया इस समस्या को देखें: मैं ऑनलाइन नागरिक सेवा का उपयोग नहीं कर पा रहा हूं कृपया आवश्यक कार्रवाई करें।,e-Governance,High
ഈ പ്രശ്നത്തെക്കുറിച്ച് പരാതി നൽകുന്നു: ഞങ്ങളുടെ വയലിലേക്കുള്ള ജലസേചന കനാൽ കേടായിട്ടുണ്ട് ദയവായി ആവശ്യമായ നടപടി സ്വീകരിക്കുക.,Agriculture,Medium
எங்கள் தெருவில் குடிநீர் விநியோகம் இல்லை,Water Services,High
இந்த பிரச்சனை குறித்து புகார் அளிக்கிறேன்: அரசு கட்டிடத்திற்கு அவசர பராமரிப்பு தேவை தயவுசெய்து இந்த பிரச்சனையை தீர்க்கவும்.,Public Works,High
सरकारी भवन की छत से पानी टपक रहा है कृपया इस मामले को देखें।,Public Works,Medium
இந்த பிரச்சனையை கவனிக்கவும்: உர விநியோகம் தாமதமாகியுள்ளது தயவுசெய்து தேவையான நடவடிக்கை எடுக்கவும்.,Agriculture,Low
कृपया मदद करें। कारखाने से ध्वनि प्रदूषण हो रहा है,Environment & Forest,Medium
My student scholarship application is pending,Education,High
मुझे भूमि स्वामित्व रिकॉर्ड अपडेट करना है,Revenue & Land Records,High
I want to report that The nutrition service for children is unavailable Please take necessary action.,Women & Child Welfare,High
I would like to complain that The government website is showing an error Kindly resolve this issue.,e-Governance,High
தயவுசெய்து உதவுங்கள். எங்கள் கிராமத்திற்கு சிறந்த பொது வசதிகள் தேவை இந்த பிரச்சனையை கவனிக்கவும்.,Rural Development / Panchayat,High
हमारे क्षेत्र में बीजों की कमी है कृपया आवश्यक कार्रवाई करें।,Agriculture,Medium
இந்த பிரச்சனை குறித்து புகார் அளிக்கிறேன்: பேருந்து நிறுத்த நிழற்குடை சேதமடைந்துள்ளது தயவுசெய்து தேவையான நடவடிக்கை எடுக்கவும்.,Transport,Low
इस समस्या पर ध्यान दें: सड़क के किनारे खुले में कचरा पड़ा है कृपया इस समस्या का समाधान करें।,Waste Management,Medium
Our electricity connection keeps getting interrupted Kindly resolve this issue.,Electricity,Medium
कृपया इस समस्या को देखें: सरकारी भवन की छत से पानी टपक रहा है,Public Works,Medium
कृपया मदद करें। मेरा प्रवेश आवेदन अभी भी लंबित है कृपया आवश्यक कार्रवाई करें।,Education,Medium
ഈ പ്രശ്നം ശ്രദ്ധിക്കുക: ഞങ്ങളുടെ വീടിന് പുറത്ത് മലിനജലം കെട്ടിക്കിടക്കുന്നു ദയവായി ആവശ്യമായ നടപടി സ്വീകരിക്കുക.,Drainage & Sewerage,Medium
அரசு மருத்துவமனையில் அத்தியாவசிய மருந்துகள் இல்லை இந்த பிரச்சனையை கவனிக்கவும்.,Health,Medium
ദയവായി സഹായിക്കണം. വനമേഖല കൈയേറുന്നു ദയവായി ആവശ്യമായ നടപടി സ്വീകരിക്കുക.,Environment & Forest,Medium
मैं शिकायत करना चाहता हूं कि औद्योगिक कचरा पास के जल स्रोत में जा रहा है,Environment & Forest,Low
ஆன்லைன் சேவை அடிக்கடி செயலிழக்கிறது தயவுசெய்து தேவையான நடவடிக்கை எடுக்கவும்.,e-Governance,Medium
ദയവായി ഇത് പരിഹരിക്കുക. ഞങ്ങളുടെ തെരുവിൽ നിന്ന് മാലിന്യം ശേഖരിക്കുന്നില്ല ദയവായി ആവശ്യമായ നടപടി സ്വീകരിക്കുക.,Waste Management,High
कृपया मदद करें। मुझे धमकी भरा संदेश मिला है कृपया इस समस्या का समाधान करें।,Police,Critical
कृपया इस समस्या को देखें: सरकारी स्कूल में पर्याप्त शिक्षक नहीं हैं कृपया इस समस्या का समाधान करें।,Education,High
The bus shelter is damaged Kindly resolve this issue.,Transport,Medium
റോഡിന്റെ വശം ഇടിഞ്ഞുപോയി,Roads & Highways,Medium
सड़क के किनारे खुले में कचरा पड़ा है,Waste Management,Medium
தயவுசெய்து உதவுங்கள். குடிநீர் குழாயில் தண்ணீர் வரவில்லை தயவுசெய்து இந்த பிரச்சனையை தீர்க்கவும்.,Water Services,Medium
Please help. I need assistance from the women welfare department,Women & Child Welfare,Medium
I want to report that I cannot submit my application online Please take necessary action.,e-Governance,High
Kindly look into this: I need information about employment schemes,Labour & Employment,Medium
എന്റെ പോലീസ് പരാതിക്ക് ഇതുവരെ മറുപടി ലഭിച്ചിട്ടില്ല ദയവായി ആവശ്യമായ നടപടി സ്വീകരിക്കുക.,Police,Low
ഈ പ്രശ്നത്തെക്കുറിച്ച് പരാതി നൽകുന്നു: മഴക്കാലത്ത് റോഡ് വളരെ അപകടകരമാണ് ദയവായി ഈ പ്രശ്നം പരിഹരിക്കുക.,Roads & Highways,Medium
मैं शिकायत करना चाहता हूं कि कारखाने से ध्वनि प्रदूषण हो रहा है कृपया इस मामले को देखें।,Environment & Forest,Medium
ദയവായി ഇത് പരിഹരിക്കുക. എന്റെ തൊഴിലാളി ക്ഷേമ അപേക്ഷയിൽ നടപടി ഉണ്ടായിട്ടില്ല ദയവായി ഈ പ്രശ്നം പരിഹരിക്കുക.,Labour & Employment,Low
कृपया मदद करें। हमारे इलाके की स्ट्रीट लाइटें काम नहीं कर रही हैं कृपया आवश्यक कार्रवाई करें।,Municipal Corporation,High
Please help. My child welfare application has been delayed Please take necessary action.,Women & Child Welfare,Low
ദയവായി ഇത് പരിഹരിക്കുക. മലിനജലം തെരുവിലേക്ക് ഒഴുകുന്നു,Drainage & Sewerage,Medium
Kindly look into this: My labour registration application is pending Kindly resolve this issue.,Labour & Employment,Medium
ദയവായി ഇത് പരിഹരിക്കുക. എനിക്ക് ഭവന പദ്ധതിയുടെ ആനുകൂല്യം ലഭിച്ചിട്ടില്ല ദയവായി ഈ പ്രശ്നം പരിഹരിക്കുക.,Housing,Medium
ഞങ്ങളുടെ പ്രദേശത്തെ പൊതു ശൗചാലയം പരിപാലിക്കുന്നില്ല ദയവായി ഈ വിഷയം പരിശോധിക്കുക.,Municipal Corporation,Medium
இந்த பிரச்சனை குறித்து புகார் அளிக்கிறேன்: எங்கள் கிராம சமூக கூடத்திற்கு பராமரிப்பு தேவை,Rural Development / Panchayat,Low
इस समस्या पर ध्यान दें: सड़क की मरम्मत का काम देर से हो रहा है कृपया आवश्यक कार्रवाई करें।,Roads & Highways,Medium
இந்த பிரச்சனை குறித்து புகார் அளிக்கிறேன்: எனது தொழிலாளர் பதிவு விண்ணப்பம் நிலுவையில் உள்ளது இந்த பிரச்சனையை கவனிக்கவும்.,Labour & Employment,Low
தயவுசெய்து இதை சரி செய்யுங்கள். காட்டிற்கு அருகில் சட்டவிரோதமாக கழிவுகள் கொட்டப்படுகின்றன தயவுசெய்து தேவையான நடவடிக்கை எடுக்கவும்.,Environment & Forest,Low
இந்த பிரச்சனை குறித்து புகார் அளிக்கிறேன்: கழிவுநீரால் துர்நாற்றம் ஏற்படுகிறது,Drainage & Sewerage,High
ഈ പ്രശ്നത്തെക്കുറിച്ച് പരാതി നൽകുന്നു: പൊതു കെട്ടിടത്തിന്റെ ചുമരുകളിൽ വിള്ളലുകൾ ഉണ്ട്,Public Works,High
There is a dispute that requires police assistance Please take necessary action.,Police,High
My digital application has not been processed Kindly resolve this issue.,e-Governance,Medium
ആശുപത്രിയിൽ അടിസ്ഥാന മെഡിക്കൽ ഉപകരണങ്ങൾ ഇല്ല,Health,High
मेरी संपत्ति के सर्वेक्षण विवरण गलत हैं कृपया इस मामले को देखें।,Revenue & Land Records,Medium
इस समस्या पर ध्यान दें: मुझे सार्वजनिक परिवहन सेवाओं की जानकारी चाहिए कृपया इस मामले को देखें।,Transport,Medium
இந்த பிரச்சனையை கவனிக்கவும்: எனது டிஜிட்டல் விண்ணப்பம் செயல்படுத்தப்படவில்லை தயவுசெய்து இந்த பிரச்சனையை தீர்க்கவும்.,e-Governance,High
ഈ പ്രശ്നത്തെക്കുറിച്ച് പരാതി നൽകുന്നു: പൊതു ഓഫീസ് കെട്ടിടത്തിൽ ഘടനാപരമായ കേടുപാടുണ്ട്,Public Works,Medium
कृपया इस समस्या को देखें: हमारी सड़क के पास ट्रांसफार्मर से अजीब आवाज आ रही है,Electricity,Low
தயவுசெய்து இதை சரி செய்யுங்கள். எங்கள் பகுதியில் உள்ள குப்பைத் தொட்டிகள் நிரம்பி வழிகின்றன தயவுசெய்து தேவையான நடவடிக்கை எடுக்கவும்.,Waste Management,Medium
தயவுசெய்து உதவுங்கள். ஆன்லைன் குடிமக்கள் சேவையை அணுக முடியவில்லை,e-Governance,Medium
मैं शिकायत करना चाहता हूं कि पानी की आपूर्ति का समय निर्धारित तरीके से नहीं है,Water Services,Medium
ഈ പ്രശ്നത്തെക്കുറിച്ച് പരാതി നൽകുന്നു: സർക്കാർ കുട്ടി സഹായ തുക പരിഗണനയിലാണ് ദയവായി ആവശ്യമായ നടപടി സ്വീകരിക്കുക.,Women & Child Welfare,Low
I would like to complain that The road repair work has been delayed Kindly resolve this issue.,Roads & Highways,Medium
Please help. Our neighborhood experiences daily power cuts Please look into this matter.,Electricity,Medium
ദയവായി ഇത് പരിഹരിക്കുക. എന്റെ ഡിജിറ്റൽ അപേക്ഷയിൽ നടപടി ഉണ്ടായിട്ടില്ല ദയവായി ഈ വിഷയം പരിശോധിക്കുക.,e-Governance,Low
இந்த பிரச்சனையை கவனிக்கவும்: நலத்துறை அலுவலகம் பதிலளிக்கவில்லை தயவுசெய்து தேவையான நடவடிக்கை எடுக்கவும்.,Social Welfare,Medium
मुझे सरकारी आवास योजना की जानकारी चाहिए,Housing,High
कृपया इस समस्या को देखें: हमारे क्षेत्र का सार्वजनिक पार्क ठीक से साफ नहीं किया जाता कृपया इस समस्या का समाधान करें।,Municipal Corporation,High
சாலையின் அருகில் திறந்த குப்பை மேடு உள்ளது,Waste Management,Low
இந்த பிரச்சனையை கவனிக்கவும்: எங்கள் பகுதியில் உள்ள பேருந்து நிறுத்தத்திற்கு பராமரிப்பு தேவை தயவுசெய்து தேவையான நடவடிக்கை எடுக்கவும்.,Transport,Low
Kindly look into this: The rural development project has stopped Please take necessary action.,Rural Development / Panchayat,Medium
ഈ പ്രശ്നത്തെക്കുറിച്ച് പരാതി നൽകുന്നു: പഞ്ചായത്ത് ഓഫീസ് ഞങ്ങളുടെ പരാതിക്ക് മറുപടി നൽകിയിട്ടില്ല ദയവായി ആവശ്യമായ നടപടി സ്വീകരിക്കുക.,Rural Development / Panchayat,Low
தயவுசெய்து உதவுங்கள். அழுக்கான கழிவுநீர் எங்கள் பகுதியில் வருகிறது தயவுசெய்து இந்த பிரச்சனையை தீர்க்கவும்.,Drainage & Sewerage,High
மின்தடைக்குப் பிறகு மின்சாரம் மீண்டும் வழங்கப்படவில்லை இந்த பிரச்சனையை கவனிக்கவும்.,Electricity,Medium
Kindly look into this: The bus route has been changed without notice,Transport,Medium
Our village needs better basic infrastructure,Rural Development / Panchayat,Medium
Waste collection has been irregular in our neighborhood Kindly resolve this issue.,Waste Management,Low
இந்த பிரச்சனையை கவனிக்கவும்: எங்கள் பள்ளியில் சரியான வகுப்பறை வசதிகள் இல்லை தயவுசெய்து இந்த பிரச்சனையை தீர்க்கவும்.,Education,Medium
कृपया इस समस्या को देखें: मुझे भूमि स्वामित्व रिकॉर्ड अपडेट करना है,Revenue & Land Records,Medium
தயவுசெய்து இதை சரி செய்யுங்கள். எங்கள் பகுதியில் உள்ள பொது கழிப்பிடம் பராமரிக்கப்படவில்லை இந்த பிரச்சனையை கவனிக்கவும்.,Municipal Corporation,Low
இந்த பிரச்சனையை கவனிக்கவும்: பெரிய பள்ளம் போக்குவரத்தை தடுக்கிறது தயவுசெய்து இந்த பிரச்சனையை தீர்க்கவும்.,Roads & Highways,Medium
இந்த பிரச்சனை குறித்து புகார் அளிக்கிறேன்: எங்கள் பகுதியில் குடிநீர் பற்றாக்குறை உள்ளது தயவுசெய்து தேவையான நடவடிக்கை எடுக்கவும்.,Water Services,Low
ദയവായി ഇത് പരിഹരിക്കുക. സർക്കാർ ആശുപത്രിയിൽ കിടക്കകൾ ലഭ്യമല്ല ദയവായി ആവശ്യമായ നടപടി സ്വീകരിക്കുക.,Health,Medium
தயவுசெய்து உதவுங்கள். நலத்திட்டத்திற்கு விண்ணப்பிக்க உதவி வேண்டும்,Social Welfare,Low
இந்த பிரச்சனை குறித்து புகார் அளிக்கிறேன்: அழுக்கான கழிவுநீர் எங்கள் பகுதியில் வருகிறது தயவுசெய்து இந்த பிரச்சனையை தீர்க்கவும்.,Drainage & Sewerage,Medium
ഈ പ്രശ്നം ശ്രദ്ധിക്കുക: ഡ്രെയിനേജ് വെള്ളം ദുർഗന്ധം ഉണ്ടാക്കുന്നു ദയവായി ഈ വിഷയം പരിശോധിക്കുക.,Drainage & Sewerage,High
எங்கள் தெருவின் அருகே சட்டவிரோத செயல்கள் நடக்கின்றன தயவுசெய்து இந்த பிரச்சனையை தீர்க்கவும்.,Police,Low
मैं शिकायत करना चाहता हूं कि मुझे आवास योजना के आवेदन में सहायता चाहिए कृपया आवश्यक कार्रवाई करें।,Housing,Medium
தயவுசெய்து உதவுங்கள். எங்கள் அரசுப் பள்ளியில் கணினிகள் இல்லை தயவுசெய்து இந்த பிரச்சனையை தீர்க்கவும்.,Education,Medium
தயவுசெய்து இதை சரி செய்யுங்கள். பட்டா மாற்ற விண்ணப்பம் நிலுவையில் உள்ளது தயவுசெய்து தேவையான நடவடிக்கை எடுக்கவும்.,Revenue & Land Records,High
Kindly look into this: The public building has damaged doors Kindly resolve this issue.,Public Works,Medium
ദയവായി ഇത് പരിഹരിക്കുക. പൊതു പൈപ്പിലൂടെ മലിനമായ വെള്ളം വരുന്നു ദയവായി ആവശ്യമായ നടപടി സ്വീകരിക്കുക.,Water Services,Medium
ഭൂഗർഭ ഡ്രെയിനേജ് സംവിധാനം അടഞ്ഞിരിക്കുന്നു ദയവായി ആവശ്യമായ നടപടി സ്വീകരിക്കുക.,Drainage & Sewerage,Low
ദയവായി ഇത് പരിഹരിക്കുക. വലിയ കുഴി ഗതാഗതത്തെ തടസ്സപ്പെടുത്തുന്നു ദയവായി ഈ വിഷയം പരിശോധിക്കുക.,Roads & Highways,Medium
தயவுசெய்து உதவுங்கள். எனது மாற்றுத்திறனாளர் உதவித்தொகை தாமதமாகியுள்ளது இந்த பிரச்சனையை கவனிக்கவும்.,Social Welfare,Medium
Kindly look into this: Our neighborhood experiences daily power cuts,Electricity,Medium
राजमार्ग पर कई दरारें हैं कृपया इस समस्या का समाधान करें।,Roads & Highways,Medium
Kindly look into this: There are cracks across the highway Kindly resolve this issue.,Roads & Highways,Low
இந்த பிரச்சனையை கவனிக்கவும்: எங்கள் பகுதியில் அடிக்கடி மின்னழுத்த ஏற்ற இறக்கம் ஏற்படுகிறது தயவுசெய்து இந்த பிரச்சனையை தீர்க்கவும்.,Electricity,High
தயவுசெய்து உதவுங்கள். பொது குடிநீர் குழாயில் கசிவு உள்ளது இந்த பிரச்சனையை கவனிக்கவும்.,Water Services,Low
इस समस्या पर ध्यान दें: मुझे महिला कल्याण योजना में सहायता चाहिए,Women & Child Welfare,Low
Our residential area needs better municipal services Please look into this matter.,Municipal Corporation,Medium
இந்த பிரச்சனையை கவனிக்கவும்: வீட்டு திட்ட விண்ணப்பத்திற்கு உதவி வேண்டும் இந்த பிரச்சனையை கவனிக்கவும்.,Housing,Medium
இந்த பிரச்சனையை கவனிக்கவும்: தொழிற்சாலையால் ஒலி மாசு ஏற்படுகிறது,Environment & Forest,Medium
I want to report that My affordable housing application is pending Kindly resolve this issue.,Housing,Medium
தயவுசெய்து உதவுங்கள். பெரிய பள்ளம் போக்குவரத்தை தடுக்கிறது தயவுசெய்து இந்த பிரச்சனையை தீர்க்கவும்.,Roads & Highways,Medium
इस समस्या पर ध्यान दें: आवास विभाग ने जवाब नहीं दिया है,Housing,Medium
ഈ പ്രശ്നത്തെക്കുറിച്ച് പരാതി നൽകുന്നു: എന്റെ ഭവന സഹായ അപേക്ഷ പരിഗണനയിലാണ്,Housing,Low
इस समस्या पर ध्यान दें: पंचायत ने गांव की सुविधाओं की मरम्मत नहीं की है कृपया इस समस्या का समाधान करें।,Rural Development / Panchayat,Medium
कृपया इस समस्या को देखें: पंचायत विकास निधि का उपयोग नहीं किया गया है कृपया आवश्यक कार्रवाई करें।,Rural Development / Panchayat,Medium
Please help. The electricity meter is not functioning correctly Please look into this matter.,Electricity,High
தயவுசெய்து இதை சரி செய்யுங்கள். அரசு அலுவலக கட்டிடத்திற்கு பழுது பார்க்க வேண்டும் இந்த பிரச்சனையை கவனிக்கவும்.,Public Works,High
தயவுசெய்து உதவுங்கள். எங்கள் பகுதியில் உள்ள குழந்தை பராமரிப்பு மையம் செயல்படவில்லை,Women & Child Welfare,Low
தயவுசெய்து இதை சரி செய்யுங்கள். அரசு வேலைவாய்ப்பு திட்டத்தில் வேலை கிடைக்கவில்லை தயவுசெய்து தேவையான நடவடிக்கை எடுக்கவும்.,Labour & Employment,Low
ഈ പ്രശ്നം ശ്രദ്ധിക്കുക: എന്റെ വാഹനം മോഷണം പോയി ദയവായി ആവശ്യമായ നടപടി സ്വീകരിക്കുക.,Police,High
कृपया मदद करें। मेरे ऑनलाइन आवेदन की स्थिति नहीं बदली है कृपया इस समस्या का समाधान करें।,e-Governance,Medium
ദയവായി ഇത് പരിഹരിക്കുക. എന്റെ റവന്യൂ സർട്ടിഫിക്കറ്റ് നൽകിയിട്ടില്ല,Revenue & Land Records,Low
I want to report that The housing department has not responded Kindly resolve this issue.,Housing,Medium
ഈ പ്രശ്നം ശ്രദ്ധിക്കുക: പൊതു പൈപ്പിലൂടെ മലിനമായ വെള്ളം വരുന്നു ദയവായി ആവശ്യമായ നടപടി സ്വീകരിക്കുക.,Water Services,Medium
कृपया इस समस्या को देखें: राशन दुकानदार अतिरिक्त पैसे मांग रहा है कृपया आवश्यक कार्रवाई करें।,Food & Civil Supplies,High
कृपया इस समस्या को देखें: मैं अपना सरकारी प्रमाणपत्र डाउनलोड नहीं कर सकता,e-Governance,Medium
ദയവായി സഹായിക്കണം. കുട്ടികൾക്കുള്ള പോഷകാഹാര സേവനം ലഭ്യമല്ല ദയവായി ഈ പ്രശ്നം പരിഹരിക്കുക.,Women & Child Welfare,Medium
ദയവായി സഹായിക്കണം. പൊതു ടാപ്പ് പ്രവർത്തിക്കുന്നില്ല ദയവായി ഈ പ്രശ്നം പരിഹരിക്കുക.,Water Services,Low
कृपया मदद करें। सड़क का किनारा टूट गया है कृपया इस समस्या का समाधान करें।,Roads & Highways,High
ദയവായി ഇത് പരിഹരിക്കുക. എന്റെ തൊഴിലാളി ക്ഷേമ അപേക്ഷയിൽ നടപടി ഉണ്ടായിട്ടില്ല ദയവായി ഈ വിഷയം പരിശോധിക്കുക.,Labour & Employment,Low
I want to report that A sewage manhole is overflowing Please take necessary action.,Drainage & Sewerage,Critical
ഈ പ്രശ്നത്തെക്കുറിച്ച് പരാതി നൽകുന്നു: റോഡിന്റെ വശം ഇടിഞ്ഞുപോയി ദയവായി ആവശ്യമായ നടപടി സ്വീകരിക്കുക.,Roads & Highways,Medium
ഈ പ്രശ്നത്തെക്കുറിച്ച് പരാതി നൽകുന്നു: പ്രധാന റോഡ് പുനർനിർമ്മിക്കണം,Roads & Highways,Medium
I want to report that I have not received my monthly ration,Food & Civil Supplies,High
I would like to complain that My vehicle has been stolen Kindly resolve this issue.,Police,High
இந்த பிரச்சனை குறித்து புகார் அளிக்கிறேன்: எங்கள் பகுதியில் குடிநீர் பற்றாக்குறை உள்ளது,Water Services,Medium
ദയവായി സഹായിക്കണം. തൊഴിൽ പദ്ധതികളെക്കുറിച്ച് വിവരം വേണം ദയവായി ഈ പ്രശ്നം പരിഹരിക്കുക.,Labour & Employment,High
ഈ പ്രശ്നം ശ്രദ്ധിക്കുക: എനിക്ക് തൊഴിൽ ആനുകൂല്യം ലഭിച്ചിട്ടില്ല ദയവായി ഈ പ്രശ്നം പരിഹരിക്കുക.,Labour & Employment,Low
I would like to complain that The road repair work has been delayed,Roads & Highways,Medium
இந்த பிரச்சனை குறித்து புகார் அளிக்கிறேன்: எங்கள் பகுதியில் உள்ள பொது கழிப்பிடம் பராமரிக்கப்படவில்லை இந்த பிரச்சனையை கவனிக்கவும்.,Municipal Corporation,Medium
ദയവായി ഇത് പരിഹരിക്കുക. സർക്കാർ ഭവന പദ്ധതിയെക്കുറിച്ച് വിവരം വേണം,Housing,Low
தொழிற்சாலையில் இருந்து அதிக புகை வருகிறது,Environment & Forest,High
വ്യവസായ മാലിന്യം സമീപത്തെ ജലാശയത്തിലേക്ക് ഒഴുകുന്നു,Environment & Forest,Low
Kindly look into this: The bus route has been changed without notice Kindly resolve this issue.,Transport,Low
இந்த பிரச்சனையை கவனிக்கவும்: அரசு விடுதிக்கு சிறந்த வசதிகள் தேவை தயவுசெய்து தேவையான நடவடிக்கை எடுக்கவும்.,Education,Low
தயவுசெய்து இதை சரி செய்யுங்கள். குப்பை தொட்டிகள் நிரம்பி உள்ளன தயவுசெய்து இந்த பிரச்சனையை தீர்க்கவும்.,Waste Management,Medium
I would like to complain that The ration dealer is charging extra money,Food & Civil Supplies,High
ഈ പ്രശ്നത്തെക്കുറിച്ച് പരാതി നൽകുന്നു: ഞങ്ങളുടെ താമസ പ്രദേശത്ത് മികച്ച മുനിസിപ്പൽ സേവനങ്ങൾ ആവശ്യമാണ് ദയവായി ഈ പ്രശ്നം പരിഹരിക്കുക.,Municipal Corporation,Medium
The nutrition service for children is unavailable Kindly resolve this issue.,Women & Child Welfare,Medium
ഈ പ്രശ്നം ശ്രദ്ധിക്കുക: എന്റെ പുതിയ റേഷൻ കാർഡ് നൽകിയിട്ടില്ല ദയവായി ആവശ്യമായ നടപടി സ്വീകരിക്കുക.,Food & Civil Supplies,Medium
कृपया इस समस्या को देखें: सार्वजनिक कार्यालय की इमारत में संरचनात्मक नुकसान है कृपया आवश्यक कार्रवाई करें।,Public Works,Medium
ഈ പ്രശ്നം ശ്രദ്ധിക്കുക: സ്കൂൾ ലൈബ്രറിയിൽ മതിയായ പുസ്തകങ്ങൾ ഇല്ല ദയവായി ആവശ്യമായ നടപടി സ്വീകരിക്കുക.,Education,Medium
ഞങ്ങളുടെ പ്രദേശത്തെ തെരുവ് വിളക്കുകൾ പ്രവർത്തിക്കുന്നില്ല ദയവായി ആവശ്യമായ നടപടി സ്വീകരിക്കുക.,Municipal Corporation,High
I would like to complain that The water connection application is still pending Please look into this matter.,Water Services,High
ഈ പ്രശ്നം ശ്രദ്ധിക്കുക: എന്റെ കുട്ടിയുടെ ക്ഷേമ ആനുകൂല്യം ലഭിച്ചിട്ടില്ല,Women & Child Welfare,Medium
I would like to complain that My social welfare pension has not been credited Please look into this matter.,Social Welfare,High
इस समस्या पर ध्यान दें: मेरे परिवार का सदस्य राशन कार्ड में नहीं है,Food & Civil Supplies,High
இந்த பிரச்சனை குறித்து புகார் அளிக்கிறேன்: வீட்டு துறை பதிலளிக்கவில்லை தயவுசெய்து இந்த பிரச்சனையை தீர்க்கவும்.,Housing,Medium
ദയവായി ഇത് പരിഹരിക്കുക. പ്രധാന റോഡ് പുനർനിർമ്മിക്കണം ദയവായി ഈ വിഷയം പരിശോധിക്കുക.,Roads & Highways,Low
I would like to complain that My land mutation application is pending Please look into this matter.,Revenue & Land Records,Medium
குப்பை சேகரிப்பு பணியாளர்கள் முறையாக வரவில்லை இந்த பிரச்சனையை கவனிக்கவும்.,Waste Management,Medium
ദയവായി സഹായിക്കണം. സർക്കാർ കെട്ടിടത്തിന്റെ മേൽക്കൂരയിൽ ചോർച്ചയുണ്ട്,Public Works,High
அரசு இணையதளம் மிகவும் மெதுவாக உள்ளது இந்த பிரச்சனையை கவனிக்கவும்.,e-Governance,High
ദയവായി ഇത് പരിഹരിക്കുക. പൊതു അടിസ്ഥാന സൗകര്യങ്ങൾ ശരിയായി പരിപാലിക്കുന്നില്ല,Public Works,Low
Kindly look into this: I have not received my monthly ration Kindly resolve this issue.,Food & Civil Supplies,Medium
The government building needs urgent maintenance Please look into this matter.,Public Works,Low
I want to report that I cannot download my government certificate,e-Governance,Low
मैं शिकायत करना चाहता हूं कि औद्योगिक इकाई से बहुत अधिक धुआं निकल रहा है कृपया इस समस्या का समाधान करें।,Environment & Forest,Low
ഈ പ്രശ്നത്തെക്കുറിച്ച് പരാതി നൽകുന്നു: എന്റെ വീടിന് സമീപമുള്ള മലിനജല ഓട അടഞ്ഞിരിക്കുന്നു ദയവായി ഈ വിഷയം പരിശോധിക്കുക.,Drainage & Sewerage,Medium
தயவுசெய்து இதை சரி செய்யுங்கள். முக்கிய சாலைக்கு புதிய தார் போட வேண்டும் இந்த பிரச்சனையை கவனிக்கவும்.,Roads & Highways,High
I would like to complain that The school library does not have enough books Please take necessary action.,Education,Low
Kindly look into this: My farmer subsidy application is pending Kindly resolve this issue.,Agriculture,Medium
I would like to complain that The government office requires electrical repairs,Public Works,High
தயவுசெய்து இதை சரி செய்யுங்கள். குழந்தைகளுக்கான ஊட்டச்சத்து சேவை கிடைக்கவில்லை தயவுசெய்து தேவையான நடவடிக்கை எடுக்கவும்.,Women & Child Welfare,Low
என் வீட்டின் அருகிலுள்ள கழிவுநீர் கால்வாய் அடைத்துள்ளது தயவுசெய்து இந்த பிரச்சனையை தீர்க்கவும்.,Drainage & Sewerage,Medium
இந்த பிரச்சனை குறித்து புகார் அளிக்கிறேன்: நிலத்தடி கழிவுநீர் அமைப்பு அடைத்துள்ளது தயவுசெய்து தேவையான நடவடிக்கை எடுக்கவும்.,Drainage & Sewerage,High
कृपया मदद करें। सार्वजनिक बुनियादी ढांचे का रखरखाव खराब है कृपया इस समस्या का समाधान करें।,Public Works,High
Please help. The ambulance service is not responding Please take necessary action.,Health,Low
मैं शिकायत करना चाहता हूं कि मुझे रोजगार योजनाओं की जानकारी चाहिए कृपया इस मामले को देखें।,Labour & Employment,Medium
தயவுசெய்து இதை சரி செய்யுங்கள். பொது கட்டிடத்தின் ஜன்னல்கள் உடைந்துள்ளன இந்த பிரச்சனையை கவனிக்கவும்.,Public Works,Medium
I want to report that The government portal is very slow,e-Governance,Medium
इस समस्या पर ध्यान दें: मुझे श्रमिक कल्याण भुगतान नहीं मिला है,Labour & Employment,Low
ദയവായി സഹായിക്കണം. സർക്കാർ ഭവന പദ്ധതിയെക്കുറിച്ച് വിവരം വേണം ദയവായി ആവശ്യമായ നടപടി സ്വീകരിക്കുക.,Housing,High
I would like to complain that The online service keeps timing out Please look into this matter.,e-Governance,Medium
कृपया इस समस्या को देखें: मेरा भूमि म्यूटेशन आवेदन लंबित है कृपया आवश्यक कार्रवाई करें।,Revenue & Land Records,High
Kindly look into this: The agriculture officer has not visited our village Kindly resolve this issue.,Agriculture,Medium
பள்ளி நூலகத்தில் போதுமான புத்தகங்கள் இல்லை இந்த பிரச்சனையை கவனிக்கவும்.,Education,High
I would like to complain that There are no computers in our government school Please look into this matter.,Education,Medium
गंदा पानी सड़क पर बह रहा है कृपया आवश्यक कार्रवाई करें।,Drainage & Sewerage,High
इस समस्या पर ध्यान दें: मुझे अपने भूमि दस्तावेज की प्रति चाहिए,Revenue & Land Records,Medium
Please help. There are cracks across the highway Kindly resolve this issue.,Roads & Highways,Low
कृपया इस समस्या को देखें: सार्वजनिक नल काम करना बंद कर चुका है कृपया इस मामले को देखें।,Water Services,Medium
இந்த பிரச்சனை குறித்து புகார் அளிக்கிறேன்: எனது தொழிலாளர் நல விண்ணப்பம் செயல்படுத்தப்படவில்லை தயவுசெய்து தேவையான நடவடிக்கை எடுக்கவும்.,Labour & Employment,Medium
Kindly look into this: I need to file a police complaint Kindly resolve this issue.,Police,Medium
இந்த பிரச்சனை குறித்து புகார் அளிக்கிறேன்: எங்கள் பகுதியில் உள்ள பேருந்து நிறுத்தத்திற்கு பராமரிப்பு தேவை இந்த பிரச்சனையை கவனிக்கவும்.,Transport,Medium
എന്റെ വീടിന് പുറത്തുള്ള വൈദ്യുതി തൂൺ കേടായിട്ടുണ്ട് ദയവായി ആവശ്യമായ നടപടി സ്വീകരിക്കുക.,Electricity,Medium
ദയവായി സഹായിക്കണം. ഞങ്ങളുടെ പ്രദേശത്ത് മാലിന്യ ശേഖരണം ക്രമമായിട്ടില്ല ദയവായി ഈ പ്രശ്നം പരിഹരിക്കുക.,Waste Management,Low
ദയവായി ഇത് പരിഹരിക്കുക. മാലിന്യ ശേഖരണ തൊഴിലാളികൾ പതിവായി വരുന്നില്ല ദയവായി ഈ പ്രശ്നം പരിഹരിക്കുക.,Waste Management,Medium
സർക്കാർ ആരോഗ്യ കേന്ദ്രത്തിൽ ഡോക്ടർ ലഭ്യമല്ല ദയവായി ഈ പ്രശ്നം പരിഹരിക്കുക.,Health,Medium
I would like to complain that The government portal is very slow Please take necessary action.,e-Governance,High
इस समस्या पर ध्यान दें: मुझे पुलिस में शिकायत दर्ज करनी है,Police,Medium
The village development work has been delayed Please take necessary action.,Rural Development / Panchayat,Low
இந்த பிரச்சனையை கவனிக்கவும்: எங்கள் தெருவின் அருகே சட்டவிரோத செயல்கள் நடக்கின்றன தயவுசெய்து இந்த பிரச்சனையை தீர்க்கவும்.,Police,Medium
कृपया मदद करें। हमारे क्षेत्र में पर्याप्त बस सेवाएं नहीं हैं,Transport,Medium
इस समस्या पर ध्यान दें: मेरी मेडिकल रिपोर्ट में देरी हो रही है कृपया इस मामले को देखें।,Health,Medium
I would like to complain that The land registration process has been delayed,Revenue & Land Records,Low
मैं शिकायत करना चाहता हूं कि गांव के विकास कार्य में देरी हो रही है कृपया आवश्यक कार्रवाई करें।,Rural Development / Panchayat,High
இந்த பிரச்சனை குறித்து புகார் அளிக்கிறேன்: எங்கள் பகுதியில் குடிநீர் விநியோகம் இல்லை இந்த பிரச்சனையை கவனிக்கவும்.,Water Services,High
I received a threatening message Kindly resolve this issue.,Police,Critical
I would like to complain that Water has not reached our street since yesterday Please look into this matter.,Water Services,Low
ഈ പ്രശ്നം ശ്രദ്ധിക്കുക: എനിക്ക് ഈ മാസത്തെ റേഷൻ ലഭിച്ചിട്ടില്ല ദയവായി ഈ പ്രശ്നം പരിഹരിക്കുക.,Food & Civil Supplies,High
தயவுசெய்து உதவுங்கள். குடிநீர் பல நாட்களாக வரவில்லை இந்த பிரச்சனையை கவனிக்கவும்.,Water Services,Low
தயவுசெய்து உதவுங்கள். கிராம சாலை வளர்ச்சி பணி முடிக்கப்படவில்லை இந்த பிரச்சனையை கவனிக்கவும்.,Rural Development / Panchayat,Low
I want to report that The online service keeps timing out,e-Governance,High
मैं शिकायत करना चाहता हूं कि हमारे क्षेत्र के पास तेज रासायनिक गंध है कृपया आवश्यक कार्रवाई करें।,Environment & Forest,Low
The land registration process has been delayed,Revenue & Land Records,High
தயவுசெய்து உதவுங்கள். பெண்கள் நலத்துறையின் உதவி வேண்டும்,Women & Child Welfare,Medium
இந்த பிரச்சனை குறித்து புகார் அளிக்கிறேன்: மழைக்குப் பிறகு கழிவுநீர் நிரம்பி வழிகிறது,Drainage & Sewerage,Medium
Kindly look into this: Someone has damaged my property Kindly resolve this issue.,Police,Low
I need information about public transport services Kindly resolve this issue.,Transport,Low
I would like to complain that The online service keeps timing out Please take necessary action.,e-Governance,Low
ഈ പ്രശ്നം ശ്രദ്ധിക്കുക: ഭവന പദ്ധതി അപേക്ഷയിൽ സഹായം വേണം,Housing,Medium
ദയവായി ഇത് പരിഹരിക്കുക. വനിതാ ക്ഷേമ പദ്ധതിയിൽ സഹായം വേണം ദയവായി ഈ പ്രശ്നം പരിഹരിക്കുക.,Women & Child Welfare,Low
ദയവായി സഹായിക്കണം. ഭവന പദ്ധതി ഗുണഭോക്തൃ പട്ടിക തെറ്റാണ് ദയവായി ഈ പ്രശ്നം പരിഹരിക്കുക.,Housing,Medium
I want to report that The bus route has been changed without notice Please take necessary action.,Transport,High
தயவுசெய்து இதை சரி செய்யுங்கள். எங்கள் பகுதியில் உள்ள பூங்கா பயன்படுத்த முடியாத நிலையில் உள்ளது தயவுசெய்து இந்த பிரச்சனையை தீர்க்கவும்.,Municipal Corporation,Medium
I want to report that There are no beds available in the public hospital Please look into this matter.,Health,High
इस समस्या पर ध्यान दें: मुझे भूमि सर्वेक्षण मानचित्र की प्रति चाहिए कृपया इस मामले को देखें।,Revenue & Land Records,Medium
അനുവദിച്ച ഭവന തുക ഇതുവരെ ലഭിച്ചിട്ടില്ല ദയവായി ഈ വിഷയം പരിശോധിക്കുക.,Housing,Low
மேல்நிலை நீர்த்தேக்க தொட்டிக்கு தண்ணீர் வரவில்லை தயவுசெய்து இந்த பிரச்சனையை தீர்க்கவும்.,Water Services,Medium
ഞങ്ങളുടെ തെരുവിന് സമീപം നിയമവിരുദ്ധ പ്രവർത്തനങ്ങൾ നടക്കുന്നു ദയവായി ഈ പ്രശ്നം പരിഹരിക്കുക.,Police,Low
मैं शिकायत करना चाहता हूं कि हमारे गांव में बेहतर सार्वजनिक सुविधाओं की जरूरत है कृपया इस मामले को देखें।,Rural Development / Panchayat,Medium
I would like to complain that My medical report has been delayed Please take necessary action.,Health,Medium
इस समस्या पर ध्यान दें: सरकारी ऑनलाइन पोर्टल काम नहीं कर रहा है,e-Governance,High
कृपया मदद करें। ऑनलाइन सेवा बार बार टाइम आउट हो रही है,e-Governance,Medium
ഈ പ്രശ്നത്തെക്കുറിച്ച് പരാതി നൽകുന്നു: എന്റെ സ്കോളർഷിപ്പ് തുക ഇതുവരെ ലഭിച്ചിട്ടില്ല ദയവായി ആവശ്യമായ നടപടി സ്വീകരിക്കുക.,Education,Medium
പ്രധാന റോഡിൽ വലിയ കുഴിയുണ്ട് ദയവായി ആവശ്യമായ നടപടി സ്വീകരിക്കുക.,Roads & Highways,Medium
कृपया इस समस्या को देखें: हमारी सड़क के पास अवैध गतिविधियां हो रही हैं कृपया इस मामले को देखें।,Police,Low
Please help. Waste collection has been irregular in our neighborhood Please look into this matter.,Waste Management,Low
कृपया मदद करें। सरकारी कार्यालय की इमारत की मरम्मत की जरूरत है कृपया इस मामले को देखें।,Public Works,Low
Please help. The government online portal is not working Please look into this matter.,e-Governance,Medium
நெடுஞ்சாலை மிகவும் சேதமடைந்துள்ளது தயவுசெய்து இந்த பிரச்சனையை தீர்க்கவும்.,Roads & Highways,Medium
सड़क के पास बिजली का तार खतरनाक तरीके से लटक रहा है कृपया आवश्यक कार्रवाई करें।,Electricity,High
Please help. The rural welfare project is pending Please look into this matter.,Rural Development / Panchayat,Low
தயவுசெய்து இதை சரி செய்யுங்கள். கழிவுநீர் குழாய் அடைத்துள்ளது தயவுசெய்து தேவையான நடவடிக்கை எடுக்கவும்.,Drainage & Sewerage,Medium
இந்த பிரச்சனை குறித்து புகார் அளிக்கிறேன்: பொது கட்டிடத்தின் ஜன்னல்கள் உடைந்துள்ளன தயவுசெய்து தேவையான நடவடிக்கை எடுக்கவும்.,Public Works,Medium
காட்டிற்கு அருகில் சட்டவிரோதமாக கழிவுகள் கொட்டப்படுகின்றன,Environment & Forest,Low
I want to report that There has been no power supply in our area since yesterday,Electricity,Low
I want to report that The public bus is frequently overcrowded Please look into this matter.,Transport,High
Please help. The hospital pharmacy has no medicines,Health,Critical
Please help. The government hospital does not have essential medicines Please look into this matter.,Health,Low
ദയവായി ഇത് പരിഹരിക്കുക. റേഷൻ കാർഡ് വിവരങ്ങൾ പുതുക്കണം,Food & Civil Supplies,Medium
ദയവായി ഇത് പരിഹരിക്കുക. എന്റെ കുറഞ്ഞ ചെലവിലുള്ള ഭവന അപേക്ഷ പരിഗണനയിലാണ് ദയവായി ഈ വിഷയം പരിശോധിക്കുക.,Housing,Medium
ദയവായി സഹായിക്കണം. റോഡിന് സമീപമുള്ള വൈദ്യുതി വയർ അപകടകരമായി തൂങ്ങിയിരിക്കുന്നു,Electricity,Medium
I need help with a housing scheme application,Housing,High
Please help. I need information about employment schemes Please look into this matter.,Labour & Employment,Medium
कृपया इस समस्या को देखें: सरकारी वेबसाइट पर त्रुटि दिखाई दे रही है कृपया आवश्यक कार्रवाई करें।,e-Governance,High
मैं शिकायत करना चाहता हूं कि मैं अपना सरकारी प्रमाणपत्र डाउनलोड नहीं कर सकता,e-Governance,Medium
ഈ പ്രശ്നത്തെക്കുറിച്ച് പരാതി നൽകുന്നു: എന്റെ സ്വത്തിന്റെ സർവേ വിവരങ്ങൾ തെറ്റാണ് ദയവായി ഈ വിഷയം പരിശോധിക്കുക.,Revenue & Land Records,Medium
I want to report that Our electricity connection keeps getting interrupted,Electricity,Medium
मुझे धमकी भरा संदेश मिला है कृपया इस मामले को देखें।,Police,Critical
घर निर्माण की सब्सिडी अभी तक नहीं मिली है,Housing,High
I want to report that The panchayat office has not responded to our complaint Please take necessary action.,Rural Development / Panchayat,Low
தயவுசெய்து உதவுங்கள். ஊராட்சி கிராம வசதிகளை பழுதுபார்க்கவில்லை,Rural Development / Panchayat,High
ദയവായി സഹായിക്കണം. പഞ്ചായത്ത് ഗ്രാമത്തിലെ സൗകര്യങ്ങൾ നന്നാക്കിയിട്ടില്ല,Rural Development / Panchayat,Medium
My ration card contains incorrect details,Food & Civil Supplies,Medium
ദയവായി സഹായിക്കണം. എന്റെ ഗുണഭോക്തൃ വിവരങ്ങൾ തെറ്റാണ്,Social Welfare,Medium
कृपया मदद करें। मैं ऑनलाइन नागरिक सेवा का उपयोग नहीं कर पा रहा हूं कृपया आवश्यक कार्रवाई करें।,e-Governance,High
தயவுசெய்து இதை சரி செய்யுங்கள். பெண்கள் நலத்திட்டங்கள் குறித்து தகவல் வேண்டும் இந்த பிரச்சனையை கவனிக்கவும்.,Women & Child Welfare,High
मैं शिकायत करना चाहता हूं कि मुझे इस महीने की पेंशन नहीं मिली है कृपया आवश्यक कार्रवाई करें।,Social Welfare,Medium
इस समस्या पर ध्यान दें: कल्याण कार्यालय ने जवाब नहीं दिया है कृपया इस समस्या का समाधान करें।,Social Welfare,Medium
I would like to complain that I need to update my ration card details Kindly resolve this issue.,Food & Civil Supplies,Low
कल से हमारे इलाके में बिजली की आपूर्ति नहीं है,Electricity,Low
இந்த பிரச்சனை குறித்து புகார் அளிக்கிறேன்: எனது ரேஷன் அட்டை விண்ணப்பம் நிலுவையில் உள்ளது தயவுசெய்து இந்த பிரச்சனையை தீர்க்கவும்.,Food & Civil Supplies,High
എനിക്ക് ഭവന പദ്ധതിയുടെ ആനുകൂല്യം ലഭിച്ചിട്ടില്ല,Housing,Medium
मैं शिकायत करना चाहता हूं कि मुझे पुलिस में शिकायत दर्ज करनी है कृपया आवश्यक कार्रवाई करें।,Police,High
ഈ പ്രശ്നം ശ്രദ്ധിക്കുക: വെള്ള കണക്ഷൻ അപേക്ഷ ഇപ്പോഴും പരിഗണനയിലാണ് ദയവായി ആവശ്യമായ നടപടി സ്വീകരിക്കുക.,Water Services,Medium
വാക്സിനേഷൻ സേവനം ലഭ്യമല്ല ദയവായി ആവശ്യമായ നടപടി സ്വീകരിക്കുക.,Health,Medium
मैं शिकायत करना चाहता हूं कि राशन की दुकान पर खाद्य सामग्री पर्याप्त नहीं है,Food & Civil Supplies,High
कृपया इस समस्या को देखें: पट्टा हस्तांतरण आवेदन लंबित है कृपया इस मामले को देखें।,Revenue & Land Records,High
ഈ പ്രശ്നം ശ്രദ്ധിക്കുക: എന്റെ റവന്യൂ സർട്ടിഫിക്കറ്റ് നൽകിയിട്ടില്ല,Revenue & Land Records,Low
ദയവായി ഇത് പരിഹരിക്കുക. ഭൂമി രജിസ്ട്രേഷൻ നടപടിയിൽ വൈകുന്നു,Revenue & Land Records,Low
कृपया मदद करें। डिजिटल सरकारी सेवा उपलब्ध नहीं है,e-Governance,Low
कृपया मदद करें। बाल संरक्षण सेवा जवाब नहीं दे रही है कृपया इस मामले को देखें।,Women & Child Welfare,Low
I would like to complain that The transformer near our street is making unusual sounds Kindly resolve this issue.,Electricity,Medium
My ration card application is pending Please look into this matter.,Food & Civil Supplies,High
मेरा रोजगार प्रमाणपत्र देर से मिला है,Labour & Employment,Low
मैं शिकायत करना चाहता हूं कि स्कूल की लाइब्रेरी में पर्याप्त किताबें नहीं हैं कृपया इस मामले को देखें।,Education,Low
இந்த பிரச்சனையை கவனிக்கவும்: பொது பேருந்து அடிக்கடி அதிக கூட்டமாக உள்ளது தயவுசெய்து தேவையான நடவடிக்கை எடுக்கவும்.,Transport,Low
ഓവർഹെഡ് ടാങ്കിൽ വെള്ളം എത്തുന്നില്ല,Water Services,High
इस समस्या पर ध्यान दें: हमारे स्कूल के पास खतरनाक तरीके से वाहन चलाए जा रहे हैं कृपया इस मामले को देखें।,Police,High
ഈ പ്രശ്നം ശ്രദ്ധിക്കുക: തൊഴിലാളിയായി രജിസ്റ്റർ ചെയ്യാൻ സഹായം വേണം,Labour & Employment,Medium
ഈ പ്രശ്നം ശ്രദ്ധിക്കുക: എന്റെ മുതിർന്ന പൗരൻ ആനുകൂല്യം പരിഗണനയിലാണ് ദയവായി ആവശ്യമായ നടപടി സ്വീകരിക്കുക.,Social Welfare,Low
सरकारी कार्यालय में बिजली की मरम्मत की जरूरत है कृपया आवश्यक कार्रवाई करें।,Public Works,Low
ഈ പ്രശ്നം ശ്രദ്ധിക്കുക: എന്റെ സ്കോളർഷിപ്പ് തുക ഇതുവരെ ലഭിച്ചിട്ടില്ല ദയവായി ഈ പ്രശ്നം പരിഹരിക്കുക.,Education,Medium
मैं शिकायत करना चाहता हूं कि हमारे क्षेत्र के पास तेज रासायनिक गंध है कृपया इस समस्या का समाधान करें।,Environment & Forest,Low
தயவுசெய்து உதவுங்கள். கிராம வளர்ச்சி திட்டம் நிறுத்தப்பட்டுள்ளது,Rural Development / Panchayat,High
இந்த பிரச்சனையை கவனிக்கவும்: கழிவுநீர் குழாய் அடைத்துள்ளது,Drainage & Sewerage,High
இந்த பிரச்சனை குறித்து புகார் அளிக்கிறேன்: எங்கள் மின் இணைப்பு அடிக்கடி துண்டிக்கப்படுகிறது தயவுசெய்து தேவையான நடவடிக்கை எடுக்கவும்.,Electricity,Low
ദയവായി ഇത് പരിഹരിക്കുക. കർഷകർക്ക് ജലസേചന വെള്ളം ലഭിക്കുന്നില്ല ദയവായി ഈ വിഷയം പരിശോധിക്കുക.,Agriculture,Medium
The forest area is being encroached Please take necessary action.,Environment & Forest,Medium
I would like to complain that Our residential area needs better municipal services,Municipal Corporation,High
தயவுசெய்து இதை சரி செய்யுங்கள். எனது மாதாந்திர ரேஷன் கிடைக்கவில்லை தயவுசெய்து தேவையான நடவடிக்கை எடுக்கவும்.,Food & Civil Supplies,High
Please help. The power supply has not been restored after the outage Please take necessary action.,Electricity,Medium
தயவுசெய்து உதவுங்கள். சமூக நலத்திட்டங்கள் குறித்து தகவல் வேண்டும்,Social Welfare,Medium
ദയവായി ഇത് പരിഹരിക്കുക. എനിക്ക് ഈ മാസത്തെ പെൻഷൻ ലഭിച്ചിട്ടില്ല ദയവായി ഈ പ്രശ്നം പരിഹരിക്കുക.,Social Welfare,High
मेरे घर के बाहर बिजली का खंभा खराब है कृपया इस मामले को देखें।,Electricity,Medium
ദയവായി ഇത് പരിഹരിക്കുക. കോളേജ് എന്റെ സർട്ടിഫിക്കറ്റ് നൽകിയിട്ടില്ല ദയവായി ഈ പ്രശ്നം പരിഹരിക്കുക.,Education,Low
இந்த பிரச்சனையை கவனிக்கவும்: பெரிய பள்ளம் போக்குவரத்தை தடுக்கிறது தயவுசெய்து தேவையான நடவடிக்கை எடுக்கவும்.,Roads & Highways,High
I would like to complain that I need help registering as a worker Kindly resolve this issue.,Labour & Employment,High
இந்த பிரச்சனை குறித்து புகார் அளிக்கிறேன்: ஊராட்சி அலுவலகம் எங்கள் புகாருக்கு பதிலளிக்கவில்லை,Rural Development / Panchayat,Low
தயவுசெய்து உதவுங்கள். அரசு இணையதளத்தில் பிழை வருகிறது இந்த பிரச்சனையை கவனிக்கவும்.,e-Governance,High
ഈ പ്രശ്നത്തെക്കുറിച്ച് പരാതി നൽകുന്നു: ട്രാൻസ്പോർട്ട് പാസ് അപേക്ഷ വൈകുകയാണ് ദയവായി ഈ പ്രശ്നം പരിഹരിക്കുക.,Transport,Medium
इस समस्या पर ध्यान दें: सार्वजनिक भवन के दरवाजे खराब हैं कृपया इस मामले को देखें।,Public Works,Medium
എനിക്ക് തൊഴിലാളി ക്ഷേമ തുക ലഭിച്ചിട്ടില്ല,Labour & Employment,Medium
ഈ പ്രശ്നത്തെക്കുറിച്ച് പരാതി നൽകുന്നു: എന്റെ സ്കോളർഷിപ്പ് തുക ഇതുവരെ ലഭിച്ചിട്ടില്ല,Education,High
मुझे रोजगार योजनाओं की जानकारी चाहिए कृपया इस समस्या का समाधान करें।,Labour & Employment,Low
मैं शिकायत करना चाहता हूं कि मैं अपने इलाके में हुई चोरी की शिकायत करना चाहता हूं कृपया इस मामले को देखें।,Police,High
தயவுசெய்து உதவுங்கள். எனது விவசாய மானிய விண்ணப்பம் நிலுவையில் உள்ளது இந்த பிரச்சனையை கவனிக்கவும்.,Agriculture,High
ഈ പ്രശ്നം ശ്രദ്ധിക്കുക: ഞങ്ങളുടെ പ്രദേശത്തെ തെരുവ് വിളക്കുകൾ പ്രവർത്തിക്കുന്നില്ല ദയവായി ഈ വിഷയം പരിശോധിക്കുക.,Municipal Corporation,Medium
இந்த பிரச்சனையை கவனிக்கவும்: விவசாயிகளுக்கு பாசன நீர் கிடைக்கவில்லை இந்த பிரச்சனையை கவனிக்கவும்.,Agriculture,Low
I would like to complain that I am unable to access the online citizen service Kindly resolve this issue.,e-Governance,Medium
தயவுசெய்து உதவுங்கள். எங்கள் பகுதியில் குப்பைகள் குவிந்துள்ளன,Waste Management,Medium
सरकारी आवास आवंटन में देरी हो रही है कृपया इस मामले को देखें।,Housing,Low
இந்த பிரச்சனையை கவனிக்கவும்: எனது விண்ணப்பத்தை ஆன்லைனில் சமர்ப்பிக்க முடியவில்லை தயவுசெய்து தேவையான நடவடிக்கை எடுக்கவும்.,e-Governance,Low
ദയവായി ഇത് പരിഹരിക്കുക. സർക്കാർ ഓഫീസ് കെട്ടിടത്തിന് അറ്റകുറ്റപ്പണി ആവശ്യമാണ് ദയവായി ഈ പ്രശ്നം പരിഹരിക്കുക.,Public Works,Low
कृपया इस समस्या को देखें: किसी ने मेरी संपत्ति को नुकसान पहुंचाया है कृपया आवश्यक कार्रवाई करें।,Police,Medium
कृपया मदद करें। सरकारी आवास आवंटन में देरी हो रही है कृपया इस मामले को देखें।,Housing,Medium
इस समस्या पर ध्यान दें: सरकारी आवास आवंटन में देरी हो रही है कृपया आवश्यक कार्रवाई करें।,Housing,Low
தயவுசெய்து இதை சரி செய்யுங்கள். சந்தைக்கு அருகிலுள்ள குப்பைத் தொட்டி நிரம்பியுள்ளது தயவுசெய்து இந்த பிரச்சனையை தீர்க்கவும்.,Waste Management,High
ദയവായി സഹായിക്കണം. സർക്കാർ ആശുപത്രിയിൽ ആവശ്യമായ മരുന്നുകൾ ലഭ്യമല്ല ദയവായി ആവശ്യമായ നടപടി സ്വീകരിക്കുക.,Health,Medium
I want to report that My labour welfare application has not been processed Please look into this matter.,Labour & Employment,Medium
Kindly look into this: My welfare scheme application is pending,Social Welfare,Low
ദയവായി സഹായിക്കണം. കൃഷി ഓഫീസർ ഞങ്ങളുടെ ഗ്രാമത്തിൽ വന്നിട്ടില്ല,Agriculture,High
தயவுசெய்து இதை சரி செய்யுங்கள். எங்கள் வயலுக்கான பாசன கால்வாய் சேதமடைந்துள்ளது தயவுசெய்து தேவையான நடவடிக்கை எடுக்கவும்.,Agriculture,Medium
मैं शिकायत करना चाहता हूं कि मेरी छात्रवृत्ति का आवेदन लंबित है,Education,Medium
தயவுசெய்து இதை சரி செய்யுங்கள். தெரு சுத்தம் செய்யும் அட்டவணை பின்பற்றப்படவில்லை,Municipal Corporation,High
I want to report that The overhead water tank is not receiving water Kindly resolve this issue.,Water Services,High
I would like to complain that There has been no power supply in our area since yesterday Please look into this matter.,Electricity,Low
इस समस्या पर ध्यान दें: औद्योगिक इकाई से बहुत अधिक धुआं निकल रहा है कृपया आवश्यक कार्रवाई करें।,Environment & Forest,High
कृपया मदद करें। ऑनलाइन सेवा बार बार टाइम आउट हो रही है कृपया आवश्यक कार्रवाई करें।,e-Governance,Medium
कृपया मदद करें। हमारे स्कूल में उचित कक्षा सुविधाएं नहीं हैं,Education,Medium
ഞങ്ങളുടെ പ്രദേശത്തെ മോഷണം റിപ്പോർട്ട് ചെയ്യണം ദയവായി ഈ വിഷയം പരിശോധിക്കുക.,Police,Critical
இந்த பிரச்சனையை கவனிக்கவும்: பொது குடிநீர் குழாயில் கசிவு உள்ளது,Water Services,Medium
ഈ പ്രശ്നത്തെക്കുറിച്ച് പരാതി നൽകുന്നു: മലിനജലം തെരുവിലേക്ക് ഒഴുകുന്നു ദയവായി ഈ വിഷയം പരിശോധിക്കുക.,Drainage & Sewerage,High
தயவுசெய்து உதவுங்கள். சட்டவிரோத மர வெட்டலை புகார் செய்ய வேண்டும்,Environment & Forest,High
தயவுசெய்து உதவுங்கள். குப்பை தொட்டிகள் நிரம்பி உள்ளன இந்த பிரச்சனையை கவனிக்கவும்.,Waste Management,Medium
வீடு கட்டுவதற்கான மானியம் இன்னும் வரவில்லை இந்த பிரச்சனையை கவனிக்கவும்.,Housing,Low
सरकारी आवास आवंटन में देरी हो रही है कृपया आवश्यक कार्रवाई करें।,Housing,Medium
कृपया इस समस्या को देखें: उर्वरक की आपूर्ति में देरी हो रही है कृपया इस समस्या का समाधान करें।,Agriculture,High
പൊതു ടാപ്പ് പ്രവർത്തിക്കുന്നില്ല ദയവായി ഈ വിഷയം പരിശോധിക്കുക.,Water Services,Low
कृपया मदद करें। मेरे बच्चे के कल्याण आवेदन में देरी हुई है कृपया इस मामले को देखें।,Women & Child Welfare,Medium
ഈ പ്രശ്നത്തെക്കുറിച്ച് പരാതി നൽകുന്നു: റേഷൻ കാർഡ് വിവരങ്ങൾ പുതുക്കണം,Food & Civil Supplies,Medium
ദയവായി സഹായിക്കണം. ഞങ്ങളുടെ പ്രദേശത്തെ മോഷണം റിപ്പോർട്ട് ചെയ്യണം ദയവായി ഈ പ്രശ്നം പരിഹരിക്കുക.,Police,Critical
इस समस्या पर ध्यान दें: नगरपालिका की पानी की पाइपलाइन खराब है,Water Services,Medium
ഈ പ്രശ്നത്തെക്കുറിച്ച് പരാതി നൽകുന്നു: ഞങ്ങളുടെ പ്രദേശത്തെ പൊതു ശൗചാലയം പരിപാലിക്കുന്നില്ല ദയവായി ഈ വിഷയം പരിശോധിക്കുക.,Municipal Corporation,Low
எனது டிஜிட்டல் விண்ணப்பம் செயல்படுத்தப்படவில்லை தயவுசெய்து தேவையான நடவடிக்கை எடுக்கவும்.,e-Governance,Low
இந்த பிரச்சனை குறித்து புகார் அளிக்கிறேன்: பொது பேருந்து அடிக்கடி அதிக கூட்டமாக உள்ளது தயவுசெய்து இந்த பிரச்சனையை தீர்க்கவும்.,Transport,Medium
இந்த பிரச்சனை குறித்து புகார் அளிக்கிறேன்: குடிநீர் பல நாட்களாக வரவில்லை தயவுசெய்து இந்த பிரச்சனையை தீர்க்கவும்.,Water Services,Medium
ഈ പ്രശ്നം ശ്രദ്ധിക്കുക: ഞങ്ങളുടെ വയലിലേക്കുള്ള ജലസേചന കനാൽ കേടായിട്ടുണ്ട്,Agriculture,Low
தயவுசெய்து இதை சரி செய்யுங்கள். எனது தொழிலாளர் நலத்தொகை கிடைக்கவில்லை தயவுசெய்து தேவையான நடவடிக்கை எடுக்கவும்.,Labour & Employment,Low
ഈ പ്രശ്നത്തെക്കുറിച്ച് പരാതി നൽകുന്നു: വാക്സിനേഷൻ സേവനം ലഭ്യമല്ല ദയവായി ഈ പ്രശ്നം പരിഹരിക്കുക.,Health,Low
தயவுசெய்து இதை சரி செய்யுங்கள். எனது மூத்த குடிமக்கள் நலத்தொகை நிலுவையில் உள்ளது தயவுசெய்து தேவையான நடவடிக்கை எடுக்கவும்.,Social Welfare,Medium
कृपया इस समस्या को देखें: सड़क की मरम्मत का काम देर से हो रहा है कृपया इस मामले को देखें।,Roads & Highways,Medium
कृपया मदद करें। मेरे परिवार का सदस्य राशन कार्ड में नहीं है कृपया आवश्यक कार्रवाई करें।,Food & Civil Supplies,High
कृपया मदद करें। एम्बुलेंस सेवा जवाब नहीं दे रही है कृपया इस समस्या का समाधान करें।,Health,Low
ഈ പ്രശ്നം ശ്രദ്ധിക്കുക: ഞങ്ങളുടെ സർക്കാർ സ്കൂളിൽ കമ്പ്യൂട്ടറുകൾ ഇല്ല ദയവായി ഈ പ്രശ്നം പരിഹരിക്കുക.,Education,Medium
தயவுசெய்து இதை சரி செய்யுங்கள். எங்கள் பள்ளி அருகே ஆபத்தான முறையில் வாகனங்கள் ஓட்டப்படுகின்றன இந்த பிரச்சனையை கவனிக்கவும்.,Police,High
इस समस्या पर ध्यान दें: मुझे धमकी भरा संदेश मिला है कृपया इस मामले को देखें।,Police,High
कृपया इस समस्या को देखें: अस्पताल की फार्मेसी में दवाइयां नहीं हैं कृपया इस समस्या का समाधान करें।,Health,Low
I would like to complain that We need assistance for crop loss Please look into this matter.,Agriculture,Medium
ദയവായി സഹായിക്കണം. ഞങ്ങളുടെ പ്രദേശത്ത് വിത്തുകളുടെ ക്ഷാമമുണ്ട് ദയവായി ഈ പ്രശ്നം പരിഹരിക്കുക.,Agriculture,Low
कृपया इस समस्या को देखें: कचरा संग्रह कर्मचारी नियमित रूप से नहीं आ रहे हैं कृपया इस समस्या का समाधान करें।,Waste Management,Medium
There is a suspicious person near our residential area,Police,Medium
Please help. The government housing allotment has been delayed Please take necessary action.,Housing,Medium
ദയവായി സഹായിക്കണം. ഞങ്ങളുടെ ഗ്രാമത്തിലേക്കുള്ള ബസ് സർവീസ് കുറച്ചു ദയവായി ഈ വിഷയം പരിശോധിക്കുക.,Transport,High
ഈ പ്രശ്നം ശ്രദ്ധിക്കുക: കാർഷിക സബ്സിഡിയെക്കുറിച്ച് വിവരം വേണം ദയവായി ഈ പ്രശ്നം പരിഹരിക്കുക.,Agriculture,Medium
The public building has cracks in its walls,Public Works,Medium
இந்த பிரச்சனை குறித்து புகார் அளிக்கிறேன்: என் வீட்டின் அருகிலுள்ள கழிவுநீர் கால்வாய் அடைத்துள்ளது தயவுசெய்து இந்த பிரச்சனையை தீர்க்கவும்.,Drainage & Sewerage,Medium
தயவுசெய்து இதை சரி செய்யுங்கள். குடிநீர் விநியோகம் சரியாக இல்லை தயவுசெய்து இந்த பிரச்சனையை தீர்க்கவும்.,Water Services,Low
मेरा राशन कार्ड आवेदन लंबित है कृपया इस समस्या का समाधान करें।,Food & Civil Supplies,Medium
The irrigation canal for our fields is damaged Please look into this matter.,Agriculture,Low
எனது காவல் புகாருக்கு இன்னும் பதில் கிடைக்கவில்லை இந்த பிரச்சனையை கவனிக்கவும்.,Police,High
ഈ പ്രശ്നം ശ്രദ്ധിക്കുക: സർക്കാർ കുട്ടി സഹായ തുക പരിഗണനയിലാണ് ദയവായി ആവശ്യമായ നടപടി സ്വീകരിക്കുക.,Women & Child Welfare,Low
தயவுசெய்து இதை சரி செய்யுங்கள். எனது டிஜிட்டல் விண்ணப்பம் செயல்படுத்தப்படவில்லை,e-Governance,Low
इस समस्या पर ध्यान दें: मुझे सरकारी आवास योजना की जानकारी चाहिए कृपया इस मामले को देखें।,Housing,High
இந்த பிரச்சனை குறித்து புகார் அளிக்கிறேன்: எனது வீட்டு உதவி விண்ணப்பம் நிலுவையில் உள்ளது இந்த பிரச்சனையை கவனிக்கவும்.,Housing,Medium
ഈ പ്രശ്നം ശ്രദ്ധിക്കുക: ഞങ്ങളുടെ പ്രദേശത്ത് ദിവസവും വൈദ്യുതി മുടങ്ങുന്നു,Electricity,High
I would like to complain that There are cracks across the highway Please take necessary action.,Roads & Highways,High
ഈ പ്രശ്നത്തെക്കുറിച്ച് പരാതി നൽകുന്നു: വീട് നിർമ്മാണ സബ്സിഡി ഇതുവരെ ലഭിച്ചിട്ടില്ല ദയവായി ആവശ്യമായ നടപടി സ്വീകരിക്കുക.,Housing,Medium
The public infrastructure is poorly maintained,Public Works,High
I would like to complain that A damaged road is causing accidents Please look into this matter.,Roads & Highways,High
ഈ പ്രശ്നത്തെക്കുറിച്ച് പരാതി നൽകുന്നു: ഓൺലൈൻ പൗര സേവനം ആക്സസ് ചെയ്യാൻ കഴിയുന്നില്ല ദയവായി ഈ പ്രശ്നം പരിഹരിക്കുക.,e-Governance,Medium
ദയവായി ഇത് പരിഹരിക്കുക. ഞങ്ങളുടെ ഗ്രാമത്തിൽ മികച്ച അടിസ്ഥാന സൗകര്യങ്ങൾ ആവശ്യമാണ് ദയവായി ആവശ്യമായ നടപടി സ്വീകരിക്കുക.,Rural Development / Panchayat,Medium
कृपया मदद करें। किसानों को फसल बीमा सहायता नहीं मिली है कृपया इस मामले को देखें।,Agriculture,Low
தயவுசெய்து இதை சரி செய்யுங்கள். அரசு கட்டிடத்தின் வடிகால் பழுதுபார்க்க வேண்டும் தயவுசெய்து தேவையான நடவடிக்கை எடுக்கவும்.,Public Works,Low
कृपया इस समस्या को देखें: सरकारी स्कूल में पर्याप्त शिक्षक नहीं हैं कृपया इस मामले को देखें।,Education,Low
I would like to complain that The street cleaning schedule is not being followed Kindly resolve this issue.,Municipal Corporation,High
ഈ പ്രശ്നം ശ്രദ്ധിക്കുക: എന്റെ മെഡിക്കൽ റിപ്പോർട്ട് വൈകിയിരിക്കുന്നു ദയവായി ആവശ്യമായ നടപടി സ്വീകരിക്കുക.,Health,Low
बिजली कटने के बाद आपूर्ति अभी तक बहाल नहीं हुई है कृपया इस मामले को देखें।,Electricity,Medium
എന്റെ തൊഴിലാളി രജിസ്ട്രേഷൻ വിവരങ്ങൾ തെറ്റാണ് ദയവായി ഈ വിഷയം പരിശോധിക്കുക.,Labour & Employment,Low
कृपया मदद करें। एक विवाद में पुलिस की सहायता चाहिए कृपया इस मामले को देखें।,Police,Medium
कृपया इस समस्या को देखें: हमारे आवासीय क्षेत्र में बेहतर नगर निगम सेवाओं की जरूरत है कृपया इस मामले को देखें।,Municipal Corporation,Medium
തൊഴിലാളിയായി രജിസ്റ്റർ ചെയ്യാൻ സഹായം വേണം,Labour & Employment,High
எனது வேலைவாய்ப்பு சான்றிதழ் தாமதமாகியுள்ளது,Labour & Employment,Low
My labour registration application is pending Please look into this matter.,Labour & Employment,High
எனது மாற்றுத்திறனாளர் உதவித்தொகை தாமதமாகியுள்ளது,Social Welfare,Medium
कृपया मदद करें। कल से हमारी सड़क पर पानी नहीं आया है,Water Services,High
தயவுசெய்து இதை சரி செய்யுங்கள். ஆன்லைன் குடிமக்கள் சேவையை அணுக முடியவில்லை தயவுசெய்து இந்த பிரச்சனையை தீர்க்கவும்.,e-Governance,Medium
इस समस्या पर ध्यान दें: बस शेल्टर खराब हो गया है कृपया इस मामले को देखें।,Transport,Medium
இந்த பிரச்சனையை கவனிக்கவும்: பெண்கள் நலத்திட்டத்தில் உதவி வேண்டும் தயவுசெய்து தேவையான நடவடிக்கை எடுக்கவும்.,Women & Child Welfare,Medium
பெண்கள் நலத்திட்டங்கள் குறித்து தகவல் வேண்டும்,Women & Child Welfare,Medium
कृपया मदद करें। कल से हमारे इलाके में बिजली की आपूर्ति नहीं है,Electricity,Medium
Please help. My employment certificate has been delayed Please look into this matter.,Labour & Employment,Medium
I want to report that I need information about women welfare schemes Please look into this matter.,Women & Child Welfare,Medium
Please help. The ration dealer is charging extra money Please take necessary action.,Food & Civil Supplies,High
ഈ പ്രശ്നത്തെക്കുറിച്ച് പരാതി നൽകുന്നു: ഞങ്ങളുടെ പ്രദേശത്തെ സീവർ ലൈൻ അടഞ്ഞിരിക്കുന്നു ദയവായി ഈ വിഷയം പരിശോധിക്കുക.,Drainage & Sewerage,Low
இந்த பிரச்சனையை கவனிக்கவும்: விவசாய மானியங்கள் குறித்து தகவல் வேண்டும் இந்த பிரச்சனையை கவனிக்கவும்.,Agriculture,High
I would like to complain that The municipal office has not responded to our complaint Please look into this matter.,Municipal Corporation,Medium
I would like to complain that There is noise pollution from a factory Please take necessary action.,Environment & Forest,Low
मैं शिकायत करना चाहता हूं कि मेरी संपत्ति के सर्वेक्षण विवरण गलत हैं कृपया आवश्यक कार्रवाई करें।,Revenue & Land Records,Medium
தயவுசெய்து இதை சரி செய்யுங்கள். எங்கள் பகுதியில் குப்பை சேகரிப்பு சீராக இல்லை,Waste Management,Low
इस समस्या पर ध्यान दें: पट्टा हस्तांतरण आवेदन लंबित है कृपया इस समस्या का समाधान करें।,Revenue & Land Records,Medium
मैं शिकायत करना चाहता हूं कि हमारे स्कूल के पास खतरनाक तरीके से वाहन चलाए जा रहे हैं कृपया आवश्यक कार्रवाई करें।,Police,High
தயவுசெய்து இதை சரி செய்யுங்கள். எனது வேலைவாய்ப்பு சான்றிதழ் தாமதமாகியுள்ளது தயவுசெய்து தேவையான நடவடிக்கை எடுக்கவும்.,Labour & Employment,Low
இந்த பிரச்சனை குறித்து புகார் அளிக்கிறேன்: தடுப்பூசி சேவை கிடைக்கவில்லை இந்த பிரச்சனையை கவனிக்கவும்.,Health,Low
I want to report that The water connection application is still pending Please take necessary action.,Water Services,High
Please help. Our village community hall needs maintenance,Rural Development / Panchayat,Medium
कृपया इस समस्या को देखें: हमारे इलाके के कूड़ेदान भरकर बाहर निकल रहे हैं कृपया इस मामले को देखें।,Waste Management,Low
தயவுசெய்து இதை சரி செய்யுங்கள். தொழிற்சாலை கழிவுகள் அருகிலுள்ள நீர்நிலைக்குள் செல்கின்றன,Environment & Forest,Low
ദയവായി ഇത് പരിഹരിക്കുക. വെള്ള വിതരണ സമയക്രമം പാലിക്കുന്നില്ല ദയവായി ഈ പ്രശ്നം പരിഹരിക്കുക.,Water Services,Medium
I want to report that The government online portal is not working,e-Governance,Low
ഈ പ്രശ്നത്തെക്കുറിച്ച് പരാതി നൽകുന്നു: പൊതു അടിസ്ഥാന സൗകര്യങ്ങൾ ശരിയായി പരിപാലിക്കുന്നില്ല ദയവായി ആവശ്യമായ നടപടി സ്വീകരിക്കുക.,Public Works,Medium
कृपया इस समस्या को देखें: मुझे रोजगार योजनाओं की जानकारी चाहिए कृपया इस मामले को देखें।,Labour & Employment,High
कृपया इस समस्या को देखें: ग्रामीण विकास परियोजना बंद हो गई है कृपया आवश्यक कार्रवाई करें।,Rural Development / Panchayat,High
தயவுசெய்து இதை சரி செய்யுங்கள். சேதமடைந்த சாலையால் விபத்துகள் ஏற்படுகின்றன தயவுசெய்து தேவையான நடவடிக்கை எடுக்கவும்.,Roads & Highways,Low
സർക്കാർ കെട്ടിടത്തിന്റെ മേൽക്കൂരയിൽ ചോർച്ചയുണ്ട് ദയവായി ഈ പ്രശ്നം പരിഹരിക്കുക.,Public Works,High
Kindly look into this: A damaged road is causing accidents,Roads & Highways,Critical
Kindly look into this: Our electricity connection keeps getting interrupted,Electricity,High
मैं शिकायत करना चाहता हूं कि ऑनलाइन सेवा बार बार टाइम आउट हो रही है कृपया इस मामले को देखें।,e-Governance,Low
ദയവായി സഹായിക്കണം. കോളേജ് എന്റെ സർട്ടിഫിക്കറ്റ് നൽകിയിട്ടില്ല ദയവായി ഈ പ്രശ്നം പരിഹരിക്കുക.,Education,Low
தயவுசெய்து இதை சரி செய்யுங்கள். தண்ணீர் இணைப்பு விண்ணப்பம் இன்னும் நிலுவையில் உள்ளது இந்த பிரச்சனையை கவனிக்கவும்.,Water Services,Medium
ദയവായി ഇത് പരിഹരിക്കുക. ഞങ്ങളുടെ തെരുവിന് സമീപം നിയമവിരുദ്ധ പ്രവർത്തനങ്ങൾ നടക്കുന്നു ദയവായി ഈ പ്രശ്നം പരിഹരിക്കുക.,Police,Low
தயவுசெய்து இதை சரி செய்யுங்கள். எங்கள் தெருவை நகராட்சி ஊழியர்கள் சுத்தம் செய்யவில்லை தயவுசெய்து இந்த பிரச்சனையை தீர்க்கவும்.,Municipal Corporation,Medium
Please help. The food supply at the ration shop is insufficient Kindly resolve this issue.,Food & Civil Supplies,Low
Please help. My family member is missing from the ration card Please take necessary action.,Food & Civil Supplies,Medium
My unemployment assistance application is pending Kindly resolve this issue.,Labour & Employment,High
இந்த பிரச்சனை குறித்து புகார் அளிக்கிறேன்: அரசு அலுவலக கட்டிடத்திற்கு பழுது பார்க்க வேண்டும்,Public Works,Low
நில உரிமை பதிவை புதுப்பிக்க வேண்டும் தயவுசெய்து இந்த பிரச்சனையை தீர்க்கவும்.,Revenue & Land Records,Medium
I want to report that My senior citizen benefit is pending Kindly resolve this issue.,Social Welfare,Medium
I would like to complain that The rural welfare project is pending,Rural Development / Panchayat,High
இந்த பிரச்சனையை கவனிக்கவும்: எனது குடும்ப உறுப்பினர் ரேஷன் அட்டையில் இல்லை தயவுசெய்து தேவையான நடவடிக்கை எடுக்கவும்.,Food & Civil Supplies,Low
I would like to complain that I need a copy of my land document,Revenue & Land Records,Low
I want to report that The transport pass application is delayed Please look into this matter.,Transport,Medium
I want to report that The government building needs urgent maintenance Please look into this matter.,Public Works,Low
தயவுசெய்து உதவுங்கள். ஒரு தொழிற்சாலை கடுமையான காற்று மாசை ஏற்படுத்துகிறது,Environment & Forest,High
தயவுசெய்து இதை சரி செய்யுங்கள். பெரிய பள்ளம் போக்குவரத்தை தடுக்கிறது இந்த பிரச்சனையை கவனிக்கவும்.,Roads & Highways,Medium
இந்த பிரச்சனை குறித்து புகார் அளிக்கிறேன்: அரசு வேலைவாய்ப்பு திட்டத்தில் வேலை கிடைக்கவில்லை தயவுசெய்து தேவையான நடவடிக்கை எடுக்கவும்.,Labour & Employment,Medium
ദയവായി ഇത് പരിഹരിക്കുക. ഇന്നലെ മുതൽ ഞങ്ങളുടെ പ്രദേശത്ത് വൈദ്യുതി ഇല്ല ദയവായി ആവശ്യമായ നടപടി സ്വീകരിക്കുക.,Electricity,High
I need a copy of the land survey map Please look into this matter.,Revenue & Land Records,Medium
ദയവായി സഹായിക്കണം. ഞങ്ങളുടെ പ്രദേശത്ത് മതിയായ ബസ് സർവീസ് ഇല്ല,Transport,Low
ग्रामीण कल्याण परियोजना लंबित है कृपया इस समस्या का समाधान करें।,Rural Development / Panchayat,Medium
இந்த பிரச்சனையை கவனிக்கவும்: எங்கள் பகுதியில் குப்பைகள் குவிந்துள்ளன தயவுசெய்து இந்த பிரச்சனையை தீர்க்கவும்.,Waste Management,High
Please help. The health centre is overcrowded Please look into this matter.,Health,Low
इस समस्या पर ध्यान दें: मेरे श्रमिक पंजीकरण की जानकारी गलत है कृपया इस समस्या का समाधान करें।,Labour & Employment,Low
தயவுசெய்து இதை சரி செய்யுங்கள். உர விநியோகம் தாமதமாகியுள்ளது தயவுசெய்து தேவையான நடவடிக்கை எடுக்கவும்.,Agriculture,Medium
मुख्य सड़क की मरम्मत की जरूरत है कृपया इस समस्या का समाधान करें।,Roads & Highways,Medium
இந்த பிரச்சனை குறித்து புகார் அளிக்கிறேன்: அரசு அலுவலகத்திற்கு மின் பழுதுபார்ப்பு தேவை,Public Works,Low
ദയവായി ഇത് പരിഹരിക്കുക. ഞങ്ങളുടെ സ്കൂളിന് സമീപം അപകടകരമായി വാഹനങ്ങൾ ഓടിക്കുന്നു ദയവായി ആവശ്യമായ നടപടി സ്വീകരിക്കുക.,Police,Medium
இந்த பிரச்சனை குறித்து புகார் அளிக்கிறேன்: அரசு ஆன்லைன் தளம் வேலை செய்யவில்லை இந்த பிரச்சனையை கவனிக்கவும்.,e-Governance,Medium
कृपया मदद करें। हमारी सड़क के पास अवैध गतिविधियां हो रही हैं कृपया आवश्यक कार्रवाई करें।,Police,Medium
Kindly look into this: My online application status has not changed Please take necessary action.,e-Governance,Medium
कृपया इस समस्या को देखें: मुझे महिला कल्याण योजना में सहायता चाहिए कृपया इस मामले को देखें।,Women & Child Welfare,Low
தயவுசெய்து இதை சரி செய்யுங்கள். என் வீட்டின் அருகிலுள்ள கழிவுநீர் குழாய் அடைத்துள்ளது தயவுசெய்து தேவையான நடவடிக்கை எடுக்கவும்.,Drainage & Sewerage,Medium
I received a threatening message,Police,Critical
कृपया मदद करें। मुझे आवास योजना का लाभ अभी तक नहीं मिला है कृपया आवश्यक कार्रवाई करें।,Housing,High
इस समस्या पर ध्यान दें: जमा कचरे से बहुत बदबू आ रही है,Waste Management,Medium
தயவுசெய்து இதை சரி செய்யுங்கள். எனது ரேஷன் அட்டையில் தவறான விவரங்கள் உள்ளன தயவுசெய்து தேவையான நடவடிக்கை எடுக்கவும்.,Food & Civil Supplies,Medium
Please help. The child care centre in our area is not functioning Kindly resolve this issue.,Women & Child Welfare,High
Please help. I need to file a police complaint Kindly resolve this issue.,Police,Medium
कृपया मदद करें। सरकारी स्वास्थ्य केंद्र में डॉक्टर उपलब्ध नहीं हैं कृपया इस मामले को देखें।,Health,Medium
தயவுசெய்து உதவுங்கள். எனது புதிய ரேஷன் அட்டை வழங்கப்படவில்லை,Food & Civil Supplies,Medium
कृपया इस समस्या को देखें: सरकारी छात्रावास में बेहतर सुविधाओं की जरूरत है,Education,Medium
இந்த பிரச்சனையை கவனிக்கவும்: அரசு பேருந்து அட்டவணையை பின்பற்றவில்லை தயவுசெய்து தேவையான நடவடிக்கை எடுக்கவும்.,Transport,Low
ഈ പ്രശ്നം ശ്രദ്ധിക്കുക: ഞങ്ങളുടെ പ്രദേശത്തിന് സമീപം ശക്തമായ രാസവസ്തു ഗന്ധമുണ്ട് ദയവായി ഈ വിഷയം പരിശോധിക്കുക.,Environment & Forest,Low
தயவுசெய்து இதை சரி செய்யுங்கள். எனது நில மாற்ற விண்ணப்பம் நிலுவையில் உள்ளது இந்த பிரச்சனையை கவனிக்கவும்.,Revenue & Land Records,Low
कल्याण कार्यालय ने जवाब नहीं दिया है,Social Welfare,High
कृपया मदद करें। नाले के पानी से बहुत बदबू आ रही है कृपया इस समस्या का समाधान करें।,Drainage & Sewerage,Low
ഈ പ്രശ്നത്തെക്കുറിച്ച് പരാതി നൽകുന്നു: എന്റെ സ്കോളർഷിപ്പ് അപേക്ഷ പരിഗണനയിൽ ആണ് ദയവായി ഈ വിഷയം പരിശോധിക്കുക.,Education,Medium
ഈ പ്രശ്നത്തെക്കുറിച്ച് പരാതി നൽകുന്നു: ഞങ്ങളുടെ പ്രദേശത്തെ ബസ് സ്റ്റോപ്പിന് അറ്റകുറ്റപ്പണി ആവശ്യമാണ് ദയവായി ഈ വിഷയം പരിശോധിക്കുക.,Transport,Low
इस समस्या पर ध्यान दें: पंचायत विकास निधि का उपयोग नहीं किया गया है कृपया इस समस्या का समाधान करें।,Rural Development / Panchayat,Low
इस समस्या पर ध्यान दें: मुख्य सड़क की मरम्मत की जरूरत है कृपया इस समस्या का समाधान करें।,Roads & Highways,Low
हमारी सड़क के पास ड्रेनेज पाइप टूट गया है,Drainage & Sewerage,High
தயவுசெய்து உதவுங்கள். எனது ஆன்லைன் விண்ணப்ப நிலை மாறவில்லை இந்த பிரச்சனையை கவனிக்கவும்.,e-Governance,Medium
मैं शिकायत करना चाहता हूं कि मुझे भूमि स्वामित्व रिकॉर्ड अपडेट करना है कृपया इस समस्या का समाधान करें।,Revenue & Land Records,Low
Kindly look into this: Dirty water is coming through the public pipeline Please look into this matter.,Water Services,Medium
ഈ പ്രശ്നം ശ്രദ്ധിക്കുക: ഞങ്ങളുടെ പ്രദേശത്ത് കുടിവെള്ള വിതരണം ഇല്ല ദയവായി ആവശ്യമായ നടപടി സ്വീകരിക്കുക.,Water Services,Low
इस समस्या पर ध्यान दें: हमारे सरकारी स्कूल में कंप्यूटर नहीं हैं कृपया आवश्यक कार्रवाई करें।,Education,Medium
I would like to complain that The government portal is very slow Please look into this matter.,e-Governance,Medium
कृपया इस समस्या को देखें: हमारे क्षेत्र के पास तेज रासायनिक गंध है,Environment & Forest,Low
தயவுசெய்து உதவுங்கள். பூச்சிகளால் எனது பயிர் சேதமடைந்துள்ளது,Agriculture,Medium
People are dumping waste on the roadside Kindly resolve this issue.,Waste Management,Low
मेरे बिजली बिल में गलत रीडिंग दिखाई गई है कृपया इस मामले को देखें।,Electricity,Medium
Kindly look into this: The government housing allotment has been delayed Please look into this matter.,Housing,Medium
ദയവായി സഹായിക്കണം. ശേഖരിക്കാത്ത മാലിന്യം ദുർഗന്ധം ഉണ്ടാക്കുന്നു ദയവായി ഈ പ്രശ്നം പരിഹരിക്കുക.,Waste Management,Medium
இந்த பிரச்சனை குறித்து புகார் அளிக்கிறேன்: நியாய விலைக் கடை வேலை நேரத்தில் திறக்கப்படவில்லை தயவுசெய்து இந்த பிரச்சனையை தீர்க்கவும்.,Food & Civil Supplies,High
தயவுசெய்து உதவுங்கள். மருத்துவமனை மருந்தகத்தில் மருந்துகள் இல்லை தயவுசெய்து இந்த பிரச்சனையை தீர்க்கவும்.,Health,Low
I need information about women welfare schemes Please take necessary action.,Women & Child Welfare,Medium
ഈ പ്രശ്നം ശ്രദ്ധിക്കുക: ശേഖരിക്കാത്ത മാലിന്യം ദുർഗന്ധം ഉണ്ടാക്കുന്നു ദയവായി ആവശ്യമായ നടപടി സ്വീകരിക്കുക.,Waste Management,High
Kindly look into this: A factory is causing serious air pollution Please take necessary action.,Environment & Forest,High
இந்த பிரச்சனையை கவனிக்கவும்: ஒரு தொழிற்சாலை கடுமையான காற்று மாசை ஏற்படுத்துகிறது தயவுசெய்து தேவையான நடவடிக்கை எடுக்கவும்.,Environment & Forest,High
इस समस्या पर ध्यान दें: हमारे क्षेत्र में बीजों की कमी है कृपया इस मामले को देखें।,Agriculture,Medium
தயவுசெய்து உதவுங்கள். வீட்டு குப்பைகள் எங்கள் வீடுகளுக்கு அருகில் குவிந்துள்ளன,Waste Management,Medium
ദയവായി ഇത് പരിഹരിക്കുക. ഞങ്ങളുടെ പ്രദേശത്തെ കമ്മ്യൂണിറ്റി പാർക്ക് ഉപയോഗിക്കാൻ കഴിയുന്നില്ല ദയവായി ഈ പ്രശ്നം പരിഹരിക്കുക.,Municipal Corporation,Medium
सरकारी वेबसाइट पर त्रुटि दिखाई दे रही है कृपया इस समस्या का समाधान करें।,e-Governance,High
कृपया मदद करें। हमारे क्षेत्र का सामुदायिक पार्क उपयोग के लायक नहीं है कृपया इस मामले को देखें।,Municipal Corporation,Medium
मैं शिकायत करना चाहता हूं कि हमारे घर के बाहर सीवेज का पानी जमा है,Drainage & Sewerage,Low
ഈ പ്രശ്നം ശ്രദ്ധിക്കുക: എന്റെ മെഡിക്കൽ റിപ്പോർട്ട് വൈകിയിരിക്കുന്നു ദയവായി ഈ പ്രശ്നം പരിഹരിക്കുക.,Health,Medium
ദയവായി സഹായിക്കണം. ഞങ്ങളുടെ ഗ്രാമത്തിലേക്കുള്ള ബസ് സർവീസ് കുറച്ചു ദയവായി ഈ പ്രശ്നം പരിഹരിക്കുക.,Transport,Low
The village road development work is incomplete,Rural Development / Panchayat,Medium
मेरे बच्चे के कल्याण आवेदन में देरी हुई है कृपया आवश्यक कार्रवाई करें।,Women & Child Welfare,Medium
ഈ പ്രശ്നം ശ്രദ്ധിക്കുക: പട്ട കൈമാറ്റ അപേക്ഷ പരിഗണനയിലാണ്,Revenue & Land Records,Low
Please help. The river near our village is polluted Kindly resolve this issue.,Environment & Forest,Medium
ദയവായി സഹായിക്കണം. എന്റെ ഭൂമി രേഖയിൽ തെറ്റായ വിവരമുണ്ട്,Revenue & Land Records,Medium
मैं शिकायत करना चाहता हूं कि नगर निगम कार्यालय ने हमारी शिकायत का जवाब नहीं दिया कृपया इस मामले को देखें।,Municipal Corporation,Medium
ഈ പ്രശ്നം ശ്രദ്ധിക്കുക: ആശുപത്രിയിലെ ഫാർമസിയിൽ മരുന്നുകൾ ഇല്ല ദയവായി ഈ വിഷയം പരിശോധിക്കുക.,Health,Low
The water supply schedule is not being followed,Water Services,Low
ദയവായി ഇത് പരിഹരിക്കുക. ഞങ്ങളുടെ ഗ്രാമത്തിൽ മികച്ച പൊതു സൗകര്യങ്ങൾ ആവശ്യമാണ്,Rural Development / Panchayat,Medium
ഈ പ്രശ്നത്തെക്കുറിച്ച് പരാതി നൽകുന്നു: എന്റെ ഓൺലൈൻ അപേക്ഷയുടെ സ്ഥിതി മാറിയിട്ടില്ല ദയവായി ഈ വിഷയം പരിശോധിക്കുക.,e-Governance,Low
ഈ പ്രശ്നത്തെക്കുറിച്ച് പരാതി നൽകുന്നു: സർക്കാർ കെട്ടിടത്തിന്റെ മേൽക്കൂരയിൽ ചോർച്ചയുണ്ട് ദയവായി ഈ പ്രശ്നം പരിഹരിക്കുക.,Public Works,High
मुझे भूमि सर्वेक्षण मानचित्र की प्रति चाहिए,Revenue & Land Records,Medium
Please help. The streetlight pole near my house is damaged,Municipal Corporation,Medium
Kindly look into this: My family member is missing from the ration card Please look into this matter.,Food & Civil Supplies,Medium
ദയവായി ഇത് പരിഹരിക്കുക. ഞങ്ങളുടെ പ്രദേശത്തെ മാലിന്യപ്പെട്ടികൾ നിറഞ്ഞുകവിഞ്ഞു,Waste Management,Low
ദയവായി സഹായിക്കണം. വനിതാ ക്ഷേമ പദ്ധതിയിൽ സഹായം വേണം,Women & Child Welfare,Low
ഈ പ്രശ്നത്തെക്കുറിച്ച് പരാതി നൽകുന്നു: വനിതാ ക്ഷേമ പദ്ധതിയിൽ സഹായം വേണം,Women & Child Welfare,Low
ദയവായി സഹായിക്കണം. ഞങ്ങളുടെ സ്കൂളിന് സമീപം അപകടകരമായി വാഹനങ്ങൾ ഓടിക്കുന്നു ദയവായി ആവശ്യമായ നടപടി സ്വീകരിക്കുക.,Police,Medium
இந்த பிரச்சனையை கவனிக்கவும்: எங்கள் பகுதியில் உள்ள குழந்தை பராமரிப்பு மையம் செயல்படவில்லை,Women & Child Welfare,Low
इस समस्या पर ध्यान दें: औद्योगिक इकाई से बहुत अधिक धुआं निकल रहा है कृपया इस समस्या का समाधान करें।,Environment & Forest,Medium
தயவுசெய்து உதவுங்கள். எனது சொத்து பதிவில் பிழை உள்ளது இந்த பிரச்சனையை கவனிக்கவும்.,Revenue & Land Records,Medium
എന്റെ റേഷൻ കാർഡ് അപേക്ഷ പരിഗണനയിലാണ് ദയവായി ഈ പ്രശ്നം പരിഹരിക്കുക.,Food & Civil Supplies,Medium
സർക്കാർ കെട്ടിടത്തിന് അടിയന്തര പരിപാലനം ആവശ്യമാണ് ദയവായി ഈ പ്രശ്നം പരിഹരിക്കുക.,Public Works,Critical
ഈ പ്രശ്നം ശ്രദ്ധിക്കുക: സർക്കാർ ക്ലിനിക്ക് ജോലി സമയത്ത് തുറക്കുന്നില്ല ദയവായി ഈ വിഷയം പരിശോധിക്കുക.,Health,Low
ഈ പ്രശ്നത്തെക്കുറിച്ച് പരാതി നൽകുന്നു: സർക്കാർ കെട്ടിടത്തിലെ ഡ്രെയിനേജ് നന്നാക്കണം,Public Works,Medium
कृपया इस समस्या को देखें: राशन दुकानदार अतिरिक्त पैसे मांग रहा है कृपया इस समस्या का समाधान करें।,Food & Civil Supplies,Medium
മാലിന്യ ശേഖരണ തൊഴിലാളികൾ പതിവായി വരുന്നില്ല ദയവായി ഈ വിഷയം പരിശോധിക്കുക.,Waste Management,Low
इस समस्या पर ध्यान दें: मेरे बिजली बिल में गलत रीडिंग दिखाई गई है कृपया इस समस्या का समाधान करें।,Electricity,High
I would like to complain that My medical report has been delayed Please look into this matter.,Health,Medium
ഈ പ്രശ്നം ശ്രദ്ധിക്കുക: ഞങ്ങളുടെ പ്രദേശത്ത് മതിയായ ബസ് സർവീസ് ഇല്ല ദയവായി ഈ വിഷയം പരിശോധിക്കുക.,Transport,Low
ദയവായി സഹായിക്കണം. എന്റെ വീടിന് സമീപമുള്ള മലിനജല ഓട അടഞ്ഞിരിക്കുന്നു,Drainage & Sewerage,Medium
कृपया मदद करें। सार्वजनिक भवन की खिड़कियां टूट गई हैं कृपया इस समस्या का समाधान करें।,Public Works,Medium
தயவுசெய்து இதை சரி செய்யுங்கள். அரசுப் பள்ளியில் போதுமான ஆசிரியர்கள் இல்லை இந்த பிரச்சனையை கவனிக்கவும்.,Education,Low
ഈ പ്രശ്നത്തെക്കുറിച്ച് പരാതി നൽകുന്നു: ഗ്രാമ വികസന പദ്ധതി നിർത്തിവച്ചിരിക്കുന്നു ദയവായി ഈ പ്രശ്നം പരിഹരിക്കുക.,Rural Development / Panchayat,Medium
ഈ പ്രശ്നത്തെക്കുറിച്ച് പരാതി നൽകുന്നു: ഞങ്ങളുടെ വയലിലേക്കുള്ള ജലസേചന കനാൽ കേടായിട്ടുണ്ട് ദയവായി ഈ പ്രശ്നം പരിഹരിക്കുക.,Agriculture,Medium
कृपया मदद करें। सड़क के किनारे खुले में कचरा पड़ा है कृपया इस मामले को देखें।,Waste Management,Medium
ഈ പ്രശ്നം ശ്രദ്ധിക്കുക: എന്റെ തൊഴിലില്ലായ്മ സഹായ അപേക്ഷ പരിഗണനയിലാണ് ദയവായി ആവശ്യമായ നടപടി സ്വീകരിക്കുക.,Labour & Employment,Medium
ദയവായി ഇത് പരിഹരിക്കുക. എന്റെ സ്വത്തിന്റെ സർവേ വിവരങ്ങൾ തെറ്റാണ് ദയവായി ഈ വിഷയം പരിശോധിക്കുക.,Revenue & Land Records,Medium
ഞങ്ങളുടെ ഗ്രാമത്തിലേക്കുള്ള ബസ് സർവീസ് കുറച്ചു ദയവായി ആവശ്യമായ നടപടി സ്വീകരിക്കുക.,Transport,Low
I would like to complain that My welfare scheme application is pending Please take necessary action.,Social Welfare,Medium
இந்த பிரச்சனையை கவனிக்கவும்: எனது சேர்க்கை விண்ணப்பம் இன்னும் நிலுவையில் உள்ளது தயவுசெய்து இந்த பிரச்சனையை தீர்க்கவும்.,Education,High
Kindly look into this: My medical report has been delayed,Health,Medium
ദയവായി സഹായിക്കണം. ഞങ്ങളുടെ തെരുവിന് സമീപം നിയമവിരുദ്ധ പ്രവർത്തനങ്ങൾ നടക്കുന്നു,Police,Medium
தயவுசெய்து உதவுங்கள். கழிவுநீர் குழாய் அடைத்துள்ளது தயவுசெய்து இந்த பிரச்சனையை தீர்க்கவும்.,Drainage & Sewerage,Medium
ഈ പ്രശ്നം ശ്രദ്ധിക്കുക: അനധികൃത മരം മുറിക്കൽ റിപ്പോർട്ട് ചെയ്യണം ദയവായി ആവശ്യമായ നടപടി സ്വീകരിക്കുക.,Environment & Forest,Low
தயவுசெய்து இதை சரி செய்யுங்கள். பெரிய பள்ளம் போக்குவரத்தை தடுக்கிறது தயவுசெய்து தேவையான நடவடிக்கை எடுக்கவும்.,Roads & Highways,Medium
இந்த பிரச்சனையை கவனிக்கவும்: எங்கள் பகுதியில் உள்ள பேருந்து நிறுத்தத்திற்கு பராமரிப்பு தேவை இந்த பிரச்சனையை கவனிக்கவும்.,Transport,Medium
इस समस्या पर ध्यान दें: कल्याण कार्यालय ने जवाब नहीं दिया है कृपया इस मामले को देखें।,Social Welfare,High
ഈ പ്രശ്നത്തെക്കുറിച്ച് പരാതി നൽകുന്നു: ഞങ്ങളുടെ വീടിന് പുറത്ത് മലിനജലം കെട്ടിക്കിടക്കുന്നു ദയവായി ഈ വിഷയം പരിശോധിക്കുക.,Drainage & Sewerage,Medium
இந்த பிரச்சனையை கவனிக்கவும்: நகராட்சி அலுவலகம் எங்கள் புகாருக்கு பதிலளிக்கவில்லை,Municipal Corporation,Low
Kindly look into this: I need to update my ration card details Kindly resolve this issue.,Food & Civil Supplies,Medium
आवास योजना की लाभार्थी सूची गलत है कृपया इस मामले को देखें।,Housing,Medium
मैं शिकायत करना चाहता हूं कि सरकारी स्कूल में पर्याप्त शिक्षक नहीं हैं कृपया आवश्यक कार्रवाई करें।,Education,Medium
मैं शिकायत करना चाहता हूं कि हमारे इलाके का सार्वजनिक शौचालय ठीक से maintained नहीं है कृपया इस समस्या का समाधान करें।,Municipal Corporation,Low
Kindly look into this: My ration card contains incorrect details,Food & Civil Supplies,Medium
कृपया मदद करें। एक विवाद में पुलिस की सहायता चाहिए कृपया इस समस्या का समाधान करें।,Police,Medium
Please help. I want to report illegal tree cutting Please take necessary action.,Environment & Forest,Medium
कृपया इस समस्या को देखें: कॉलेज ने मेरा प्रमाणपत्र जारी नहीं किया है,Education,Medium
தயவுசெய்து இதை சரி செய்யுங்கள். வீட்டு துறை பதிலளிக்கவில்லை தயவுசெய்து இந்த பிரச்சனையை தீர்க்கவும்.,Housing,Medium
தயவுசெய்து இதை சரி செய்யுங்கள். எனது வீட்டு உதவி விண்ணப்பம் நிலுவையில் உள்ளது இந்த பிரச்சனையை கவனிக்கவும்.,Housing,Low
There is an open garbage dump beside the road Please look into this matter.,Waste Management,Medium
Please help. The garbage container near the market is overflowing Please look into this matter.,Waste Management,Medium
മാലിന്യ വാഹനം ഞങ്ങളുടെ പ്രദേശത്ത് വരുന്നത് നിർത്തി ദയവായി ഈ പ്രശ്നം പരിഹരിക്കുക.,Waste Management,Medium
ഈ പ്രശ്നത്തെക്കുറിച്ച് പരാതി നൽകുന്നു: സ്കൂൾ ലൈബ്രറിയിൽ മതിയായ പുസ്തകങ്ങൾ ഇല്ല ദയവായി ഈ പ്രശ്നം പരിഹരിക്കുക.,Education,Low
ദയവായി സഹായിക്കണം. ഞങ്ങളുടെ വീടിന് പുറത്ത് മലിനജലം കെട്ടിക്കിടക്കുന്നു ദയവായി ഈ വിഷയം പരിശോധിക്കുക.,Drainage & Sewerage,High
कृपया इस समस्या को देखें: ग्रामीण विकास परियोजना बंद हो गई है कृपया इस मामले को देखें।,Rural Development / Panchayat,High
इस समस्या पर ध्यान दें: मेरा प्रवेश आवेदन अभी भी लंबित है कृपया इस समस्या का समाधान करें।,Education,Low
There is illegal activity near our street,Police,High
குப்பை வாகனம் எங்கள் பகுதிக்கு வருவதை நிறுத்திவிட்டது தயவுசெய்து இந்த பிரச்சனையை தீர்க்கவும்.,Waste Management,High
My admission application is still pending Please look into this matter.,Education,Medium
इस समस्या पर ध्यान दें: हमारे गांव में बेहतर बुनियादी सुविधाओं की जरूरत है,Rural Development / Panchayat,Medium
Kindly look into this: My family member is missing from the ration card Please take necessary action.,Food & Civil Supplies,Medium
हमारी सड़क के पास अवैध गतिविधियां हो रही हैं कृपया आवश्यक कार्रवाई करें।,Police,Medium
Kindly look into this: Our neighborhood experiences daily power cuts Kindly resolve this issue.,Electricity,High
I would like to complain that I have not received my monthly pension Please take necessary action.,Social Welfare,Medium
தயவுசெய்து இதை சரி செய்யுங்கள். அரசு அலுவலக கட்டிடத்திற்கு பழுது பார்க்க வேண்டும் தயவுசெய்து தேவையான நடவடிக்கை எடுக்கவும்.,Public Works,Medium
ഈ പ്രശ്നം ശ്രദ്ധിക്കുക: ഭൂമി സർവേ മാപ്പിന്റെ പകർപ്പ് വേണം,Revenue & Land Records,Medium
Please help. My housing assistance application is pending Please take necessary action.,Housing,Medium
I want to report that The government online portal is not working Please look into this matter.,e-Governance,High
இந்த பிரச்சனையை கவனிக்கவும்: எங்கள் தெருவில் குப்பை சேகரிக்கப்படவில்லை தயவுசெய்து தேவையான நடவடிக்கை எடுக்கவும்.,Waste Management,High
எனது நில மாற்ற விண்ணப்பம் நிலுவையில் உள்ளது இந்த பிரச்சனையை கவனிக்கவும்.,Revenue & Land Records,High
मैं शिकायत करना चाहता हूं कि सरकारी बसें नियमित रूप से नहीं चल रही हैं कृपया आवश्यक कार्रवाई करें।,Transport,Low
इस समस्या पर ध्यान दें: घर निर्माण की सब्सिडी अभी तक नहीं मिली है,Housing,Low
इस समस्या पर ध्यान दें: कारखाने से ध्वनि प्रदूषण हो रहा है,Environment & Forest,Low
ദയവായി സഹായിക്കണം. ഭൂമി ഉടമസ്ഥാവകാശ രേഖ പുതുക്കണം ദയവായി ആവശ്യമായ നടപടി സ്വീകരിക്കുക.,Revenue & Land Records,Medium
எனது சொத்து பதிவில் பிழை உள்ளது தயவுசெய்து இந்த பிரச்சனையை தீர்க்கவும்.,Revenue & Land Records,High
தயவுசெய்து இதை சரி செய்யுங்கள். காட்டிற்கு அருகில் சட்டவிரோதமாக கழிவுகள் கொட்டப்படுகின்றன தயவுசெய்து இந்த பிரச்சனையை தீர்க்கவும்.,Environment & Forest,High
इस समस्या पर ध्यान दें: गंदा पानी सड़क पर बह रहा है,Drainage & Sewerage,Low
Please help. I received a threatening message Kindly resolve this issue.,Police,High
டிஜிட்டல் அரசு சேவை கிடைக்கவில்லை இந்த பிரச்சனையை கவனிக்கவும்.,e-Governance,Medium
इस समस्या पर ध्यान दें: किसी ने मेरी संपत्ति को नुकसान पहुंचाया है कृपया इस मामले को देखें।,Police,Medium
தயவுசெய்து உதவுங்கள். அரசு பேருந்துகள் முறையாக இயக்கப்படவில்லை தயவுசெய்து இந்த பிரச்சனையை தீர்க்கவும்.,Transport,High
தயவுசெய்து உதவுங்கள். எங்கள் பகுதியில் நடந்த திருட்டை புகார் செய்ய விரும்புகிறேன் இந்த பிரச்சனையை கவனிக்கவும்.,Police,High
मेरे बच्चे के कल्याण आवेदन में देरी हुई है कृपया इस मामले को देखें।,Women & Child Welfare,Medium
Please help. There is an open garbage dump beside the road Kindly resolve this issue.,Waste Management,Medium
இந்த பிரச்சனை குறித்து புகார் அளிக்கிறேன்: தொழிற்சாலையால் ஒலி மாசு ஏற்படுகிறது இந்த பிரச்சனையை கவனிக்கவும்.,Environment & Forest,Medium
இந்த பிரச்சனை குறித்து புகார் அளிக்கிறேன்: விவசாயிகளுக்கு பயிர் காப்பீட்டு உதவி கிடைக்கவில்லை தயவுசெய்து தேவையான நடவடிக்கை எடுக்கவும்.,Agriculture,Medium
Water has not reached our street since yesterday Please take necessary action.,Water Services,Low
தயவுசெய்து இதை சரி செய்யுங்கள். அரசு கட்டிடத்தின் வடிகால் பழுதுபார்க்க வேண்டும் தயவுசெய்து இந்த பிரச்சனையை தீர்க்கவும்.,Public Works,High
இந்த பிரச்சனை குறித்து புகார் அளிக்கிறேன்: எங்கள் கிராம சமூக கூடத்திற்கு பராமரிப்பு தேவை தயவுசெய்து தேவையான நடவடிக்கை எடுக்கவும்.,Rural Development / Panchayat,Medium
इस समस्या पर ध्यान दें: आवास विभाग ने जवाब नहीं दिया है कृपया आवश्यक कार्रवाई करें।,Housing,Medium
I would like to complain that There is a strong chemical smell near our locality Please look into this matter.,Environment & Forest,High
தயவுசெய்து இதை சரி செய்யுங்கள். கழிவுநீரால் துர்நாற்றம் ஏற்படுகிறது தயவுசெய்து இந்த பிரச்சனையை தீர்க்கவும்.,Drainage & Sewerage,Medium
ഈ പ്രശ്നം ശ്രദ്ധിക്കുക: പൊതു ബസിൽ പതിവായി വലിയ തിരക്കാണ് ദയവായി ഈ വിഷയം പരിശോധിക്കുക.,Transport,High
Please help. The power pole outside my house is damaged,Electricity,Medium
कृपया इस समस्या को देखें: ग्रामीण कल्याण परियोजना लंबित है कृपया इस समस्या का समाधान करें।,Rural Development / Panchayat,Low
सरकारी स्कूल में पर्याप्त शिक्षक नहीं हैं कृपया इस समस्या का समाधान करें।,Education,High
My family member is missing from the ration card,Food & Civil Supplies,Low
ഈ പ്രശ്നം ശ്രദ്ധിക്കുക: കുട്ടികൾക്കുള്ള പോഷകാഹാര സേവനം ലഭ്യമല്ല ദയവായി ഈ പ്രശ്നം പരിഹരിക്കുക.,Women & Child Welfare,Low
பொது உள்கட்டமைப்பு சரியாக பராமரிக்கப்படவில்லை தயவுசெய்து இந்த பிரச்சனையை தீர்க்கவும்.,Public Works,Medium
இந்த பிரச்சனையை கவனிக்கவும்: எனது வீட்டு உதவி விண்ணப்பம் நிலுவையில் உள்ளது,Housing,Medium
I want to report that The child care centre in our area is not functioning Kindly resolve this issue.,Women & Child Welfare,Medium
My beneficiary details are incorrect Please take necessary action.,Social Welfare,Medium
എന്റെ കുട്ടിയുടെ ക്ഷേമ അപേക്ഷ വൈകിയിരിക്കുന്നു ദയവായി ഈ പ്രശ്നം പരിഹരിക്കുക.,Women & Child Welfare,Low
मैं शिकायत करना चाहता हूं कि मुझे अपने भूमि दस्तावेज की प्रति चाहिए कृपया इस मामले को देखें।,Revenue & Land Records,High
The government bus is not following its schedule Please look into this matter.,Transport,High
எனது பயனாளி விவரங்கள் தவறாக உள்ளன இந்த பிரச்சனையை கவனிக்கவும்.,Social Welfare,High
बिना सूचना के बस मार्ग बदल दिया गया है कृपया इस मामले को देखें।,Transport,High
कृपया मदद करें। हमारे स्कूल के पास खतरनाक तरीके से वाहन चलाए जा रहे हैं कृपया इस मामले को देखें।,Police,Critical
இந்த பிரச்சனையை கவனிக்கவும்: எனது விவசாய மானிய விண்ணப்பம் நிலுவையில் உள்ளது இந்த பிரச்சனையை கவனிக்கவும்.,Agriculture,Medium
ഈ പ്രശ്നത്തെക്കുറിച്ച് പരാതി നൽകുന്നു: വനിതാ ക്ഷേമ പദ്ധതിയിൽ സഹായം വേണം ദയവായി ഈ വിഷയം പരിശോധിക്കുക.,Women & Child Welfare,High
कृपया मदद करें। सरकारी पोर्टल बहुत धीमा है कृपया आवश्यक कार्रवाई करें।,e-Governance,Low
സർക്കാർ കെട്ടിടത്തിന് അടിയന്തര പരിപാലനം ആവശ്യമാണ് ദയവായി ഈ വിഷയം പരിശോധിക്കുക.,Public Works,High
எனது மாற்றுத்திறனாளர் உதவித்தொகை தாமதமாகியுள்ளது இந்த பிரச்சனையை கவனிக்கவும்.,Social Welfare,High
இந்த பிரச்சனை குறித்து புகார் அளிக்கிறேன்: நலத்துறை அலுவலகம் பதிலளிக்கவில்லை தயவுசெய்து இந்த பிரச்சனையை தீர்க்கவும்.,Social Welfare,Low
இந்த பிரச்சனை குறித்து புகார் அளிக்கிறேன்: வீட்டு துறை பதிலளிக்கவில்லை இந்த பிரச்சனையை கவனிக்கவும்.,Housing,High
गांव के विकास कार्य में देरी हो रही है कृपया इस मामले को देखें।,Rural Development / Panchayat,Low
Please help. The government school does not have enough teachers,Education,Medium
தயவுசெய்து உதவுங்கள். பொது உள்கட்டமைப்பு சரியாக பராமரிக்கப்படவில்லை தயவுசெய்து தேவையான நடவடிக்கை எடுக்கவும்.,Public Works,Medium
I want to report that There is excessive smoke from an industrial unit,Environment & Forest,Low
இந்த பிரச்சனையை கவனிக்கவும்: எனது சமூக நல ஓய்வூதியம் வரவில்லை,Social Welfare,Low
ഈ പ്രശ്നത്തെക്കുറിച്ച് പരാതി നൽകുന്നു: ഇന്നലെ മുതൽ ഞങ്ങളുടെ പ്രദേശത്ത് വൈദ്യുതി ഇല്ല ദയവായി ഈ പ്രശ്നം പരിഹരിക്കുക.,Electricity,High
ദയവായി ഇത് പരിഹരിക്കുക. റേഷൻ കാർഡ് വിവരങ്ങൾ പുതുക്കണം ദയവായി ആവശ്യമായ നടപടി സ്വീകരിക്കുക.,Food & Civil Supplies,Low
कृपया मदद करें। सार्वजनिक नल काम करना बंद कर चुका है कृपया इस समस्या का समाधान करें।,Water Services,Medium
എന്റെ തൊഴിലില്ലായ്മ സഹായ അപേക്ഷ പരിഗണനയിലാണ് ദയവായി ആവശ്യമായ നടപടി സ്വീകരിക്കുക.,Labour & Employment,Medium
எனது ரேஷன் அட்டை விண்ணப்பம் நிலுவையில் உள்ளது,Food & Civil Supplies,High
कृपया मदद करें। सरकारी अस्पताल में जरूरी दवाइयां उपलब्ध नहीं हैं कृपया इस मामले को देखें।,Health,High
I want to report that There is an error in my property record Please look into this matter.,Revenue & Land Records,Low
मेरी संपत्ति के रिकॉर्ड में गलती है कृपया इस समस्या का समाधान करें।,Revenue & Land Records,Medium
இந்த பிரச்சனை குறித்து புகார் அளிக்கிறேன்: சட்டவிரோத மர வெட்டலை புகார் செய்ய வேண்டும் தயவுசெய்து இந்த பிரச்சனையை தீர்க்கவும்.,Environment & Forest,High
ഈ പ്രശ്നം ശ്രദ്ധിക്കുക: എന്റെ സ്കോളർഷിപ്പ് അപേക്ഷ പരിഗണനയിൽ ആണ് ദയവായി ഈ വിഷയം പരിശോധിക്കുക.,Education,Medium
தயவுசெய்து உதவுங்கள். வனப்பகுதி ஆக்கிரமிக்கப்படுகிறது,Environment & Forest,Medium
ദയവായി ഇത് പരിഹരിക്കുക. ഡിജിറ്റൽ സർക്കാർ സേവനം ലഭ്യമല്ല ദയവായി ഈ പ്രശ്നം പരിഹരിക്കുക.,e-Governance,High
कृपया मदद करें। हमारे इलाके में रोज बिजली कटौती होती है कृपया इस समस्या का समाधान करें।,Electricity,Medium
ദയവായി ഇത് പരിഹരിക്കുക. സ്കൂൾ ലൈബ്രറിയിൽ മതിയായ പുസ്തകങ്ങൾ ഇല്ല ദയവായി ആവശ്യമായ നടപടി സ്വീകരിക്കുക.,Education,Low
ഒരു തർക്കത്തിന് പോലീസ് സഹായം ആവശ്യമാണ് ദയവായി ഈ പ്രശ്നം പരിഹരിക്കുക.,Police,Medium
Please help. I need information about social welfare schemes Please look into this matter.,Social Welfare,High
ദയവായി ഇത് പരിഹരിക്കുക. എന്റെ ഭൂമി മ്യൂട്ടേഷൻ അപേക്ഷ പരിഗണനയിലാണ് ദയവായി ഈ പ്രശ്നം പരിഹരിക്കുക.,Revenue & Land Records,High
ഞങ്ങളുടെ തെരുവിന് സമീപം നിയമവിരുദ്ധ പ്രവർത്തനങ്ങൾ നടക്കുന്നു,Police,Low
ഈ പ്രശ്നത്തെക്കുറിച്ച് പരാതി നൽകുന്നു: ഞങ്ങളുടെ വയലിലേക്കുള്ള ജലസേചന കനാൽ കേടായിട്ടുണ്ട്,Agriculture,Medium
ഈ പ്രശ്നത്തെക്കുറിച്ച് പരാതി നൽകുന്നു: പൊതു കെട്ടിടത്തിന്റെ വാതിലുകൾ കേടായിട്ടുണ്ട് ദയവായി ഈ പ്രശ്നം പരിഹരിക്കുക.,Public Works,Medium
ഈ പ്രശ്നം ശ്രദ്ധിക്കുക: മലിനജലം ഞങ്ങളുടെ പ്രദേശത്തേക്ക് ഒഴുകുന്നു ദയവായി ആവശ്യമായ നടപടി സ്വീകരിക്കുക.,Drainage & Sewerage,High
कृपया इस समस्या को देखें: सरकारी कार्यालय की इमारत की मरम्मत की जरूरत है,Public Works,Low
कृपया इस समस्या को देखें: बच्चों के लिए पोषण सेवा उपलब्ध नहीं है कृपया आवश्यक कार्रवाई करें।,Women & Child Welfare,High
அரசின் குழந்தை உதவித்தொகை நிலுவையில் உள்ளது,Women & Child Welfare,Low
தயவுசெய்து இதை சரி செய்யுங்கள். கல்லூரி எனது சான்றிதழை வழங்கவில்லை,Education,High
ഈ പ്രശ്നം ശ്രദ്ധിക്കുക: റോഡിന് സമീപമുള്ള വൈദ്യുതി വയർ അപകടകരമായി തൂങ്ങിയിരിക്കുന്നു ദയവായി ഈ പ്രശ്നം പരിഹരിക്കുക.,Electricity,High
I would like to complain that The sewage drain near my house is blocked Please look into this matter.,Drainage & Sewerage,High
தயவுசெய்து இதை சரி செய்யுங்கள். எங்கள் பகுதியில் தினமும் மின்தடை ஏற்படுகிறது இந்த பிரச்சனையை கவனிக்கவும்.,Electricity,Medium
இந்த பிரச்சனையை கவனிக்கவும்: சட்டவிரோத மர வெட்டலை புகார் செய்ய வேண்டும் தயவுசெய்து இந்த பிரச்சனையை தீர்க்கவும்.,Environment & Forest,Low
ഈ പ്രശ്നം ശ്രദ്ധിക്കുക: വെള്ള കണക്ഷൻ അപേക്ഷ ഇപ്പോഴും പരിഗണനയിലാണ് ദയവായി ഈ പ്രശ്നം പരിഹരിക്കുക.,Water Services,Low
தயவுசெய்து உதவுங்கள். கழிவுநீரால் துர்நாற்றம் ஏற்படுகிறது தயவுசெய்து இந்த பிரச்சனையை தீர்க்கவும்.,Drainage & Sewerage,Low
தயவுசெய்து உதவுங்கள். நிலத்தடி கழிவுநீர் அமைப்பு அடைத்துள்ளது,Drainage & Sewerage,High
मैं शिकायत करना चाहता हूं कि मुझे भूमि स्वामित्व रिकॉर्ड अपडेट करना है कृपया इस मामले को देखें।,Revenue & Land Records,Medium
I want to report that The road shoulder has collapsed Please look into this matter.,Roads & Highways,High
എന്റെ തൊഴിൽ സർട്ടിഫിക്കറ്റ് വൈകിയിരിക്കുന്നു ദയവായി ഈ വിഷയം പരിശോധിക്കുക.,Labour & Employment,Medium
Kindly look into this: The public water pipeline is leaking,Water Services,High
कृपया इस समस्या को देखें: बस शेल्टर खराब हो गया है कृपया आवश्यक कार्रवाई करें।,Transport,Medium
இந்த பிரச்சனை குறித்து புகார் அளிக்கிறேன்: எனது மகப்பேறு உதவி விண்ணப்பம் நிலுவையில் உள்ளது தயவுசெய்து தேவையான நடவடிக்கை எடுக்கவும்.,Women & Child Welfare,Medium
Please help. The vaccination service is unavailable,Health,Medium
Kindly look into this: The public tap has stopped working Please take necessary action.,Water Services,High
இந்த பிரச்சனையை கவனிக்கவும்: அரசு மருத்துவமனை வேலை நேரத்தில் திறக்கப்படவில்லை தயவுசெய்து இந்த பிரச்சனையை தீர்க்கவும்.,Health,Medium
मैं शिकायत करना चाहता हूं कि मेरे बच्चे के कल्याण आवेदन में देरी हुई है कृपया आवश्यक कार्रवाई करें।,Women & Child Welfare,Medium
Please help. A major pothole is blocking traffic,Roads & Highways,Medium
इस समस्या पर ध्यान दें: मेरे भूमि रिकॉर्ड में गलत जानकारी दर्ज है कृपया इस समस्या का समाधान करें।,Revenue & Land Records,Low
ഈ പ്രശ്നം ശ്രദ്ധിക്കുക: ട്രാൻസ്പോർട്ട് പാസ് അപേക്ഷ വൈകുകയാണ് ദയവായി ആവശ്യമായ നടപടി സ്വീകരിക്കുക.,Transport,High
Kindly look into this: The public facility in our ward requires maintenance,Municipal Corporation,High
There is sewage water outside our house Please look into this matter.,Drainage & Sewerage,Critical
ഞങ്ങളുടെ താമസ പ്രദേശത്ത് മികച്ച മുനിസിപ്പൽ സേവനങ്ങൾ ആവശ്യമാണ്,Municipal Corporation,High
ദയവായി സഹായിക്കണം. എന്റെ സ്കോളർഷിപ്പ് തുക ഇതുവരെ ലഭിച്ചിട്ടില്ല ദയവായി ആവശ്യമായ നടപടി സ്വീകരിക്കുക.,Education,High
मैं शिकायत करना चाहता हूं कि वन क्षेत्र पर अतिक्रमण किया जा रहा है,Environment & Forest,Medium
Kindly look into this: I need a copy of my land document,Revenue & Land Records,Low
இந்த பிரச்சனையை கவனிக்கவும்: நலத்திட்டத்திற்கு விண்ணப்பிக்க உதவி வேண்டும்,Social Welfare,Low
ദയവായി സഹായിക്കണം. കേടായ റോഡ് കാരണം അപകടങ്ങൾ ഉണ്ടാകുന്നു ദയവായി ഈ പ്രശ്നം പരിഹരിക്കുക.,Roads & Highways,Low
इस समस्या पर ध्यान दें: सड़क की सफाई का समय निर्धारित तरीके से नहीं हो रहा है कृपया इस समस्या का समाधान करें।,Municipal Corporation,Low
Please help. The panchayat office has not responded to our complaint Please look into this matter.,Rural Development / Panchayat,Medium
My education certificate has not arrived,Education,Low
कृपया मदद करें। मेरी छात्रवृत्ति की राशि अभी तक नहीं मिली है,Education,Medium
मैं शिकायत करना चाहता हूं कि राशन दुकानदार अतिरिक्त पैसे मांग रहा है कृपया आवश्यक कार्रवाई करें।,Food & Civil Supplies,Low
தயவுசெய்து உதவுங்கள். எங்கள் பள்ளி அருகே ஆபத்தான முறையில் வாகனங்கள் ஓட்டப்படுகின்றன தயவுசெய்து தேவையான நடவடிக்கை எடுக்கவும்.,Police,Medium
कृपया मदद करें। मैं अपना आवेदन ऑनलाइन जमा नहीं कर सकता,e-Governance,High
मैं शिकायत करना चाहता हूं कि कारखाने से ध्वनि प्रदूषण हो रहा है कृपया आवश्यक कार्रवाई करें।,Environment & Forest,Medium
அரசின் குழந்தை உதவித்தொகை நிலுவையில் உள்ளது இந்த பிரச்சனையை கவனிக்கவும்.,Women & Child Welfare,Medium
இந்த பிரச்சனை குறித்து புகார் அளிக்கிறேன்: பொது குழாயில் அழுக்கான தண்ணீர் வருகிறது,Water Services,Medium
कृपया मदद करें। मेरा भूमि म्यूटेशन आवेदन लंबित है,Revenue & Land Records,Medium
ഈ പ്രശ്നത്തെക്കുറിച്ച് പരാതി നൽകുന്നു: വീട് നിർമ്മാണ സബ്സിഡി ഇതുവരെ ലഭിച്ചിട്ടില്ല ദയവായി ഈ പ്രശ്നം പരിഹരിക്കുക.,Housing,Medium
Please help. I need to update my land ownership record Kindly resolve this issue.,Revenue & Land Records,High
I would like to complain that My welfare scheme application is pending Please look into this matter.,Social Welfare,High
ഈ പ്രശ്നം ശ്രദ്ധിക്കുക: ഞങ്ങളുടെ പ്രദേശത്തിന് സമീപം ശക്തമായ രാസവസ്തു ഗന്ധമുണ്ട് ദയവായി ഈ പ്രശ്നം പരിഹരിക്കുക.,Environment & Forest,High
I would like to complain that The government clinic is not open during working hours,Health,Medium
I want to report that I need assistance from the women welfare department Please take necessary action.,Women & Child Welfare,Medium
இந்த பிரச்சனையை கவனிக்கவும்: எனது நில பதிவில் தவறான தகவல் உள்ளது தயவுசெய்து தேவையான நடவடிக்கை எடுக்கவும்.,Revenue & Land Records,Medium
இந்த பிரச்சனை குறித்து புகார் அளிக்கிறேன்: சேகரிக்கப்படாத குப்பையால் துர்நாற்றம் ஏற்படுகிறது இந்த பிரச்சனையை கவனிக்கவும்.,Waste Management,High
I would like to complain that There is a shortage of seeds in our area Please look into this matter.,Agriculture,Medium
I would like to complain that The community park has become unusable,Municipal Corporation,High
ഈ പ്രശ്നം ശ്രദ്ധിക്കുക: ഗ്രാമ വികസന പദ്ധതി നിർത്തിവച്ചിരിക്കുന്നു,Rural Development / Panchayat,Medium
कृपया इस समस्या को देखें: मुझे श्रमिक के रूप में पंजीकरण करने में सहायता चाहिए कृपया आवश्यक कार्रवाई करें।,Labour & Employment,Medium
സർക്കാർ ക്ലിനിക്ക് ജോലി സമയത്ത് തുറക്കുന്നില്ല ദയവായി ആവശ്യമായ നടപടി സ്വീകരിക്കുക.,Health,Low
இந்த பிரச்சனை குறித்து புகார் அளிக்கிறேன்: எனது சொத்து சர்வே விவரங்கள் தவறாக உள்ளன தயவுசெய்து தேவையான நடவடிக்கை எடுக்கவும்.,Revenue & Land Records,Medium
இந்த பிரச்சனையை கவனிக்கவும்: எனது நில பதிவில் தவறான தகவல் உள்ளது,Revenue & Land Records,Low
தயவுசெய்து இதை சரி செய்யுங்கள். ரேஷன் கடைக்காரர் கூடுதல் பணம் கேட்கிறார் இந்த பிரச்சனையை கவனிக்கவும்.,Food & Civil Supplies,Medium
The public toilet in our locality is not maintained Please take necessary action.,Municipal Corporation,Medium
I want to report that The government website is showing an error Please look into this matter.,e-Governance,Medium
There is an open garbage dump beside the road Please take necessary action.,Waste Management,Low
कृपया इस समस्या को देखें: नगर निगम कार्यालय ने हमारी शिकायत का जवाब नहीं दिया कृपया इस मामले को देखें।,Municipal Corporation,Low
தயவுசெய்து உதவுங்கள். எனது கல்விச் சான்றிதழ் இன்னும் வரவில்லை இந்த பிரச்சனையை கவனிக்கவும்.,Education,High
Kindly look into this: The drainage water is causing a bad smell,Drainage & Sewerage,Medium
I would like to complain that I need a copy of my land document Please take necessary action.,Revenue & Land Records,Low
ഈ പ്രശ്നത്തെക്കുറിച്ച് പരാതി നൽകുന്നു: എന്റെ ക്ഷേമ പദ്ധതി അപേക്ഷ പരിഗണനയിലാണ് ദയവായി ഈ പ്രശ്നം പരിഹരിക്കുക.,Social Welfare,Medium
அரசு கட்டிடத்தின் வடிகால் பழுதுபார்க்க வேண்டும் தயவுசெய்து தேவையான நடவடிக்கை எடுக்கவும்.,Public Works,Medium
எங்கள் வீட்டிற்கு வெளியே உள்ள மின்கம்பம் சேதமடைந்துள்ளது தயவுசெய்து தேவையான நடவடிக்கை எடுக்கவும்.,Electricity,Medium
நில உரிமை பதிவை புதுப்பிக்க வேண்டும்,Revenue & Land Records,Medium
कृपया मदद करें। राजमार्ग की सतह बहुत खराब हो गई है,Roads & Highways,Medium
ഈ പ്രശ്നത്തെക്കുറിച്ച് പരാതി നൽകുന്നു: റേഷൻ കടയിൽ അരി നൽകുന്നില്ല ദയവായി ഈ വിഷയം പരിശോധിക്കുക.,Food & Civil Supplies,Low
ദയവായി സഹായിക്കണം. വെള്ള വിതരണ സമയക്രമം പാലിക്കുന്നില്ല ദയവായി ഈ പ്രശ്നം പരിഹരിക്കുക.,Water Services,High
தயவுசெய்து இதை சரி செய்யுங்கள். அறிவிப்பு இல்லாமல் பேருந்து பாதை மாற்றப்பட்டுள்ளது தயவுசெய்து தேவையான நடவடிக்கை எடுக்கவும்.,Transport,Medium
தயவுசெய்து உதவுங்கள். குடிநீர் இணைப்பு வேலை செய்யவில்லை தயவுசெய்து இந்த பிரச்சனையை தீர்க்கவும்.,Water Services,Medium
எனது வீட்டு திட்ட உதவி இன்னும் கிடைக்கவில்லை,Housing,Medium
இந்த பிரச்சனையை கவனிக்கவும்: நிலத்தடி கழிவுநீர் அமைப்பு அடைத்துள்ளது தயவுசெய்து தேவையான நடவடிக்கை எடுக்கவும்.,Drainage & Sewerage,High
ഈ പ്രശ്നത്തെക്കുറിച്ച് പരാതി നൽകുന്നു: സാമൂഹിക ക്ഷേമ പദ്ധതികളെക്കുറിച്ച് വിവരം വേണം ദയവായി ആവശ്യമായ നടപടി സ്വീകരിക്കുക.,Social Welfare,Low
സർക്കാർ ആശുപത്രിയിൽ ആവശ്യമായ മരുന്നുകൾ ലഭ്യമല്ല ദയവായി ഈ പ്രശ്നം പരിഹരിക്കുക.,Health,High
ഈ പ്രശ്നം ശ്രദ്ധിക്കുക: എന്റെ പോലീസ് പരാതിക്ക് ഇതുവരെ മറുപടി ലഭിച്ചിട്ടില്ല ദയവായി ആവശ്യമായ നടപടി സ്വീകരിക്കുക.,Police,Medium
कृपया मदद करें। टीकाकरण सेवा उपलब्ध नहीं है कृपया आवश्यक कार्रवाई करें।,Health,Medium
Please help. My scholarship has not been credited Please look into this matter.,Education,Low
Please help. I have not received my worker welfare payment,Labour & Employment,High
Kindly look into this: Household waste is piling up near our houses Please look into this matter.,Waste Management,Medium
ദയവായി ഇത് പരിഹരിക്കുക. ഞങ്ങളുടെ പ്രദേശത്തിന് സമീപം ശക്തമായ രാസവസ്തു ഗന്ധമുണ്ട് ദയവായി ആവശ്യമായ നടപടി സ്വീകരിക്കുക.,Environment & Forest,High
कृपया मदद करें। मेरा श्रमिक पंजीकरण आवेदन लंबित है कृपया इस समस्या का समाधान करें।,Labour & Employment,Medium
சமூக நலத்திட்டங்கள் குறித்து தகவல் வேண்டும்,Social Welfare,Low
I would like to complain that Our village needs better public facilities Please look into this matter.,Rural Development / Panchayat,High
ഈ പ്രശ്നത്തെക്കുറിച്ച് പരാതി നൽകുന്നു: ഞങ്ങളുടെ സർക്കാർ സ്കൂളിൽ കമ്പ്യൂട്ടറുകൾ ഇല്ല ദയവായി ആവശ്യമായ നടപടി സ്വീകരിക്കുക.,Education,Medium
कृपया इस समस्या को देखें: एक विवाद में पुलिस की सहायता चाहिए कृपया इस मामले को देखें।,Police,High
सड़क का किनारा टूट गया है कृपया इस मामले को देखें।,Roads & Highways,Low
The vaccination service is unavailable Kindly resolve this issue.,Health,Low
The government hospital does not have essential medicines Please take necessary action.,Health,Medium
ദയവായി ഇത് പരിഹരിക്കുക. റോഡിന്റെ അരികിൽ തുറന്ന മാലിന്യക്കൂമ്പാരം ഉണ്ട് ദയവായി ഈ വിഷയം പരിശോധിക്കുക.,Waste Management,High
ദയവായി ഇത് പരിഹരിക്കുക. ഞങ്ങളുടെ തെരുവിൽ നിന്ന് മാലിന്യം ശേഖരിക്കുന്നില്ല,Waste Management,Medium
कृपया इस समस्या को देखें: मेरी दिव्यांग सहायता राशि में देरी हुई है कृपया आवश्यक कार्रवाई करें।,Social Welfare,High
Please help. The street lights in my neighborhood are not working Please look into this matter.,Municipal Corporation,Medium
இந்த பிரச்சனையை கவனிக்கவும்: கல்லூரி எனது சான்றிதழை வழங்கவில்லை,Education,Low
Please help. The fertilizer supply has been delayed Kindly resolve this issue.,Agriculture,High
ദയവായി ഇത് പരിഹരിക്കുക. ഞങ്ങളുടെ പ്രദേശത്തെ ശിശു പരിപാലന കേന്ദ്രം പ്രവർത്തിക്കുന്നില്ല ദയവായി ഈ പ്രശ്നം പരിഹരിക്കുക.,Women & Child Welfare,Medium
कृपया मदद करें। मुख्य सड़क की मरम्मत की जरूरत है कृपया आवश्यक कार्रवाई करें।,Roads & Highways,Medium
इस समस्या पर ध्यान दें: मेरी पुलिस शिकायत का अभी तक जवाब नहीं मिला है,Police,Low
ദയവായി സഹായിക്കണം. മഴക്കാലത്ത് റോഡ് വളരെ അപകടകരമാണ്,Roads & Highways,Medium
कृपया मदद करें। भूमि पंजीकरण प्रक्रिया में देरी हो रही है,Revenue & Land Records,Medium
I would like to complain that I need information about public transport services Please look into this matter.,Transport,Medium
தயவுசெய்து இதை சரி செய்யுங்கள். அரசு மருத்துவமனையில் அத்தியாவசிய மருந்துகள் இல்லை இந்த பிரச்சனையை கவனிக்கவும்.,Health,Medium
இந்த பிரச்சனையை கவனிக்கவும்: எனது ரேஷன் அட்டையில் தவறான விவரங்கள் உள்ளன,Food & Civil Supplies,High
हमारे इलाके में बार बार वोल्टेज की समस्या होती है कृपया इस समस्या का समाधान करें।,Electricity,High
ഈ പ്രശ്നം ശ്രദ്ധിക്കുക: തെരുവ് ശുചീകരണ സമയക്രമം പാലിക്കുന്നില്ല ദയവായി ആവശ്യമായ നടപടി സ്വീകരിക്കുക.,Municipal Corporation,High
தயவுசெய்து உதவுங்கள். சேதமடைந்த சாலையால் விபத்துகள் ஏற்படுகின்றன,Roads & Highways,Low
ദയവായി ഇത് പരിഹരിക്കുക. ഞങ്ങളുടെ പ്രദേശത്തിന് സമീപം ശക്തമായ രാസവസ്തു ഗന്ധമുണ്ട് ദയവായി ഈ പ്രശ്നം പരിഹരിക്കുക.,Environment & Forest,High
ദയവായി സഹായിക്കണം. സർക്കാർ പോർട്ടൽ വളരെ മന്ദഗതിയിലാണ് ദയവായി ഈ വിഷയം പരിശോധിക്കുക.,e-Governance,Medium
My maternity benefit application is pending Please look into this matter.,Women & Child Welfare,Low
ഈ പ്രശ്നം ശ്രദ്ധിക്കുക: ഭവന പദ്ധതി ഗുണഭോക്തൃ പട്ടിക തെറ്റാണ് ദയവായി ഈ പ്രശ്നം പരിഹരിക്കുക.,Housing,Medium
എന്റെ ഭൂമി മ്യൂട്ടേഷൻ അപേക്ഷ പരിഗണനയിലാണ് ദയവായി ആവശ്യമായ നടപടി സ്വീകരിക്കുക.,Revenue & Land Records,Medium
Kindly look into this: The streetlight pole near my house is damaged Please take necessary action.,Municipal Corporation,Medium
Please help. The government building needs urgent maintenance Kindly resolve this issue.,Public Works,Medium
இந்த பிரச்சனை குறித்து புகார் அளிக்கிறேன்: எங்கள் பகுதியில் தெருவிளக்குகள் வேலை செய்யவில்லை தயவுசெய்து இந்த பிரச்சனையை தீர்க்கவும்.,Municipal Corporation,High
എന്റെ വീടിന് പുറത്തുള്ള വൈദ്യുതി തൂൺ കേടായിട്ടുണ്ട് ദയവായി ഈ വിഷയം പരിശോധിക്കുക.,Electricity,Medium
जंगल के पास अवैध रूप से कचरा डाला जा रहा है कृपया इस मामले को देखें।,Environment & Forest,High
I would like to complain that There are no beds available in the public hospital,Health,Low
பெண்கள் நலத்திட்டங்கள் குறித்து தகவல் வேண்டும் தயவுசெய்து இந்த பிரச்சனையை தீர்க்கவும்.,Women & Child Welfare,High
தயவுசெய்து உதவுங்கள். எனது விவசாய மானிய விண்ணப்பம் நிலுவையில் உள்ளது,Agriculture,Medium
ദയവായി ഇത് പരിഹരിക്കുക. ഹൈവേയുടെ ഉപരിതലം വളരെ മോശമായി കേടായിട്ടുണ്ട്,Roads & Highways,Medium
ഈ പ്രശ്നത്തെക്കുറിച്ച് പരാതി നൽകുന്നു: എന്റെ പ്രസവാനുകൂല്യ അപേക്ഷ പരിഗണനയിലാണ് ദയവായി ആവശ്യമായ നടപടി സ്വീകരിക്കുക.,Women & Child Welfare,Medium
मैं शिकायत करना चाहता हूं कि ग्रामीण विकास परियोजना बंद हो गई है कृपया इस मामले को देखें।,Rural Development / Panchayat,High
தயவுசெய்து இதை சரி செய்யுங்கள். நலத்துறை அலுவலகம் பதிலளிக்கவில்லை,Social Welfare,Medium
Farmers have not received crop insurance support Please take necessary action.,Agriculture,High
இந்த பிரச்சனை குறித்து புகார் அளிக்கிறேன்: அரசு கட்டிடத்தின் வடிகால் பழுதுபார்க்க வேண்டும் தயவுசெய்து தேவையான நடவடிக்கை எடுக்கவும்.,Public Works,Medium
ഈ പ്രശ്നത്തെക്കുറിച്ച് പരാതി നൽകുന്നു: കാർഷിക സബ്സിഡിയെക്കുറിച്ച് വിവരം വേണം ദയവായി ഈ പ്രശ്നം പരിഹരിക്കുക.,Agriculture,High
தயவுசெய்து உதவுங்கள். எங்கள் அரசுப் பள்ளியில் கணினிகள் இல்லை இந்த பிரச்சனையை கவனிக்கவும்.,Education,Low
இந்த பிரச்சனை குறித்து புகார் அளிக்கிறேன்: கழிவுநீர் தெருவில் நிரம்பி வழிகிறது தயவுசெய்து தேவையான நடவடிக்கை எடுக்கவும்.,Drainage & Sewerage,Medium
ഞങ്ങളുടെ പ്രദേശത്തെ പൊതു പാർക്ക് ശരിയായി പരിപാലിക്കുന്നില്ല ദയവായി ഈ വിഷയം പരിശോധിക്കുക.,Municipal Corporation,Medium
मैं शिकायत करना चाहता हूं कि मैं ऑनलाइन नागरिक सेवा का उपयोग नहीं कर पा रहा हूं कृपया आवश्यक कार्रवाई करें।,e-Governance,Medium
कृपया मदद करें। सड़क के पास बिजली का तार खतरनाक तरीके से लटक रहा है कृपया इस मामले को देखें।,Electricity,High
Please help. A major pothole is blocking traffic Kindly resolve this issue.,Roads & Highways,Low
இந்த பிரச்சனையை கவனிக்கவும்: நேற்று முதல் எங்கள் தெருவிற்கு தண்ணீர் வரவில்லை,Water Services,Low
कृपया मदद करें। बड़ा गड्ढा यातायात को रोक रहा है कृपया आवश्यक कार्रवाई करें।,Roads & Highways,High
कृपया इस समस्या को देखें: हमारे गांव की बस सेवा कम कर दी गई है कृपया इस समस्या का समाधान करें।,Transport,Low
Please help. There is dangerous driving near our school Kindly resolve this issue.,Police,High
ഈ പ്രശ്നത്തെക്കുറിച്ച് പരാതി നൽകുന്നു: ഞങ്ങളുടെ പ്രദേശത്ത് വോൾട്ടേജ് വ്യതിയാനം പതിവാണ്,Electricity,Low
இந்த பிரச்சனை குறித்து புகார் அளிக்கிறேன்: எங்கள் கிராமத்திற்கு சிறந்த பொது வசதிகள் தேவை இந்த பிரச்சனையை கவனிக்கவும்.,Rural Development / Panchayat,High
I would like to complain that There are cracks across the highway Please look into this matter.,Roads & Highways,Medium
இந்த பிரச்சனை குறித்து புகார் அளிக்கிறேன்: நெடுஞ்சாலை மிகவும் சேதமடைந்துள்ளது இந்த பிரச்சனையை கவனிக்கவும்.,Roads & Highways,Medium
தயவுசெய்து இதை சரி செய்யுங்கள். முக்கிய சாலையில் பெரிய பள்ளம் உள்ளது,Roads & Highways,Low
ദയവായി സഹായിക്കണം. ഞങ്ങളുടെ സ്കൂളിൽ ആവശ്യമായ ക്ലാസ് സൗകര്യങ്ങൾ ഇല്ല ദയവായി ആവശ്യമായ നടപടി സ്വീകരിക്കുക.,Education,Low
ദയവായി സഹായിക്കണം. എന്റെ തൊഴിലാളി ക്ഷേമ അപേക്ഷയിൽ നടപടി ഉണ്ടായിട്ടില്ല ദയവായി ആവശ്യമായ നടപടി സ്വീകരിക്കുക.,Labour & Employment,Medium
മുനിസിപ്പൽ ഓഫീസ് ഞങ്ങളുടെ പരാതിക്ക് മറുപടി നൽകിയിട്ടില്ല ദയവായി ഈ വിഷയം പരിശോധിക്കുക.,Municipal Corporation,Medium
मैं शिकायत करना चाहता हूं कि सरकारी रोजगार योजना में काम नहीं मिला है कृपया आवश्यक कार्रवाई करें।,Labour & Employment,Medium
இந்த பிரச்சனை குறித்து புகார் அளிக்கிறேன்: எங்கள் வயலுக்கான பாசன கால்வாய் சேதமடைந்துள்ளது,Agriculture,Medium
இந்த பிரச்சனை குறித்து புகார் அளிக்கிறேன்: எனது தொழிலாளர் நலத்தொகை கிடைக்கவில்லை தயவுசெய்து தேவையான நடவடிக்கை எடுக்கவும்.,Labour & Employment,Medium
कृपया इस समस्या को देखें: मेरा वरिष्ठ नागरिक लाभ लंबित है,Social Welfare,Medium
ഈ പ്രശ്നം ശ്രദ്ധിക്കുക: ഗ്രാമ റോഡ് വികസന പ്രവർത്തനം പൂർത്തിയായിട്ടില്ല ദയവായി ഈ വിഷയം പരിശോധിക്കുക.,Rural Development / Panchayat,Medium
Kindly look into this: The panchayat office has not responded to our complaint Kindly resolve this issue.,Rural Development / Panchayat,Medium
எனது விண்ணப்பத்தை ஆன்லைனில் சமர்ப்பிக்க முடியவில்லை தயவுசெய்து இந்த பிரச்சனையை தீர்க்கவும்.,e-Governance,Medium
I would like to complain that Our village needs better basic infrastructure Please take necessary action.,Rural Development / Panchayat,Medium
मैं शिकायत करना चाहता हूं कि सरकारी आवास आवंटन में देरी हो रही है कृपया आवश्यक कार्रवाई करें।,Housing,Medium
ദയവായി സഹായിക്കണം. ഓൺലൈൻ പൗര സേവനം ആക്സസ് ചെയ്യാൻ കഴിയുന്നില്ല ദയവായി ഈ പ്രശ്നം പരിഹരിക്കുക.,e-Governance,Medium
ദയവായി സഹായിക്കണം. ഞങ്ങളുടെ പ്രദേശത്തെ മോഷണം റിപ്പോർട്ട് ചെയ്യണം ദയവായി ഈ വിഷയം പരിശോധിക്കുക.,Police,Critical
நலத்திட்டத்திற்கு விண்ணப்பிக்க உதவி வேண்டும் இந்த பிரச்சனையை கவனிக்கவும்.,Social Welfare,High
My worker registration details are incorrect Please take necessary action.,Labour & Employment,Low
I would like to complain that The patta transfer application is pending Kindly resolve this issue.,Revenue & Land Records,Low
फसल के नुकसान के लिए सहायता चाहिए कृपया इस समस्या का समाधान करें।,Agriculture,Low
இந்த பிரச்சனையை கவனிக்கவும்: எனது மலிவு விலை வீட்டு விண்ணப்பம் நிலுவையில் உள்ளது தயவுசெய்து இந்த பிரச்சனையை தீர்க்கவும்.,Housing,Low
कृपया मदद करें। भूमिगत जल निकासी व्यवस्था बंद है कृपया आवश्यक कार्रवाई करें।,Drainage & Sewerage,Medium
Kindly look into this: My family member is missing from the ration card Kindly resolve this issue.,Food & Civil Supplies,Medium
சாலை பழுதுபார்ப்பு பணி தாமதமாகியுள்ளது,Roads & Highways,Medium
സാമൂഹിക ക്ഷേമ പദ്ധതികളെക്കുറിച്ച് വിവരം വേണം ദയവായി ഈ പ്രശ്നം പരിഹരിക്കുക.,Social Welfare,High
தயவுசெய்து இதை சரி செய்யுங்கள். எனது மகப்பேறு உதவி விண்ணப்பம் நிலுவையில் உள்ளது இந்த பிரச்சனையை கவனிக்கவும்.,Women & Child Welfare,Medium
कृपया मदद करें। सार्वजनिक बस में अक्सर बहुत भीड़ होती है कृपया आवश्यक कार्रवाई करें।,Transport,Low
இந்த பிரச்சனை குறித்து புகார் அளிக்கிறேன்: வீட்டு திட்ட விண்ணப்பத்திற்கு உதவி வேண்டும்,Housing,Low
My revenue certificate has not been issued Kindly resolve this issue.,Revenue & Land Records,Medium
Kindly look into this: I need to file a police complaint Please look into this matter.,Police,Medium
कीटों के कारण मेरी फसल खराब हो गई है कृपया इस मामले को देखें।,Agriculture,Medium
இந்த பிரச்சனை குறித்து புகார் அளிக்கிறேன்: எங்கள் வயலுக்கான பாசன கால்வாய் சேதமடைந்துள்ளது தயவுசெய்து தேவையான நடவடிக்கை எடுக்கவும்.,Agriculture,High
हमारे इलाके की सीवर लाइन बंद है कृपया इस समस्या का समाधान करें।,Drainage & Sewerage,Low
ദയവായി ഇത് പരിഹരിക്കുക. കർഷകർക്ക് വിള ഇൻഷുറൻസ് സഹായം ലഭിച്ചിട്ടില്ല ദയവായി ഈ പ്രശ്നം പരിഹരിക്കുക.,Agriculture,Medium
मैं शिकायत करना चाहता हूं कि घरों का कचरा हमारे घरों के पास जमा हो रहा है कृपया इस समस्या का समाधान करें।,Waste Management,Low
मैं शिकायत करना चाहता हूं कि कल्याण कार्यालय ने जवाब नहीं दिया है कृपया आवश्यक कार्रवाई करें।,Social Welfare,Medium
I would like to complain that My social welfare pension has not been credited Kindly resolve this issue.,Social Welfare,Medium
I want to report that I need assistance from the women welfare department Please look into this matter.,Women & Child Welfare,Low
எனக்கு மிரட்டல் செய்தி வந்துள்ளது இந்த பிரச்சனையை கவனிக்கவும்.,Police,Medium
இந்த பிரச்சனை குறித்து புகார் அளிக்கிறேன்: வீட்டு திட்ட பயனாளிகள் பட்டியல் தவறாக உள்ளது,Housing,Medium
किसानों को फसल बीमा सहायता नहीं मिली है कृपया इस समस्या का समाधान करें।,Agriculture,Medium
Please help. I need to update my land ownership record Please take necessary action.,Revenue & Land Records,Medium
कल से हमारे इलाके में बिजली की आपूर्ति नहीं है कृपया आवश्यक कार्रवाई करें।,Electricity,Medium
தயவுசெய்து உதவுங்கள். அரசு பேருந்துகள் முறையாக இயக்கப்படவில்லை,Transport,Medium
இந்த பிரச்சனையை கவனிக்கவும்: குப்பை வாகனம் எங்கள் பகுதிக்கு வருவதை நிறுத்திவிட்டது,Waste Management,Low
My new ration card has not been issued,Food & Civil Supplies,Medium
இந்த பிரச்சனையை கவனிக்கவும்: மழைக்குப் பிறகு கழிவுநீர் நிரம்பி வழிகிறது தயவுசெய்து தேவையான நடவடிக்கை எடுக்கவும்.,Drainage & Sewerage,Medium
इस समस्या पर ध्यान दें: मुझे भूमि स्वामित्व रिकॉर्ड अपडेट करना है कृपया इस मामले को देखें।,Revenue & Land Records,Low
ദയവായി ഇത് പരിഹരിക്കുക. സർക്കാർ ക്ലിനിക്ക് ജോലി സമയത്ത് തുറക്കുന്നില്ല ദയവായി ആവശ്യമായ നടപടി സ്വീകരിക്കുക.,Health,Low
ഇന്നലെ മുതൽ ഞങ്ങളുടെ തെരുവിൽ വെള്ളം എത്തിയിട്ടില്ല ദയവായി ഈ പ്രശ്നം പരിഹരിക്കുക.,Water Services,Medium
എനിക്ക് ഭവന പദ്ധതിയുടെ ആനുകൂല്യം ലഭിച്ചിട്ടില്ല ദയവായി ഈ പ്രശ്നം പരിഹരിക്കുക.,Housing,Medium
ക്ഷേമ ഓഫീസ് മറുപടി നൽകിയിട്ടില്ല ദയവായി ഈ പ്രശ്നം പരിഹരിക്കുക.,Social Welfare,Medium
தயவுசெய்து உதவுங்கள். எனது ரேஷன் அட்டையில் தவறான விவரங்கள் உள்ளன தயவுசெய்து தேவையான நடவடிக்கை எடுக்கவும்.,Food & Civil Supplies,High
இந்த பிரச்சனையை கவனிக்கவும்: எங்கள் பகுதியில் குப்பைகள் குவிந்துள்ளன தயவுசெய்து தேவையான நடவடிக்கை எடுக்கவும்.,Waste Management,Medium
எங்கள் பகுதியில் தினமும் மின்தடை ஏற்படுகிறது,Electricity,Medium
I would like to complain that My employment certificate has been delayed Kindly resolve this issue.,Labour & Employment,Low
Please help. There are no computers in our government school Please look into this matter.,Education,High
ഈ പ്രശ്നത്തെക്കുറിച്ച് പരാതി നൽകുന്നു: എന്റെ തൊഴിൽ സർട്ടിഫിക്കറ്റ് വൈകിയിരിക്കുന്നു ദയവായി ഈ പ്രശ്നം പരിഹരിക്കുക.,Labour & Employment,Low
कृपया मदद करें। जंगल के पास अवैध रूप से कचरा डाला जा रहा है,Environment & Forest,High
ദയവായി ഇത് പരിഹരിക്കുക. വൈദ്യുതി മുടങ്ങിയതിന് ശേഷം വിതരണം പുനഃസ്ഥാപിച്ചിട്ടില്ല,Electricity,Low
ഈ പ്രശ്നം ശ്രദ്ധിക്കുക: ഞങ്ങളുടെ തെരുവിന് സമീപമുള്ള ട്രാൻസ്ഫോർമറിൽ നിന്ന് വിചിത്രമായ ശബ്ദം കേൾക്കുന്നു,Electricity,Medium
Kindly look into this: The drainage water is causing a bad smell Kindly resolve this issue.,Drainage & Sewerage,Medium
I want to report that Industrial waste is entering the nearby water body Please look into this matter.,Environment & Forest,High
Please help. I need help registering as a worker Please take necessary action.,Labour & Employment,Low
ശിശു സംരക്ഷണ സേവനം പ്രതികരിക്കുന്നില്ല,Women & Child Welfare,Medium
ഈ പ്രശ്നത്തെക്കുറിച്ച് പരാതി നൽകുന്നു: എന്റെ റവന്യൂ സർട്ടിഫിക്കറ്റ് നൽകിയിട്ടില്ല ദയവായി ഈ പ്രശ്നം പരിഹരിക്കുക.,Revenue & Land Records,High
தயவுசெய்து உதவுங்கள். எனது கல்வி உதவித்தொகை இன்னும் வரவில்லை தயவுசெய்து தேவையான நடவடிக்கை எடுக்கவும்.,Education,High
ദയവായി ഇത് പരിഹരിക്കുക. എന്റെ ക്ഷേമ പദ്ധതി അപേക്ഷ പരിഗണനയിലാണ്,Social Welfare,High
मुझे इस महीने का राशन नहीं मिला है कृपया इस मामले को देखें।,Food & Civil Supplies,High
தயவுசெய்து இதை சரி செய்யுங்கள். ஆம்புலன்ஸ் சேவை பதிலளிக்கவில்லை தயவுசெய்து தேவையான நடவடிக்கை எடுக்கவும்.,Health,Medium
The public tap has stopped working,Water Services,High
இந்த பிரச்சனையை கவனிக்கவும்: எங்கள் பகுதியில் நேற்று முதல் மின்சாரம் இல்லை தயவுசெய்து தேவையான நடவடிக்கை எடுக்கவும்.,Electricity,Critical
ദയവായി ഇത് പരിഹരിക്കുക. ഒരു തർക്കത്തിന് പോലീസ് സഹായം ആവശ്യമാണ്,Police,Medium
Kindly look into this: The hospital lacks basic medical equipment Please look into this matter.,Health,Medium
ദയവായി സഹായിക്കണം. തൊഴിലാളിയായി രജിസ്റ്റർ ചെയ്യാൻ സഹായം വേണം ദയവായി ഈ വിഷയം പരിശോധിക്കുക.,Labour & Employment,Low
I would like to complain that The ration dealer is charging extra money Kindly resolve this issue.,Food & Civil Supplies,Medium
ദയവായി സഹായിക്കണം. ഞങ്ങളുടെ താമസ പ്രദേശത്തിന് സമീപം സംശയാസ്പദനായ ഒരാൾ ഉണ്ട്,Police,Medium
हमारे इलाके में अवैध रूप से पेड़ काटे जा रहे हैं कृपया इस समस्या का समाधान करें।,Environment & Forest,Medium
சந்தைக்கு அருகிலுள்ள குப்பைத் தொட்டி நிரம்பியுள்ளது,Waste Management,Medium
മഴക്കാലത്ത് റോഡ് വളരെ അപകടകരമാണ് ദയവായി ഈ വിഷയം പരിശോധിക്കുക.,Roads & Highways,Medium
ഈ പ്രശ്നത്തെക്കുറിച്ച് പരാതി നൽകുന്നു: ഫാക്ടറിയിൽ നിന്ന് ശബ്ദ മലിനീകരണം ഉണ്ടാകുന്നു,Environment & Forest,Medium
ഈ പ്രശ്നത്തെക്കുറിച്ച് പരാതി നൽകുന്നു: ഞങ്ങളുടെ സ്കൂളിന് സമീപം അപകടകരമായി വാഹനങ്ങൾ ഓടിക്കുന്നു ദയവായി ഈ പ്രശ്നം പരിഹരിക്കുക.,Police,High
Kindly look into this: The food supply at the ration shop is insufficient Please take necessary action.,Food & Civil Supplies,Low
कृपया इस समस्या को देखें: हमारे गांव में बेहतर बुनियादी सुविधाओं की जरूरत है कृपया आवश्यक कार्रवाई करें।,Rural Development / Panchayat,High
I would like to complain that Waste collection has been irregular in our neighborhood Please look into this matter.,Waste Management,Medium
ഈ പ്രശ്നത്തെക്കുറിച്ച് പരാതി നൽകുന്നു: എന്റെ സാമൂഹിക ക്ഷേമ പെൻഷൻ ലഭിച്ചിട്ടില്ല ദയവായി ഈ പ്രശ്നം പരിഹരിക്കുക.,Social Welfare,Low
இந்த பிரச்சனையை கவனிக்கவும்: எங்கள் தெருவின் அருகிலுள்ள மின்மாற்றியில் வித்தியாசமான சத்தம் வருகிறது இந்த பிரச்சனையை கவனிக்கவும்.,Electricity,Medium
தயவுசெய்து இதை சரி செய்யுங்கள். எங்கள் பகுதியில் கடுமையான ரசாயன வாசனை உள்ளது,Environment & Forest,Medium
I want to report that My child welfare benefit has not been received Please look into this matter.,Women & Child Welfare,High
सरकारी वेबसाइट पर त्रुटि दिखाई दे रही है कृपया इस मामले को देखें।,e-Governance,High
I want to report that My new ration card has not been issued Kindly resolve this issue.,Food & Civil Supplies,High
कृपया इस समस्या को देखें: मैं अपने इलाके में हुई चोरी की शिकायत करना चाहता हूं कृपया इस समस्या का समाधान करें।,Police,Critical
कृपया इस समस्या को देखें: मुझे कल्याण योजना के लिए आवेदन करने में सहायता चाहिए,Social Welfare,Medium
இந்த பிரச்சனை குறித்து புகார் அளிக்கிறேன்: எங்கள் வீட்டிற்கு வெளியே உள்ள மின்கம்பம் சேதமடைந்துள்ளது தயவுசெய்து இந்த பிரச்சனையை தீர்க்கவும்.,Electricity,Medium
Please help. The patta transfer application is pending,Revenue & Land Records,Medium
Kindly look into this: The public facility has broken windows Please take necessary action.,Public Works,High
எங்கள் பகுதியில் குடிநீர் விநியோகம் இல்லை தயவுசெய்து இந்த பிரச்சனையை தீர்க்கவும்.,Water Services,Low
कृपया मदद करें। मुझे इस महीने का राशन नहीं मिला है कृपया इस मामले को देखें।,Food & Civil Supplies,High
कृपया इस समस्या को देखें: सरकारी भवन में तत्काल रखरखाव की जरूरत है,Public Works,Low
ഈ പ്രശ്നത്തെക്കുറിച്ച് പരാതി നൽകുന്നു: എന്റെ റേഷൻ കാർഡ് അപേക്ഷ പരിഗണനയിലാണ്,Food & Civil Supplies,Medium
गांव के विकास कार्य में देरी हो रही है,Rural Development / Panchayat,Medium
इस समस्या पर ध्यान दें: हमारे आवासीय क्षेत्र में बेहतर नगर निगम सेवाओं की जरूरत है कृपया आवश्यक कार्रवाई करें।,Municipal Corporation,High
Please help. The government clinic is not open during working hours,Health,Medium
പഞ്ചായത്ത് ഓഫീസ് ഞങ്ങളുടെ പരാതിക്ക് മറുപടി നൽകിയിട്ടില്ല,Rural Development / Panchayat,Low
எனது கல்வி உதவித்தொகை இன்னும் வரவில்லை தயவுசெய்து இந்த பிரச்சனையை தீர்க்கவும்.,Education,High
I would like to complain that I need information about women welfare schemes,Women & Child Welfare,High
ദയവായി ഇത് പരിഹരിക്കുക. ഒരു ഫാക്ടറി ഗുരുതരമായ വായു മലിനീകരണം ഉണ്ടാക്കുന്നു ദയവായി ഈ വിഷയം പരിശോധിക്കുക.,Environment & Forest,Medium
कृपया इस समस्या को देखें: सार्वजनिक भवन की खिड़कियां टूट गई हैं कृपया इस समस्या का समाधान करें।,Public Works,Medium
मैं शिकायत करना चाहता हूं कि खराब सड़क के कारण दुर्घटनाएं हो रही हैं,Roads & Highways,Low
ദയവായി സഹായിക്കണം. റോഡ് അറ്റകുറ്റപ്പണി വൈകുകയാണ്,Roads & Highways,High
I want to report that The fair price shop is closed during working hours Kindly resolve this issue.,Food & Civil Supplies,Low
ദയവായി സഹായിക്കണം. എന്റെ പ്രവേശന അപേക്ഷ ഇപ്പോഴും പരിഗണനയിലാണ്,Education,High
I would like to complain that Our electricity connection keeps getting interrupted,Electricity,Medium
என் வீட்டின் அருகிலுள்ள கழிவுநீர் குழாய் அடைத்துள்ளது இந்த பிரச்சனையை கவனிக்கவும்.,Drainage & Sewerage,Medium
मैं शिकायत करना चाहता हूं कि मेरे घर के पास सीवेज नाला बंद है कृपया इस मामले को देखें।,Drainage & Sewerage,Medium
I want to report that Our area does not have enough bus services Please take necessary action.,Transport,Low
Kindly look into this: The highway surface is badly damaged Please take necessary action.,Roads & Highways,High
ദയവായി ഇത് പരിഹരിക്കുക. പൊതു ടാപ്പ് പ്രവർത്തിക്കുന്നില്ല ദയവായി ആവശ്യമായ നടപടി സ്വീകരിക്കുക.,Water Services,High
ഡിജിറ്റൽ സർക്കാർ സേവനം ലഭ്യമല്ല,e-Governance,Low
कृपया मदद करें। मुझे महिला कल्याण विभाग से सहायता चाहिए कृपया इस मामले को देखें।,Women & Child Welfare,High
ദയവായി സഹായിക്കണം. എന്റെ ഭൂമി മ്യൂട്ടേഷൻ അപേക്ഷ പരിഗണനയിലാണ് ദയവായി ആവശ്യമായ നടപടി സ്വീകരിക്കുക.,Revenue & Land Records,Medium
I would like to complain that The fair price shop is closed during working hours Please look into this matter.,Food & Civil Supplies,Medium
ദയവായി ഇത് പരിഹരിക്കുക. വള വിതരണം വൈകുകയാണ് ദയവായി ആവശ്യമായ നടപടി സ്വീകരിക്കുക.,Agriculture,Medium
ഈ പ്രശ്നം ശ്രദ്ധിക്കുക: ഞങ്ങളുടെ തെരുവിൽ നിന്ന് മാലിന്യം ശേഖരിക്കുന്നില്ല ദയവായി ആവശ്യമായ നടപടി സ്വീകരിക്കുക.,Waste Management,Low
தயவுசெய்து உதவுங்கள். மின்தடைக்குப் பிறகு மின்சாரம் மீண்டும் வழங்கப்படவில்லை தயவுசெய்து இந்த பிரச்சனையை தீர்க்கவும்.,Electricity,Medium
मैं शिकायत करना चाहता हूं कि हमारे आवासीय क्षेत्र में बेहतर नगर निगम सेवाओं की जरूरत है कृपया इस समस्या का समाधान करें।,Municipal Corporation,Low
Please help. The bus service to our village has been reduced Please look into this matter.,Transport,Low
इस समस्या पर ध्यान दें: लोग सड़क के किनारे कचरा फेंक रहे हैं कृपया इस समस्या का समाधान करें।,Waste Management,High
ഈ പ്രശ്നം ശ്രദ്ധിക്കുക: ഗ്രാമ വികസന പദ്ധതി നിർത്തിവച്ചിരിക്കുന്നു ദയവായി ആവശ്യമായ നടപടി സ്വീകരിക്കുക.,Rural Development / Panchayat,Medium
कृपया इस समस्या को देखें: मुख्य सड़क पर एक बड़ा गड्ढा है कृपया आवश्यक कार्रवाई करें।,Roads & Highways,Medium
Illegal dumping is happening near the forest Kindly resolve this issue.,Environment & Forest,Medium
I would like to complain that The government building needs urgent maintenance Please take necessary action.,Public Works,High
कृपया इस समस्या को देखें: सरकारी कार्यालय की इमारत की मरम्मत की जरूरत है कृपया इस मामले को देखें।,Public Works,Medium
எங்கள் பகுதியில் தண்ணீர் அழுத்தம் மிகவும் குறைவாக உள்ளது இந்த பிரச்சனையை கவனிக்கவும்.,Water Services,Low
தயவுசெய்து உதவுங்கள். வீட்டு திட்ட விண்ணப்பத்திற்கு உதவி வேண்டும் தயவுசெய்து தேவையான நடவடிக்கை எடுக்கவும்.,Housing,Medium
தயவுசெய்து இதை சரி செய்யுங்கள். வனப்பகுதி ஆக்கிரமிக்கப்படுகிறது இந்த பிரச்சனையை கவனிக்கவும்.,Environment & Forest,Medium
ഈ പ്രശ്നത്തെക്കുറിച്ച് പരാതി നൽകുന്നു: എന്റെ റേഷൻ കാർഡിൽ തെറ്റായ വിവരങ്ങളുണ്ട്,Food & Civil Supplies,High
कृपया इस समस्या को देखें: स्वीकृत आवास राशि अभी तक नहीं मिली है कृपया इस समस्या का समाधान करें।,Housing,Medium
कृपया मदद करें। भूमिगत जल निकासी व्यवस्था बंद है,Drainage & Sewerage,Low
Industrial waste is entering the nearby water body Please take necessary action.,Environment & Forest,Low
தயவுசெய்து உதவுங்கள். ஊராட்சி அலுவலகம் எங்கள் புகாருக்கு பதிலளிக்கவில்லை இந்த பிரச்சனையை கவனிக்கவும்.,Rural Development / Panchayat,Medium
ഈ പ്രശ്നം ശ്രദ്ധിക്കുക: എനിക്ക് തൊഴിലാളി ക്ഷേമ തുക ലഭിച്ചിട്ടില്ല ദയവായി ഈ പ്രശ്നം പരിഹരിക്കുക.,Labour & Employment,Medium
தயவுசெய்து உதவுங்கள். எங்கள் தெருவிற்கு குடிநீர் வரவில்லை தயவுசெய்து தேவையான நடவடிக்கை எடுக்கவும்.,Water Services,Low
Please help. I need help with a women welfare scheme Please look into this matter.,Women & Child Welfare,Low
ഈ പ്രശ്നം ശ്രദ്ധിക്കുക: തെരുവ് ശുചീകരണ സമയക്രമം പാലിക്കുന്നില്ല,Municipal Corporation,Medium
யாரோ எனது சொத்தை சேதப்படுத்தியுள்ளனர்,Police,Medium
मेरा रोजगार प्रमाणपत्र देर से मिला है कृपया इस समस्या का समाधान करें।,Labour & Employment,Medium
I would like to complain that The public infrastructure is poorly maintained Please take necessary action.,Public Works,High
தயவுசெய்து உதவுங்கள். அரசு மருத்துவமனை வேலை நேரத்தில் திறக்கப்படவில்லை,Health,Low
फसल के नुकसान के लिए सहायता चाहिए,Agriculture,Low
Our village needs better public facilities Kindly resolve this issue.,Rural Development / Panchayat,Low
इस समस्या पर ध्यान दें: सरकारी क्लिनिक काम के समय में खुला नहीं है कृपया इस मामले को देखें।,Health,Medium
There is an error in my property record Please take necessary action.,Revenue & Land Records,High
இந்த பிரச்சனையை கவனிக்கவும்: கிராம நலத்திட்டம் நிலுவையில் உள்ளது,Rural Development / Panchayat,Medium
I want to report that The child protection service is not responding Please take necessary action.,Women & Child Welfare,Medium
I want to report that The sewer is overflowing after rain Please look into this matter.,Drainage & Sewerage,Medium
गांव की सड़क विकास परियोजना अधूरी है कृपया आवश्यक कार्रवाई करें।,Rural Development / Panchayat,Medium
Please help. My police complaint has not received a response Kindly resolve this issue.,Police,High
Kindly look into this: Dirty wastewater is entering our locality,Drainage & Sewerage,High
I would like to complain that The bus route has been changed without notice Please take necessary action.,Transport,Low
ദയവായി സഹായിക്കണം. ഞങ്ങളുടെ പ്രദേശത്തെ ബസ് സ്റ്റോപ്പിന് അറ്റകുറ്റപ്പണി ആവശ്യമാണ് ദയവായി ഈ പ്രശ്നം പരിഹരിക്കുക.,Transport,High
Kindly look into this: I need information about employment schemes Please take necessary action.,Labour & Employment,Medium
இந்த பிரச்சனை குறித்து புகார் அளிக்கிறேன்: கழிவுநீர் குழாய் அடைத்துள்ளது,Drainage & Sewerage,Low
I want to report that The power pole outside my house is damaged Kindly resolve this issue.,Electricity,Medium
Please help. The municipal office has not responded to our complaint Kindly resolve this issue.,Municipal Corporation,Low
मैं शिकायत करना चाहता हूं कि बस शेल्टर खराब हो गया है कृपया इस मामले को देखें।,Transport,Medium
எனது விண்ணப்பத்தை ஆன்லைனில் சமர்ப்பிக்க முடியவில்லை,e-Governance,Medium
இந்த பிரச்சனையை கவனிக்கவும்: நில அளவை வரைபடத்தின் நகல் வேண்டும் தயவுசெய்து இந்த பிரச்சனையை தீர்க்கவும்.,Revenue & Land Records,High
कृपया इस समस्या को देखें: हमारे वार्ड की सार्वजनिक सुविधा की मरम्मत की जरूरत है,Municipal Corporation,Low
தயவுசெய்து இதை சரி செய்யுங்கள். நெடுஞ்சாலை மிகவும் சேதமடைந்துள்ளது,Roads & Highways,Low
कृपया मदद करें। मेरी छात्रवृत्ति का आवेदन लंबित है कृपया आवश्यक कार्रवाई करें।,Education,Medium
कृपया इस समस्या को देखें: हमारे इलाके की सीवर लाइन बंद है कृपया इस समस्या का समाधान करें।,Drainage & Sewerage,Low
ഈ പ്രശ്നം ശ്രദ്ധിക്കുക: സർക്കാർ ഓഫീസിൽ വൈദ്യുതി അറ്റകുറ്റപ്പണി വേണം,Public Works,High
ദയവായി ഇത് പരിഹരിക്കുക. വിളനാശത്തിന് സഹായം ആവശ്യമാണ് ദയവായി ഈ വിഷയം പരിശോധിക്കുക.,Agriculture,High
Please help. Waste bins in our area are overflowing Kindly resolve this issue.,Waste Management,Low
Please help. The public toilet in our locality is not maintained Please take necessary action.,Municipal Corporation,Low
ഈ പ്രശ്നം ശ്രദ്ധിക്കുക: ഞങ്ങളുടെ ഗ്രാമത്തിൽ മികച്ച പൊതു സൗകര്യങ്ങൾ ആവശ്യമാണ് ദയവായി ആവശ്യമായ നടപടി സ്വീകരിക്കുക.,Rural Development / Panchayat,Medium
ദയവായി ഇത് പരിഹരിക്കുക. ഞങ്ങളുടെ പ്രദേശത്തെ തെരുവ് വിളക്കുകൾ പ്രവർത്തിക്കുന്നില്ല ദയവായി ഈ വിഷയം പരിശോധിക്കുക.,Municipal Corporation,Medium
I want to report that The government employment scheme has not provided work Please look into this matter.,Labour & Employment,Low
தயவுசெய்து உதவுங்கள். பட்டா மாற்ற விண்ணப்பம் நிலுவையில் உள்ளது இந்த பிரச்சனையை கவனிக்கவும்.,Revenue & Land Records,Low
कृपया मदद करें। मुख्य सड़क की मरम्मत की जरूरत है,Roads & Highways,High
मेरा कल्याण योजना आवेदन लंबित है कृपया इस मामले को देखें।,Social Welfare,Medium
ഈ പ്രശ്നത്തെക്കുറിച്ച് പരാതി നൽകുന്നു: ആംബുലൻസ് സേവനം പ്രതികരിക്കുന്നില്ല ദയവായി ഈ വിഷയം പരിശോധിക്കുക.,Health,Low
ദയവായി ഇത് പരിഹരിക്കുക. ഞങ്ങളുടെ ഗ്രാമത്തിലേക്കുള്ള ബസ് സർവീസ് കുറച്ചു ദയവായി ഈ പ്രശ്നം പരിഹരിക്കുക.,Transport,Medium
தயவுசெய்து இதை சரி செய்யுங்கள். எனது வருவாய் சான்றிதழ் வழங்கப்படவில்லை தயவுசெய்து தேவையான நடவடிக்கை எடுக்கவும்.,Revenue & Land Records,Low
ഹൈവേയുടെ ഉപരിതലം വളരെ മോശമായി കേടായിട്ടുണ്ട് ദയവായി ആവശ്യമായ നടപടി സ്വീകരിക്കുക.,Roads & Highways,Low
मेरा कल्याण योजना आवेदन लंबित है कृपया आवश्यक कार्रवाई करें।,Social Welfare,High
ഈ പ്രശ്നം ശ്രദ്ധിക്കുക: എന്റെ സ്കോളർഷിപ്പ് തുക ഇതുവരെ ലഭിച്ചിട്ടില്ല ദയവായി ഈ വിഷയം പരിശോധിക്കുക.,Education,Low
Please help. Dirty water is coming through the public pipeline Kindly resolve this issue.,Water Services,Low
कृपया मदद करें। हमारे गांव में बेहतर सार्वजनिक सुविधाओं की जरूरत है कृपया इस मामले को देखें।,Rural Development / Panchayat,Medium
Kindly look into this: The community park has become unusable Please take necessary action.,Municipal Corporation,High
நில அளவை வரைபடத்தின் நகல் வேண்டும் தயவுசெய்து தேவையான நடவடிக்கை எடுக்கவும்.,Revenue & Land Records,Medium
Household waste is piling up near our houses Please take necessary action.,Waste Management,Low
The sewer line in our area is blocked Kindly resolve this issue.,Drainage & Sewerage,High
ദയവായി ഇത് പരിഹരിക്കുക. ഞങ്ങളുടെ പ്രദേശത്ത് വെള്ളത്തിന്റെ സമ്മർദ്ദം വളരെ കുറവാണ്,Water Services,Medium
ഈ പ്രശ്നത്തെക്കുറിച്ച് പരാതി നൽകുന്നു: എന്റെ തൊഴിലാളി ക്ഷേമ അപേക്ഷയിൽ നടപടി ഉണ്ടായിട്ടില്ല ദയവായി ഈ പ്രശ്നം പരിഹരിക്കുക.,Labour & Employment,Low
कृपया इस समस्या को देखें: हमारे क्षेत्र के पास तेज रासायनिक गंध है कृपया इस मामले को देखें।,Environment & Forest,Medium
ദയവായി ഇത് പരിഹരിക്കുക. സർക്കാർ ബസ് സമയക്രമം പാലിക്കുന്നില്ല,Transport,Low
कृपया इस समस्या को देखें: बाल संरक्षण सेवा जवाब नहीं दे रही है कृपया आवश्यक कार्रवाई करें।,Women & Child Welfare,Low
I would like to complain that The government employment scheme has not provided work Please take necessary action.,Labour & Employment,Medium
இந்த பிரச்சனையை கவனிக்கவும்: கிராம வளர்ச்சி திட்டம் நிறுத்தப்பட்டுள்ளது,Rural Development / Panchayat,High
I want to report that The patta transfer application is pending Please take necessary action.,Revenue & Land Records,Medium
ദയവായി സഹായിക്കണം. ഭൂഗർഭ ഡ്രെയിനേജ് സംവിധാനം അടഞ്ഞിരിക്കുന്നു,Drainage & Sewerage,Medium
இந்த பிரச்சனையை கவனிக்கவும்: அரசு மருத்துவமனையில் அத்தியாவசிய மருந்துகள் இல்லை தயவுசெய்து தேவையான நடவடிக்கை எடுக்கவும்.,Health,Medium
कृपया मदद करें। हमारा बिजली कनेक्शन बार बार बंद हो रहा है,Electricity,Medium
ഈ പ്രശ്നത്തെക്കുറിച്ച് പരാതി നൽകുന്നു: എനിക്ക് വനിതാ ക്ഷേമ വകുപ്പിന്റെ സഹായം വേണം ദയവായി ആവശ്യമായ നടപടി സ്വീകരിക്കുക.,Women & Child Welfare,Medium
தயவுசெய்து உதவுங்கள். எங்கள் பகுதியில் கழிவுநீர் தேங்கி உள்ளது தயவுசெய்து இந்த பிரச்சனையை தீர்க்கவும்.,Drainage & Sewerage,Low
I would like to complain that I need assistance from the women welfare department Kindly resolve this issue.,Women & Child Welfare,Medium
இந்த பிரச்சனை குறித்து புகார் அளிக்கிறேன்: எனது புதிய ரேஷன் அட்டை வழங்கப்படவில்லை தயவுசெய்து தேவையான நடவடிக்கை எடுக்கவும்.,Food & Civil Supplies,Medium
इस समस्या पर ध्यान दें: मुझे सामाजिक कल्याण योजनाओं की जानकारी चाहिए,Social Welfare,High
இந்த பிரச்சனையை கவனிக்கவும்: வீடு கட்டுவதற்கான மானியம் இன்னும் வரவில்லை இந்த பிரச்சனையை கவனிக்கவும்.,Housing,Medium
मेरी छात्रवृत्ति का आवेदन लंबित है,Education,Medium
ഈ പ്രശ്നം ശ്രദ്ധിക്കുക: ന്യായവില കട ജോലി സമയത്ത് തുറക്കുന്നില്ല,Food & Civil Supplies,Medium
I want to report that The power supply has not been restored after the outage Kindly resolve this issue.,Electricity,High
Please help. My property survey details are incorrect Kindly resolve this issue.,Revenue & Land Records,Medium
ദയവായി സഹായിക്കണം. സർക്കാർ കെട്ടിടത്തിന് അടിയന്തര പരിപാലനം ആവശ്യമാണ് ദയവായി ഈ വിഷയം പരിശോധിക്കുക.,Public Works,High
ഈ പ്രശ്നത്തെക്കുറിച്ച് പരാതി നൽകുന്നു: പൊതു ടാപ്പ് പ്രവർത്തിക്കുന്നില്ല ദയവായി ആവശ്യമായ നടപടി സ്വീകരിക്കുക.,Water Services,Medium
ഈ പ്രശ്നത്തെക്കുറിച്ച് പരാതി നൽകുന്നു: പൊതു കെട്ടിടത്തിന്റെ വാതിലുകൾ കേടായിട്ടുണ്ട്,Public Works,High
ദയവായി ഇത് പരിഹരിക്കുക. പ്രധാന റോഡ് പുനർനിർമ്മിക്കണം,Roads & Highways,Medium
इस समस्या पर ध्यान दें: मेरा राशन कार्ड आवेदन लंबित है कृपया इस समस्या का समाधान करें।,Food & Civil Supplies,Medium
कृपया इस समस्या को देखें: हमारी सड़क के पास अवैध गतिविधियां हो रही हैं कृपया इस समस्या का समाधान करें।,Police,Medium
The village development work has been delayed Please look into this matter.,Rural Development / Panchayat,Medium
I want to report that My ration card application is pending Please look into this matter.,Food & Civil Supplies,Low
ഈ പ്രശ്നം ശ്രദ്ധിക്കുക: റോഡിന്റെ അരികിൽ തുറന്ന മാലിന്യക്കൂമ്പാരം ഉണ്ട് ദയവായി ഈ പ്രശ്നം പരിഹരിക്കുക.,Waste Management,Low
தயவுசெய்து இதை சரி செய்யுங்கள். எனது கல்வி உதவித்தொகை விண்ணப்பம் நிலுவையில் உள்ளது,Education,Medium
इस समस्या पर ध्यान दें: औद्योगिक कचरा पास के जल स्रोत में जा रहा है,Environment & Forest,High
मैं शिकायत करना चाहता हूं कि पानी के कनेक्शन का आवेदन अभी लंबित है कृपया इस मामले को देखें।,Water Services,Medium
தயவுசெய்து இதை சரி செய்யுங்கள். சாக்கடையில் இருந்து கழிவுநீர் வெளியேறுகிறது,Drainage & Sewerage,Medium
मैं ऑनलाइन नागरिक सेवा का उपयोग नहीं कर पा रहा हूं कृपया आवश्यक कार्रवाई करें।,e-Governance,Low
Please help. The public building has damaged doors Please look into this matter.,Public Works,Low
मेरे बच्चे के कल्याण आवेदन में देरी हुई है,Women & Child Welfare,Low
എന്റെ ഭൂമി രേഖയിൽ തെറ്റായ വിവരമുണ്ട് ദയവായി ആവശ്യമായ നടപടി സ്വീകരിക്കുക.,Revenue & Land Records,High
தயவுசெய்து இதை சரி செய்யுங்கள். எங்கள் பகுதியில் நடந்த திருட்டை புகார் செய்ய விரும்புகிறேன் இந்த பிரச்சனையை கவனிக்கவும்.,Police,Critical
मैं शिकायत करना चाहता हूं कि सरकारी अस्पताल में जरूरी दवाइयां उपलब्ध नहीं हैं,Health,Medium
ഈ പ്രശ്നത്തെക്കുറിച്ച് പരാതി നൽകുന്നു: എന്റെ ഭൂമി മ്യൂട്ടേഷൻ അപേക്ഷ പരിഗണനയിലാണ് ദയവായി ഈ വിഷയം പരിശോധിക്കുക.,Revenue & Land Records,Medium
ദയവായി ഇത് പരിഹരിക്കുക. സർക്കാർ ഓൺലൈൻ പോർട്ടൽ പ്രവർത്തിക്കുന്നില്ല ദയവായി ഈ വിഷയം പരിശോധിക്കുക.,e-Governance,High
कृपया मदद करें। मेरा मातृत्व लाभ आवेदन लंबित है कृपया इस समस्या का समाधान करें।,Women & Child Welfare,Medium
Kindly look into this: I need assistance from the women welfare department Please take necessary action.,Women & Child Welfare,Medium
कृपया इस समस्या को देखें: मुझे सामाजिक कल्याण योजनाओं की जानकारी चाहिए कृपया आवश्यक कार्रवाई करें।,Social Welfare,Medium
தயவுசெய்து இதை சரி செய்யுங்கள். எங்கள் பகுதியில் குப்பைகள் குவிந்துள்ளன,Waste Management,Medium
Please help. My labour welfare application has not been processed Kindly resolve this issue.,Labour & Employment,Medium
इस समस्या पर ध्यान दें: मेरा किसान सब्सिडी आवेदन लंबित है कृपया इस मामले को देखें।,Agriculture,Low
தயவுசெய்து இதை சரி செய்யுங்கள். கழிவுநீர் தெருவில் நிரம்பி வழிகிறது தயவுசெய்து தேவையான நடவடிக்கை எடுக்கவும்.,Drainage & Sewerage,High
ദയവായി സഹായിക്കണം. ന്യായവില കട ജോലി സമയത്ത് തുറക്കുന്നില്ല ദയവായി ഈ വിഷയം പരിശോധിക്കുക.,Food & Civil Supplies,High
Kindly look into this: The streetlight pole near my house is damaged,Municipal Corporation,Medium
ദയവായി സഹായിക്കണം. കോളേജ് എന്റെ സർട്ടിഫിക്കറ്റ് നൽകിയിട്ടില്ല ദയവായി ആവശ്യമായ നടപടി സ്വീകരിക്കുക.,Education,High
कृपया मदद करें। मेरी संपत्ति के रिकॉर्ड में गलती है कृपया आवश्यक कार्रवाई करें।,Revenue & Land Records,Medium
വിളനാശത്തിന് സഹായം ആവശ്യമാണ് ദയവായി ഈ പ്രശ്നം പരിഹരിക്കുക.,Agriculture,Medium
मैं शिकायत करना चाहता हूं कि एम्बुलेंस सेवा जवाब नहीं दे रही है,Health,Medium
தயவுசெய்து உதவுங்கள். எனது பயனாளி விவரங்கள் தவறாக உள்ளன,Social Welfare,High
Kindly look into this: The hospital lacks basic medical equipment,Health,High
தயவுசெய்து உதவுங்கள். அரசு அலுவலகத்திற்கு மின் பழுதுபார்ப்பு தேவை இந்த பிரச்சனையை கவனிக்கவும்.,Public Works,Low
இந்த பிரச்சனை குறித்து புகார் அளிக்கிறேன்: எனது ரேஷன் அட்டையில் தவறான விவரங்கள் உள்ளன இந்த பிரச்சனையை கவனிக்கவும்.,Food & Civil Supplies,Low
தயவுசெய்து உதவுங்கள். நான் காவல்துறையில் புகார் அளிக்க வேண்டும் தயவுசெய்து இந்த பிரச்சனையை தீர்க்கவும்.,Police,Low
I would like to complain that Farmers have not received crop insurance support Kindly resolve this issue.,Agriculture,Medium
தயவுசெய்து இதை சரி செய்யுங்கள். எனது சொத்து சர்வே விவரங்கள் தவறாக உள்ளன தயவுசெய்து தேவையான நடவடிக்கை எடுக்கவும்.,Revenue & Land Records,Low
इस समस्या पर ध्यान दें: मेरा रोजगार प्रमाणपत्र देर से मिला है कृपया इस मामले को देखें।,Labour & Employment,Low
ദയവായി ഇത് പരിഹരിക്കുക. സർക്കാർ ആശുപത്രിയിൽ ആവശ്യമായ മരുന്നുകൾ ലഭ്യമല്ല ദയവായി ഈ പ്രശ്നം പരിഹരിക്കുക.,Health,Low
I would like to complain that My welfare certificate has not been issued Please take necessary action.,Social Welfare,High
தயவுசெய்து உதவுங்கள். பொது கட்டிடத்தின் கதவுகள் சேதமடைந்துள்ளன,Public Works,High
தயவுசெய்து இதை சரி செய்யுங்கள். ஊராட்சி கிராம வசதிகளை பழுதுபார்க்கவில்லை இந்த பிரச்சனையை கவனிக்கவும்.,Rural Development / Panchayat,Low
I would like to complain that My ration card contains incorrect details Kindly resolve this issue.,Food & Civil Supplies,High
Kindly look into this: The electric wire near the road is hanging dangerously Please look into this matter.,Electricity,High
मेरा मातृत्व लाभ आवेदन लंबित है कृपया इस समस्या का समाधान करें।,Women & Child Welfare,Low
इस समस्या पर ध्यान दें: सरकारी रोजगार योजना में काम नहीं मिला है कृपया इस समस्या का समाधान करें।,Labour & Employment,High
इस समस्या पर ध्यान दें: मुझे श्रमिक के रूप में पंजीकरण करने में सहायता चाहिए,Labour & Employment,High
The government website is showing an error,e-Governance,Medium
कृपया मदद करें। कारखाने से ध्वनि प्रदूषण हो रहा है कृपया इस समस्या का समाधान करें।,Environment & Forest,High
इस समस्या पर ध्यान दें: एम्बुलेंस सेवा जवाब नहीं दे रही है कृपया आवश्यक कार्रवाई करें।,Health,High
इस समस्या पर ध्यान दें: मुझे भूमि सर्वेक्षण मानचित्र की प्रति चाहिए कृपया इस समस्या का समाधान करें।,Revenue & Land Records,Medium
ഈ പ്രശ്നം ശ്രദ്ധിക്കുക: ആംബുലൻസ് സേവനം പ്രതികരിക്കുന്നില്ല ദയവായി ഈ വിഷയം പരിശോധിക്കുക.,Health,Low
ഈ പ്രശ്നം ശ്രദ്ധിക്കുക: വനത്തിന് സമീപം അനധികൃതമായി മാലിന്യം തള്ളുന്നു ദയവായി ഈ വിഷയം പരിശോധിക്കുക.,Environment & Forest,Medium
இந்த பிரச்சனை குறித்து புகார் அளிக்கிறேன்: எனது நில பதிவில் தவறான தகவல் உள்ளது தயவுசெய்து இந்த பிரச்சனையை தீர்க்கவும்.,Revenue & Land Records,High
இந்த பிரச்சனையை கவனிக்கவும்: எங்கள் பகுதியில் குடிநீர் விநியோகம் இல்லை,Water Services,Medium
मैं शिकायत करना चाहता हूं कि आवास योजना की लाभार्थी सूची गलत है कृपया आवश्यक कार्रवाई करें।,Housing,Medium
இந்த பிரச்சனையை கவனிக்கவும்: எங்கள் தெருவின் அருகிலுள்ள மின்மாற்றியில் வித்தியாசமான சத்தம் வருகிறது,Electricity,Medium
ദയവായി സഹായിക്കണം. ഞങ്ങളുടെ പ്രദേശത്ത് വോൾട്ടേജ് വ്യതിയാനം പതിവാണ് ദയവായി ഈ പ്രശ്നം പരിഹരിക്കുക.,Electricity,Medium
Please help. The road surface becomes dangerous during rain,Roads & Highways,Critical
कल्याण कार्यालय ने जवाब नहीं दिया है कृपया आवश्यक कार्रवाई करें।,Social Welfare,High
कृपया इस समस्या को देखें: मेरे श्रमिक पंजीकरण की जानकारी गलत है कृपया इस समस्या का समाधान करें।,Labour & Employment,Medium
இந்த பிரச்சனையை கவனிக்கவும்: டிஜிட்டல் அரசு சேவை கிடைக்கவில்லை,e-Governance,Medium
தயவுசெய்து இதை சரி செய்யுங்கள். அரசு விடுதிக்கு சிறந்த வசதிகள் தேவை இந்த பிரச்சனையை கவனிக்கவும்.,Education,Medium
ദയവായി സഹായിക്കണം. ഞങ്ങളുടെ തെരുവിന് സമീപമുള്ള ട്രാൻസ്ഫോർമറിൽ നിന്ന് വിചിത്രമായ ശബ്ദം കേൾക്കുന്നു,Electricity,Medium
कृपया इस समस्या को देखें: किसानों को सिंचाई का पानी नहीं मिल रहा है कृपया इस मामले को देखें।,Agriculture,Critical
सरकारी कार्यालय में बिजली की मरम्मत की जरूरत है कृपया इस समस्या का समाधान करें।,Public Works,Medium
मैं शिकायत करना चाहता हूं कि मुझे सरकारी आवास योजना की जानकारी चाहिए,Housing,High
I want to report that I want to report a theft in my neighborhood Please look into this matter.,Police,Medium
தயவுசெய்து உதவுங்கள். அரசின் குழந்தை உதவித்தொகை நிலுவையில் உள்ளது தயவுசெய்து இந்த பிரச்சனையை தீர்க்கவும்.,Women & Child Welfare,Medium
Kindly look into this: The college has not issued my certificate Kindly resolve this issue.,Education,Low
தயவுசெய்து இதை சரி செய்யுங்கள். குப்பை தொட்டிகள் நிரம்பி உள்ளன தயவுசெய்து தேவையான நடவடிக்கை எடுக்கவும்.,Waste Management,Low
Dirty water is coming through the public pipeline Please take necessary action.,Water Services,High
कृपया इस समस्या को देखें: मेरे भूमि रिकॉर्ड में गलत जानकारी दर्ज है कृपया इस मामले को देखें।,Revenue & Land Records,High
ഈ പ്രശ്നത്തെക്കുറിച്ച് പരാതി നൽകുന്നു: എന്റെ പുതിയ റേഷൻ കാർഡ് നൽകിയിട്ടില്ല ദയവായി ആവശ്യമായ നടപടി സ്വീകരിക്കുക.,Food & Civil Supplies,Low
എന്റെ കുടുംബാംഗം റേഷൻ കാർഡിൽ ഇല്ല ദയവായി ഈ വിഷയം പരിശോധിക്കുക.,Food & Civil Supplies,High
அரசு பேருந்துகள் முறையாக இயக்கப்படவில்லை தயவுசெய்து தேவையான நடவடிக்கை எடுக்கவும்.,Transport,Medium
कृपया इस समस्या को देखें: मुझे इस महीने की पेंशन नहीं मिली है कृपया आवश्यक कार्रवाई करें।,Social Welfare,Medium
Please help. My vehicle has been stolen Please look into this matter.,Police,Critical
I want to report that My affordable housing application is pending Please take necessary action.,Housing,Medium
ദയവായി സഹായിക്കണം. ബസ് ഷെൽട്ടർ കേടായിട്ടുണ്ട് ദയവായി ആവശ്യമായ നടപടി സ്വീകരിക്കുക.,Transport,High
ദയവായി സഹായിക്കണം. വീട്ടുമാലിന്യം വീടുകൾക്ക് സമീപം കെട്ടിക്കിടക്കുന്നു ദയവായി ആവശ്യമായ നടപടി സ്വീകരിക്കുക.,Waste Management,Low
എന്റെ അപേക്ഷ ഓൺലൈനായി സമർപ്പിക്കാൻ കഴിയുന്നില്ല,e-Governance,Medium
मैं शिकायत करना चाहता हूं कि हमारे इलाके की सीवर लाइन बंद है कृपया इस समस्या का समाधान करें।,Drainage & Sewerage,High
அரசு அலுவலக கட்டிடத்திற்கு பழுது பார்க்க வேண்டும்,Public Works,Medium
ഈ പ്രശ്നം ശ്രദ്ധിക്കുക: ഞങ്ങളുടെ താമസ പ്രദേശത്തിന് സമീപം സംശയാസ്പദനായ ഒരാൾ ഉണ്ട് ദയവായി ഈ പ്രശ്നം പരിഹരിക്കുക.,Police,Medium
कृपया मदद करें। हमारे इलाके की सीवर लाइन बंद है कृपया इस समस्या का समाधान करें।,Drainage & Sewerage,Low
எனது மாற்றுத்திறனாளர் உதவித்தொகை தாமதமாகியுள்ளது தயவுசெய்து தேவையான நடவடிக்கை எடுக்கவும்.,Social Welfare,High
இந்த பிரச்சனை குறித்து புகார் அளிக்கிறேன்: அரசு ஆன்லைன் தளம் வேலை செய்யவில்லை தயவுசெய்து தேவையான நடவடிக்கை எடுக்கவும்.,e-Governance,Medium
I would like to complain that I need to update my land ownership record Please look into this matter.,Revenue & Land Records,Medium
தயவுசெய்து இதை சரி செய்யுங்கள். எனது வேலைவாய்ப்பு நலத்தொகை கிடைக்கவில்லை,Labour & Employment,Low
இந்த பிரச்சனையை கவனிக்கவும்: எனது நலச் சான்றிதழ் வழங்கப்படவில்லை தயவுசெய்து இந்த பிரச்சனையை தீர்க்கவும்.,Social Welfare,Medium
இந்த பிரச்சனையை கவனிக்கவும்: நில அளவை வரைபடத்தின் நகல் வேண்டும்,Revenue & Land Records,High
I would like to complain that The government building needs urgent maintenance Kindly resolve this issue.,Public Works,Medium
தயவுசெய்து இதை சரி செய்யுங்கள். வேளாண் அதிகாரி எங்கள் கிராமத்திற்கு வரவில்லை தயவுசெய்து இந்த பிரச்சனையை தீர்க்கவும்.,Agriculture,Low
मुझे कल्याण योजना के लिए आवेदन करने में सहायता चाहिए कृपया इस मामले को देखें।,Social Welfare,Medium
मैं शिकायत करना चाहता हूं कि हमारे इलाके में रोज बिजली कटौती होती है कृपया आवश्यक कार्रवाई करें।,Electricity,Low
Please help. There is a shortage of seeds in our area Please take necessary action.,Agriculture,Medium
कृपया मदद करें। पंचायत कार्यालय ने हमारी शिकायत का जवाब नहीं दिया कृपया आवश्यक कार्रवाई करें।,Rural Development / Panchayat,Medium
मैं शिकायत करना चाहता हूं कि हमारे आवासीय क्षेत्र के पास एक संदिग्ध व्यक्ति है कृपया आवश्यक कार्रवाई करें।,Police,Medium
എന്റെ തൊഴിലാളി രജിസ്ട്രേഷൻ വിവരങ്ങൾ തെറ്റാണ് ദയവായി ഈ പ്രശ്നം പരിഹരിക്കുക.,Labour & Employment,Medium
ഈ പ്രശ്നം ശ്രദ്ധിക്കുക: എന്റെ മുതിർന്ന പൗരൻ ആനുകൂല്യം പരിഗണനയിലാണ്,Social Welfare,Medium
இந்த பிரச்சனையை கவனிக்கவும்: குப்பை தொட்டிகள் நிரம்பி உள்ளன இந்த பிரச்சனையை கவனிக்கவும்.,Waste Management,Low
मैं शिकायत करना चाहता हूं कि मेरी पुलिस शिकायत का अभी तक जवाब नहीं मिला है कृपया इस समस्या का समाधान करें।,Police,Low
இந்த பிரச்சனை குறித்து புகார் அளிக்கிறேன்: கிராம வளர்ச்சி திட்டம் நிறுத்தப்பட்டுள்ளது,Rural Development / Panchayat,Medium
इस समस्या पर ध्यान दें: जंगल के पास अवैध रूप से कचरा डाला जा रहा है कृपया इस मामले को देखें।,Environment & Forest,Medium
कृपया मदद करें। बस शेल्टर खराब हो गया है कृपया इस मामले को देखें।,Transport,Medium
I want to report that The government building needs urgent maintenance Please take necessary action.,Public Works,Low
मैं शिकायत करना चाहता हूं कि नाले के पानी से बहुत बदबू आ रही है कृपया इस मामले को देखें।,Drainage & Sewerage,High
I want to report that My electricity bill shows an incorrect reading Kindly resolve this issue.,Electricity,Low
தயவுசெய்து இதை சரி செய்யுங்கள். குப்பை வாகனம் எங்கள் பகுதிக்கு வருவதை நிறுத்திவிட்டது,Waste Management,Medium
I would like to complain that Our residential area needs better municipal services Please look into this matter.,Municipal Corporation,Low
Please help. I have not received my monthly ration Please take necessary action.,Food & Civil Supplies,Medium
इस समस्या पर ध्यान दें: एक विवाद में पुलिस की सहायता चाहिए कृपया इस मामले को देखें।,Police,Low
मुझे श्रमिक के रूप में पंजीकरण करने में सहायता चाहिए कृपया इस समस्या का समाधान करें।,Labour & Employment,High
I would like to complain that Our village needs better basic infrastructure,Rural Development / Panchayat,Low
தயவுசெய்து உதவுங்கள். ஆன்லைன் சேவை அடிக்கடி செயலிழக்கிறது இந்த பிரச்சனையை கவனிக்கவும்.,e-Governance,Medium
தயவுசெய்து உதவுங்கள். எனது வேலைவாய்ப்பு நலத்தொகை கிடைக்கவில்லை,Labour & Employment,Low
कृपया इस समस्या को देखें: हमारे इलाके में रोज बिजली कटौती होती है कृपया आवश्यक कार्रवाई करें।,Electricity,High
कृपया इस समस्या को देखें: सरकारी बाल सहायता भुगतान लंबित है,Women & Child Welfare,Low
मैं शिकायत करना चाहता हूं कि मुझे इस महीने का राशन नहीं मिला है कृपया इस मामले को देखें।,Food & Civil Supplies,High
इस समस्या पर ध्यान दें: मेरे डिजिटल आवेदन पर कार्रवाई नहीं हुई है कृपया आवश्यक कार्रवाई करें।,e-Governance,Low
ഞങ്ങളുടെ പ്രദേശത്തെ ശിശു പരിപാലന കേന്ദ്രം പ്രവർത്തിക്കുന്നില്ല,Women & Child Welfare,Medium
इस समस्या पर ध्यान दें: मुझे अपने भूमि दस्तावेज की प्रति चाहिए कृपया इस मामले को देखें।,Revenue & Land Records,Medium
Please help. Garbage has not been collected from our street,Waste Management,Low
இந்த பிரச்சனை குறித்து புகார் அளிக்கிறேன்: எங்கள் பள்ளியில் சரியான வகுப்பறை வசதிகள் இல்லை இந்த பிரச்சனையை கவனிக்கவும்.,Education,Low
I would like to complain that My disability assistance payment has been delayed Please take necessary action.,Social Welfare,Low
I would like to complain that The overhead water tank is not receiving water Kindly resolve this issue.,Water Services,Medium
Kindly look into this: Our village needs better basic infrastructure,Rural Development / Panchayat,Low
தயவுசெய்து உதவுங்கள். எங்கள் பகுதியில் உள்ள பூங்கா பயன்படுத்த முடியாத நிலையில் உள்ளது,Municipal Corporation,Low
ദയവായി ഇത് പരിഹരിക്കുക. എന്റെ ഓൺലൈൻ അപേക്ഷയുടെ സ്ഥിതി മാറിയിട്ടില്ല,e-Governance,High
I would like to complain that My housing assistance application is pending,Housing,Medium
I want to report that The patta transfer application is pending Kindly resolve this issue.,Revenue & Land Records,High
ரேஷன் அட்டை விவரங்களை புதுப்பிக்க வேண்டும் தயவுசெய்து தேவையான நடவடிக்கை எடுக்கவும்.,Food & Civil Supplies,Low
I want to report that The ambulance service is not responding,Health,High
தயவுசெய்து இதை சரி செய்யுங்கள். சாக்கடை அடைத்துள்ளது இந்த பிரச்சனையை கவனிக்கவும்.,Drainage & Sewerage,Low
ദയവായി സഹായിക്കണം. വീട് നിർമ്മാണ സബ്സിഡി ഇതുവരെ ലഭിച്ചിട്ടില്ല ദയവായി ഈ വിഷയം പരിശോധിക്കുക.,Housing,Medium
ദയവായി സഹായിക്കണം. എന്റെ വാഹനം മോഷണം പോയി,Police,Critical
ഈ പ്രശ്നം ശ്രദ്ധിക്കുക: ആശുപത്രിയിലെ ഫാർമസിയിൽ മരുന്നുകൾ ഇല്ല ദയവായി ആവശ്യമായ നടപടി സ്വീകരിക്കുക.,Health,Medium
कृपया इस समस्या को देखें: परिवहन पास आवेदन में देरी हो रही है कृपया इस समस्या का समाधान करें।,Transport,High
Please help. The government office building needs repair Kindly resolve this issue.,Public Works,High
இந்த பிரச்சனையை கவனிக்கவும்: எங்கள் வார்டில் உள்ள பொது வசதிக்கு பராமரிப்பு தேவை இந்த பிரச்சனையை கவனிக்கவும்.,Municipal Corporation,Medium
எனது நில பதிவில் தவறான தகவல் உள்ளது தயவுசெய்து இந்த பிரச்சனையை தீர்க்கவும்.,Revenue & Land Records,High
Please help. My beneficiary details are incorrect,Social Welfare,Medium
இந்த பிரச்சனையை கவனிக்கவும்: பொது குழாயில் அழுக்கான தண்ணீர் வருகிறது தயவுசெய்து இந்த பிரச்சனையை தீர்க்கவும்.,Water Services,Medium
मैं शिकायत करना चाहता हूं कि मुझे अपना रोजगार लाभ नहीं मिला है कृपया इस मामले को देखें।,Labour & Employment,High
इस समस्या पर ध्यान दें: सार्वजनिक पानी की पाइपलाइन में रिसाव है,Water Services,Medium
தடுப்பூசி சேவை கிடைக்கவில்லை தயவுசெய்து தேவையான நடவடிக்கை எடுக்கவும்.,Health,High
ഈ പ്രശ്നത്തെക്കുറിച്ച് പരാതി നൽകുന്നു: ഞങ്ങളുടെ പ്രദേശത്ത് ദിവസവും വൈദ്യുതി മുടങ്ങുന്നു,Electricity,High
I would like to complain that The government school does not have enough teachers Kindly resolve this issue.,Education,Medium
इस समस्या पर ध्यान दें: पंचायत विकास निधि का उपयोग नहीं किया गया है कृपया इस मामले को देखें।,Rural Development / Panchayat,Medium
हमारे गांव के पास की नदी प्रदूषित है,Environment & Forest,High
எனது விவசாய மானிய விண்ணப்பம் நிலுவையில் உள்ளது தயவுசெய்து இந்த பிரச்சனையை தீர்க்கவும்.,Agriculture,Low
தயவுசெய்து உதவுங்கள். எங்கள் வீட்டருகே உள்ள தெருவிளக்கு கம்பம் சேதமடைந்துள்ளது,Municipal Corporation,Low
ദയവായി സഹായിക്കണം. സർക്കാർ ഓൺലൈൻ പോർട്ടൽ പ്രവർത്തിക്കുന്നില്ല ദയവായി ഈ പ്രശ്നം പരിഹരിക്കുക.,e-Governance,Medium
குடிநீர் விநியோகம் சரியாக இல்லை இந்த பிரச்சனையை கவனிக்கவும்.,Water Services,Medium
தயவுசெய்து உதவுங்கள். எங்கள் பகுதியில் குடிநீர் பற்றாக்குறை உள்ளது தயவுசெய்து இந்த பிரச்சனையை தீர்க்கவும்.,Water Services,Medium
இந்த பிரச்சனையை கவனிக்கவும்: நலத்திட்டத்திற்கு விண்ணப்பிக்க உதவி வேண்டும் இந்த பிரச்சனையை கவனிக்கவும்.,Social Welfare,Medium
I would like to complain that The ration shop is not providing rice Please take necessary action.,Food & Civil Supplies,Medium
The public infrastructure is poorly maintained Please take necessary action.,Public Works,Low
தயவுசெய்து இதை சரி செய்யுங்கள். எங்கள் பள்ளி அருகே ஆபத்தான முறையில் வாகனங்கள் ஓட்டப்படுகின்றன,Police,Low
कृपया मदद करें। मुझे कृषि सब्सिडी के बारे में जानकारी चाहिए कृपया इस मामले को देखें।,Agriculture,Medium
मुझे भूमि स्वामित्व रिकॉर्ड अपडेट करना है कृपया इस समस्या का समाधान करें।,Revenue & Land Records,High
मैं शिकायत करना चाहता हूं कि मुझे पुलिस में शिकायत दर्ज करनी है,Police,Low
Kindly look into this: There are no beds available in the public hospital,Health,Medium
कृपया मदद करें। बाजार के पास कचरे का डिब्बा भर गया है,Waste Management,Medium
ദയവായി സഹായിക്കണം. വൈദ്യുതി മീറ്റർ ശരിയായി പ്രവർത്തിക്കുന്നില്ല,Electricity,High
मैं शिकायत करना चाहता हूं कि परिवहन पास आवेदन में देरी हो रही है कृपया आवश्यक कार्रवाई करें।,Transport,High
ഞങ്ങളുടെ പ്രദേശത്ത് മാലിന്യ ശേഖരണം ക്രമമായിട്ടില്ല ദയവായി ഈ വിഷയം പരിശോധിക്കുക.,Waste Management,Medium
ഈ പ്രശ്നം ശ്രദ്ധിക്കുക: ഞങ്ങളുടെ വീടിന് പുറത്ത് മലിനജലം കെട്ടിക്കിടക്കുന്നു,Drainage & Sewerage,Medium
I want to report that The government building drainage needs repair Please look into this matter.,Public Works,Medium
ബസ് ഷെൽട്ടർ കേടായിട്ടുണ്ട്,Transport,Low
இந்த பிரச்சனையை கவனிக்கவும்: சாக்கடை அடைத்துள்ளது தயவுசெய்து தேவையான நடவடிக்கை எடுக்கவும்.,Drainage & Sewerage,Low
ഈ പ്രശ്നം ശ്രദ്ധിക്കുക: എന്റെ വാഹനം മോഷണം പോയി,Police,Critical
मैं शिकायत करना चाहता हूं कि सार्वजनिक नल काम करना बंद कर चुका है कृपया इस मामले को देखें।,Water Services,Medium
Kindly look into this: The panchayat office has not responded to our complaint,Rural Development / Panchayat,Medium
कृपया इस समस्या को देखें: मुझे श्रमिक के रूप में पंजीकरण करने में सहायता चाहिए कृपया इस समस्या का समाधान करें।,Labour & Employment,High
कृपया इस समस्या को देखें: कचरा वाहन हमारे इलाके में आना बंद कर चुका है कृपया इस समस्या का समाधान करें।,Waste Management,Medium
ദയവായി സഹായിക്കണം. പഞ്ചായത്ത് ഗ്രാമത്തിലെ സൗകര്യങ്ങൾ നന്നാക്കിയിട്ടില്ല ദയവായി ആവശ്യമായ നടപടി സ്വീകരിക്കുക.,Rural Development / Panchayat,Medium
Please help. Industrial waste is entering the nearby water body,Environment & Forest,Medium
Please help. My worker registration details are incorrect Kindly resolve this issue.,Labour & Employment,Low
ഈ പ്രശ്നത്തെക്കുറിച്ച് പരാതി നൽകുന്നു: ഗ്രാമ ക്ഷേമ പദ്ധതി പരിഗണനയിലാണ് ദയവായി ആവശ്യമായ നടപടി സ്വീകരിക്കുക.,Rural Development / Panchayat,Low
Kindly look into this: The government website is showing an error,e-Governance,Medium
தயவுசெய்து இதை சரி செய்யுங்கள். எங்கள் பகுதியில் குப்பைகள் குவிந்துள்ளன இந்த பிரச்சனையை கவனிக்கவும்.,Waste Management,High
ദയവായി ഇത് പരിഹരിക്കുക. ഞങ്ങളുടെ പ്രദേശത്തെ തെരുവ് വിളക്കുകൾ പ്രവർത്തിക്കുന്നില്ല ദയവായി ഈ പ്രശ്നം പരിഹരിക്കുക.,Municipal Corporation,Low
இந்த பிரச்சனை குறித்து புகார் அளிக்கிறேன்: கழிவுநீர் கால்வாய் நிரம்பியுள்ளது,Drainage & Sewerage,High
ഫാക്ടറിയിൽ നിന്ന് ശബ്ദ മലിനീകരണം ഉണ്ടാകുന്നു ദയവായി ആവശ്യമായ നടപടി സ്വീകരിക്കുക.,Environment & Forest,Medium
எங்கள் கிராமத்திற்கு அருகிலுள்ள சாலை பள்ளங்களால் நிறைந்துள்ளது தயவுசெய்து தேவையான நடவடிக்கை எடுக்கவும்.,Roads & Highways,Medium
I want to report that My family member is missing from the ration card Please look into this matter.,Food & Civil Supplies,Medium
ദയവായി ഇത് പരിഹരിക്കുക. ഞങ്ങളുടെ ഗ്രാമത്തിൽ മികച്ച അടിസ്ഥാന സൗകര്യങ്ങൾ ആവശ്യമാണ് ദയവായി ഈ വിഷയം പരിശോധിക്കുക.,Rural Development / Panchayat,Low
ഈ പ്രശ്നത്തെക്കുറിച്ച് പരാതി നൽകുന്നു: പൊതു കെട്ടിടത്തിലെ ജനലുകൾ തകർന്നിട്ടുണ്ട് ദയവായി ആവശ്യമായ നടപടി സ്വീകരിക്കുക.,Public Works,Low
தயவுசெய்து உதவுங்கள். எனது தொழிலாளர் பதிவு விண்ணப்பம் நிலுவையில் உள்ளது தயவுசெய்து இந்த பிரச்சனையை தீர்க்கவும்.,Labour & Employment,High
इस समस्या पर ध्यान दें: स्वीकृत आवास राशि अभी तक नहीं मिली है कृपया इस समस्या का समाधान करें।,Housing,Medium
ദയവായി സഹായിക്കണം. കൃഷി ഓഫീസർ ഞങ്ങളുടെ ഗ്രാമത്തിൽ വന്നിട്ടില്ല ദയവായി ഈ പ്രശ്നം പരിഹരിക്കുക.,Agriculture,Medium
സീവേജ് മാൻഹോൾ നിറഞ്ഞുകവിഞ്ഞു ദയവായി ആവശ്യമായ നടപടി സ്വീകരിക്കുക.,Drainage & Sewerage,Low
I want to report that The street cleaning schedule is not being followed Kindly resolve this issue.,Municipal Corporation,High
कृपया मदद करें। हमारे गांव के पास की सड़क गड्ढों से भरी है कृपया इस मामले को देखें।,Roads & Highways,Medium
தயவுசெய்து இதை சரி செய்யுங்கள். எனது சமூக நல ஓய்வூதியம் வரவில்லை இந்த பிரச்சனையை கவனிக்கவும்.,Social Welfare,High
I want to report that The panchayat has not repaired the village facilities Kindly resolve this issue.,Rural Development / Panchayat,High
Kindly look into this: The child care centre in our area is not functioning Kindly resolve this issue.,Women & Child Welfare,Low
ഈ പ്രശ്നം ശ്രദ്ധിക്കുക: ഇന്നലെ മുതൽ ഞങ്ങളുടെ തെരുവിൽ വെള്ളം എത്തിയിട്ടില്ല ദയവായി ഈ വിഷയം പരിശോധിക്കുക.,Water Services,Medium
இந்த பிரச்சனை குறித்து புகார் அளிக்கிறேன்: எங்கள் பகுதியில் உள்ள பொது கழிப்பிடம் பராமரிக்கப்படவில்லை,Municipal Corporation,Medium
Please help. My new ration card has not been issued Kindly resolve this issue.,Food & Civil Supplies,Low
தயவுசெய்து உதவுங்கள். எனது மூத்த குடிமக்கள் நலத்தொகை நிலுவையில் உள்ளது தயவுசெய்து தேவையான நடவடிக்கை எடுக்கவும்.,Social Welfare,Low
Kindly look into this: The online service keeps timing out Please take necessary action.,e-Governance,High
कृपया इस समस्या को देखें: ग्रामीण कल्याण परियोजना लंबित है कृपया आवश्यक कार्रवाई करें।,Rural Development / Panchayat,Medium
कृपया मदद करें। सरकारी ऑनलाइन पोर्टल काम नहीं कर रहा है कृपया आवश्यक कार्रवाई करें।,e-Governance,Low
Please help. I need help applying for a welfare scheme,Social Welfare,High
कृपया मदद करें। सार्वजनिक नल काम करना बंद कर चुका है कृपया आवश्यक कार्रवाई करें।,Water Services,Medium
தயவுசெய்து இதை சரி செய்யுங்கள். எனது மகப்பேறு உதவி விண்ணப்பம் நிலுவையில் உள்ளது தயவுசெய்து தேவையான நடவடிக்கை எடுக்கவும்.,Women & Child Welfare,High
I would like to complain that The government housing allotment has been delayed Kindly resolve this issue.,Housing,Low
தயவுசெய்து இதை சரி செய்யுங்கள். ஆன்லைன் குடிமக்கள் சேவையை அணுக முடியவில்லை இந்த பிரச்சனையை கவனிக்கவும்.,e-Governance,Medium
தயவுசெய்து உதவுங்கள். எங்கள் பகுதியில் உள்ள பொது கழிப்பிடம் பராமரிக்கப்படவில்லை தயவுசெய்து இந்த பிரச்சனையை தீர்க்கவும்.,Municipal Corporation,Low
இந்த பிரச்சனை குறித்து புகார் அளிக்கிறேன்: சுகாதார மையத்தில் அதிக கூட்டம் உள்ளது இந்த பிரச்சனையை கவனிக்கவும்.,Health,Medium
தயவுசெய்து இதை சரி செய்யுங்கள். குழந்தைகளுக்கான ஊட்டச்சத்து சேவை கிடைக்கவில்லை தயவுசெய்து இந்த பிரச்சனையை தீர்க்கவும்.,Women & Child Welfare,Low
Kindly look into this: I need help applying for a welfare scheme Kindly resolve this issue.,Social Welfare,Medium
ഈ പ്രശ്നത്തെക്കുറിച്ച് പരാതി നൽകുന്നു: ഒരു ഫാക്ടറി ഗുരുതരമായ വായു മലിനീകരണം ഉണ്ടാക്കുന്നു ദയവായി ഈ പ്രശ്നം പരിഹരിക്കുക.,Environment & Forest,Medium
കൃഷി ഓഫീസർ ഞങ്ങളുടെ ഗ്രാമത്തിൽ വന്നിട്ടില്ല ദയവായി ഈ വിഷയം പരിശോധിക്കുക.,Agriculture,High
தயவுசெய்து இதை சரி செய்யுங்கள். ரேஷன் கடைக்காரர் கூடுதல் பணம் கேட்கிறார் தயவுசெய்து இந்த பிரச்சனையை தீர்க்கவும்.,Food & Civil Supplies,Medium
ഈ പ്രശ്നത്തെക്കുറിച്ച് പരാതി നൽകുന്നു: ഞങ്ങളുടെ ഗ്രാമത്തിൽ മികച്ച പൊതു സൗകര്യങ്ങൾ ആവശ്യമാണ് ദയവായി ഈ വിഷയം പരിശോധിക്കുക.,Rural Development / Panchayat,Medium
ദയവായി സഹായിക്കണം. സർക്കാർ വെബ്സൈറ്റിൽ പിശക് കാണിക്കുന്നു ദയവായി ഈ പ്രശ്നം പരിഹരിക്കുക.,e-Governance,High
தயவுசெய்து உதவுங்கள். வனப்பகுதி ஆக்கிரமிக்கப்படுகிறது தயவுசெய்து தேவையான நடவடிக்கை எடுக்கவும்.,Environment & Forest,Medium
இந்த பிரச்சனையை கவனிக்கவும்: சுகாதார மையத்தில் அதிக கூட்டம் உள்ளது,Health,Low
इस समस्या पर ध्यान दें: सार्वजनिक भवन की दीवारों में दरारें हैं कृपया इस मामले को देखें।,Public Works,Medium
ദയവായി സഹായിക്കണം. ആശുപത്രിയിൽ അടിസ്ഥാന മെഡിക്കൽ ഉപകരണങ്ങൾ ഇല്ല,Health,Medium
कृपया मदद करें। घर निर्माण की सब्सिडी अभी तक नहीं मिली है कृपया इस समस्या का समाधान करें।,Housing,High
ഈ പ്രശ്നം ശ്രദ്ധിക്കുക: സർക്കാർ തൊഴിൽ പദ്ധതിയിൽ ജോലി ലഭിച്ചിട്ടില്ല,Labour & Employment,Medium
I want to report that The ambulance service is not responding Please take necessary action.,Health,Medium
இந்த பிரச்சனை குறித்து புகார் அளிக்கிறேன்: அரசுப் பள்ளியில் போதுமான ஆசிரியர்கள் இல்லை இந்த பிரச்சனையை கவனிக்கவும்.,Education,Medium
എനിക്ക് വനിതാ ക്ഷേമ വകുപ്പിന്റെ സഹായം വേണം,Women & Child Welfare,Low
Kindly look into this: I have not received my worker welfare payment,Labour & Employment,Medium
தயவுசெய்து இதை சரி செய்யுங்கள். பெண்கள் நலத்துறையின் உதவி வேண்டும் இந்த பிரச்சனையை கவனிக்கவும்.,Women & Child Welfare,Medium
தயவுசெய்து உதவுங்கள். தொழிற்சாலையால் ஒலி மாசு ஏற்படுகிறது இந்த பிரச்சனையை கவனிக்கவும்.,Environment & Forest,Low
Please help. The street lights in my neighborhood are not working Kindly resolve this issue.,Municipal Corporation,Medium
இந்த பிரச்சனையை கவனிக்கவும்: எங்கள் பகுதியில் குடிநீர் விநியோகம் இல்லை இந்த பிரச்சனையை கவனிக்கவும்.,Water Services,Medium
ദയവായി സഹായിക്കണം. ആരോ എന്റെ സ്വത്തിന് കേടുപാടുകൾ വരുത്തി ദയവായി ഈ വിഷയം പരിശോധിക്കുക.,Police,Medium
The fair price shop is closed during working hours Please look into this matter.,Food & Civil Supplies,Low
அரசு ஆன்லைன் தளம் வேலை செய்யவில்லை இந்த பிரச்சனையை கவனிக்கவும்.,e-Governance,Medium
ദയവായി ഇത് പരിഹരിക്കുക. മുനിസിപ്പൽ ജീവനക്കാർ ഞങ്ങളുടെ തെരുവ് വൃത്തിയാക്കുന്നില്ല ദയവായി ഈ പ്രശ്നം പരിഹരിക്കുക.,Municipal Corporation,Low
I would like to complain that The government online portal is not working,e-Governance,High
இந்த பிரச்சனையை கவனிக்கவும்: அனுமதிக்கப்பட்ட வீட்டு தொகை இன்னும் கிடைக்கவில்லை தயவுசெய்து இந்த பிரச்சனையை தீர்க்கவும்.,Housing,High
இந்த பிரச்சனையை கவனிக்கவும்: ரேஷன் கடைக்காரர் கூடுதல் பணம் கேட்கிறார் தயவுசெய்து தேவையான நடவடிக்கை எடுக்கவும்.,Food & Civil Supplies,High
எங்கள் பகுதியில் தெருவிளக்குகள் வேலை செய்யவில்லை இந்த பிரச்சனையை கவனிக்கவும்.,Municipal Corporation,High
I would like to complain that People are dumping waste on the roadside Kindly resolve this issue.,Waste Management,Low
Please help. The hospital pharmacy has no medicines Please take necessary action.,Health,Critical
ഈ പ്രശ്നത്തെക്കുറിച്ച് പരാതി നൽകുന്നു: വീട് നിർമ്മാണ സബ്സിഡി ഇതുവരെ ലഭിച്ചിട്ടില്ല,Housing,Medium
ഈ പ്രശ്നത്തെക്കുറിച്ച് പരാതി നൽകുന്നു: എന്റെ വീടിന് സമീപമുള്ള മലിനജല ഓട അടഞ്ഞിരിക്കുന്നു,Drainage & Sewerage,Medium
Kindly look into this: The municipal water pipeline is damaged Please look into this matter.,Water Services,Medium
Kindly look into this: The bus service to our village has been reduced Please look into this matter.,Transport,Medium
Kindly look into this: The school library does not have enough books Kindly resolve this issue.,Education,High
ദയവായി ഇത് പരിഹരിക്കുക. ഞങ്ങളുടെ തെരുവിന് സമീപമുള്ള ഡ്രെയിനേജ് പൈപ്പ് പൊട്ടിയിട്ടുണ്ട് ദയവായി ഈ പ്രശ്നം പരിഹരിക്കുക.,Drainage & Sewerage,Medium
ഈ പ്രശ്നത്തെക്കുറിച്ച് പരാതി നൽകുന്നു: ക്ഷേമ ഓഫീസ് മറുപടി നൽകിയിട്ടില്ല,Social Welfare,High
Please help. The power supply has not been restored after the outage,Electricity,Medium
ദയവായി സഹായിക്കണം. മലിനജലം തെരുവിലേക്ക് ഒഴുകുന്നു ദയവായി ഈ വിഷയം പരിശോധിക്കുക.,Drainage & Sewerage,Low
அரசு சுகாதார மையத்தில் மருத்துவர் இல்லை,Health,Medium
இந்த பிரச்சனையை கவனிக்கவும்: வீடு கட்டுவதற்கான மானியம் இன்னும் வரவில்லை தயவுசெய்து தேவையான நடவடிக்கை எடுக்கவும்.,Housing,Medium
इस समस्या पर ध्यान दें: घर निर्माण की सब्सिडी अभी तक नहीं मिली है कृपया इस मामले को देखें।,Housing,Medium
ദയവായി സഹായിക്കണം. മാലിന്യ ശേഖരണ തൊഴിലാളികൾ പതിവായി വരുന്നില്ല,Waste Management,High
இந்த பிரச்சனை குறித்து புகார் அளிக்கிறேன்: அரசு இணையதளத்தில் பிழை வருகிறது தயவுசெய்து தேவையான நடவடிக்கை எடுக்கவும்.,e-Governance,Medium
ദയവായി ഇത് പരിഹരിക്കുക. വള വിതരണം വൈകുകയാണ്,Agriculture,Medium
ദയവായി ഇത് പരിഹരിക്കുക. ഞങ്ങളുടെ പ്രദേശത്ത് കുടിവെള്ള വിതരണം ഇല്ല,Water Services,Low
कृपया इस समस्या को देखें: हमारे क्षेत्र के पास तेज रासायनिक गंध है कृपया आवश्यक कार्रवाई करें।,Environment & Forest,Medium
कृपया इस समस्या को देखें: डिजिटल सरकारी सेवा उपलब्ध नहीं है कृपया इस मामले को देखें।,e-Governance,High
The public building has damaged doors Kindly resolve this issue.,Public Works,High
I want to report that The road repair work has been delayed Please take necessary action.,Roads & Highways,Medium
ഈ പ്രശ്നത്തെക്കുറിച്ച് പരാതി നൽകുന്നു: ആളുകൾ റോഡിന്റെ വശത്ത് മാലിന്യം വലിച്ചെറിയുന്നു ദയവായി ആവശ്യമായ നടപടി സ്വീകരിക്കുക.,Waste Management,Low
மின் மீட்டர் சரியாக வேலை செய்யவில்லை,Electricity,High
कृपया मदद करें। हमारे क्षेत्र का सार्वजनिक पार्क ठीक से साफ नहीं किया जाता कृपया इस समस्या का समाधान करें।,Municipal Corporation,Medium
தயவுசெய்து உதவுங்கள். எங்கள் வீட்டிற்கு வெளியே கழிவுநீர் தேங்கியுள்ளது இந்த பிரச்சனையை கவனிக்கவும்.,Drainage & Sewerage,High
I want to report that My farmer subsidy application is pending Kindly resolve this issue.,Agriculture,Medium
பொது குடிநீர் குழாயில் கசிவு உள்ளது தயவுசெய்து இந்த பிரச்சனையை தீர்க்கவும்.,Water Services,Medium
I want to report that My electricity bill shows an incorrect reading,Electricity,Medium
I want to report that The underground drainage system is blocked Please look into this matter.,Drainage & Sewerage,Medium
ഈ പ്രശ്നം ശ്രദ്ധിക്കുക: എന്റെ കുടുംബാംഗം റേഷൻ കാർഡിൽ ഇല്ല,Food & Civil Supplies,Medium
इस समस्या पर ध्यान दें: मुझे श्रमिक के रूप में पंजीकरण करने में सहायता चाहिए कृपया आवश्यक कार्रवाई करें।,Labour & Employment,Low
I want to report that The municipal workers have not cleaned our street Please take necessary action.,Municipal Corporation,Medium
I want to report that The road repair work has been delayed,Roads & Highways,Medium
தயவுசெய்து இதை சரி செய்யுங்கள். சாக்கடை அடைத்துள்ளது தயவுசெய்து தேவையான நடவடிக்கை எடுக்கவும்.,Drainage & Sewerage,Low
Kindly look into this: The hospital pharmacy has no medicines Please take necessary action.,Health,High
Kindly look into this: The irrigation canal for our fields is damaged Please look into this matter.,Agriculture,Medium
I want to report that My new ration card has not been issued,Food & Civil Supplies,Medium
ദയവായി ഇത് പരിഹരിക്കുക. ഇന്നലെ മുതൽ ഞങ്ങളുടെ പ്രദേശത്ത് വൈദ്യുതി ഇല്ല ദയവായി ഈ വിഷയം പരിശോധിക്കുക.,Electricity,Critical
मैं शिकायत करना चाहता हूं कि राशन की दुकान पर चावल नहीं दिया जा रहा है कृपया इस मामले को देखें।,Food & Civil Supplies,Low
எங்கள் தெருவின் அருகே சட்டவிரோத செயல்கள் நடக்கின்றன,Police,High
Kindly look into this: I need assistance from the women welfare department Please look into this matter.,Women & Child Welfare,Low
தயவுசெய்து உதவுங்கள். எங்கள் பகுதியில் உள்ள குழந்தை பராமரிப்பு மையம் செயல்படவில்லை இந்த பிரச்சனையை கவனிக்கவும்.,Women & Child Welfare,Medium
ദയവായി സഹായിക്കണം. എന്റെ കുറഞ്ഞ ചെലവിലുള്ള ഭവന അപേക്ഷ പരിഗണനയിലാണ് ദയവായി ഈ പ്രശ്നം പരിഹരിക്കുക.,Housing,Medium
मैं शिकायत करना चाहता हूं कि मुझे कल्याण योजना के लिए आवेदन करने में सहायता चाहिए कृपया आवश्यक कार्रवाई करें।,Social Welfare,Medium
இந்த பிரச்சனையை கவனிக்கவும்: ரேஷன் கடையில் உணவுப் பொருட்கள் போதுமானதாக இல்லை இந்த பிரச்சனையை கவனிக்கவும்.,Food & Civil Supplies,Low
தயவுசெய்து உதவுங்கள். எங்கள் பகுதியில் போதுமான பேருந்து சேவைகள் இல்லை தயவுசெய்து இந்த பிரச்சனையை தீர்க்கவும்.,Transport,High
இந்த பிரச்சனையை கவனிக்கவும்: கல்லூரி எனது சான்றிதழை வழங்கவில்லை தயவுசெய்து தேவையான நடவடிக்கை எடுக்கவும்.,Education,High
ദയവായി സഹായിക്കണം. എന്റെ തൊഴിലാളി ക്ഷേമ അപേക്ഷയിൽ നടപടി ഉണ്ടായിട്ടില്ല,Labour & Employment,Low
എന്റെ സ്വത്തിന്റെ സർവേ വിവരങ്ങൾ തെറ്റാണ് ദയവായി ഈ പ്രശ്നം പരിഹരിക്കുക.,Revenue & Land Records,Medium
मेरा भूमि म्यूटेशन आवेदन लंबित है कृपया आवश्यक कार्रवाई करें।,Revenue & Land Records,Medium
Please help. The streetlight pole near my house is damaged Kindly resolve this issue.,Municipal Corporation,Medium
I would like to complain that Household waste is piling up near our houses Please look into this matter.,Waste Management,Medium
ഈ പ്രശ്നത്തെക്കുറിച്ച് പരാതി നൽകുന്നു: ആരോഗ്യ കേന്ദ്രത്തിൽ വളരെ അധികം തിരക്കുണ്ട് ദയവായി ആവശ്യമായ നടപടി സ്വീകരിക്കുക.,Health,High
इस समस्या पर ध्यान दें: मुझे इस महीने की पेंशन नहीं मिली है कृपया इस मामले को देखें।,Social Welfare,Low
இந்த பிரச்சனை குறித்து புகார் அளிக்கிறேன்: பயிர் இழப்புக்கு உதவி தேவை தயவுசெய்து தேவையான நடவடிக்கை எடுக்கவும்.,Agriculture,Low
Kindly look into this: My social welfare pension has not been credited Please take necessary action.,Social Welfare,Medium
நில உரிமை பதிவை புதுப்பிக்க வேண்டும் இந்த பிரச்சனையை கவனிக்கவும்.,Revenue & Land Records,High
ദയവായി ഇത് പരിഹരിക്കുക. കുട്ടികൾക്കുള്ള പോഷകാഹാര സേവനം ലഭ്യമല്ല ദയവായി ആവശ്യമായ നടപടി സ്വീകരിക്കുക.,Women & Child Welfare,Medium
கிராம வளர்ச்சி பணி தாமதமாகியுள்ளது தயவுசெய்து தேவையான நடவடிக்கை எடுக்கவும்.,Rural Development / Panchayat,Medium
इस समस्या पर ध्यान दें: नगरपालिका की पानी की पाइपलाइन खराब है कृपया इस मामले को देखें।,Water Services,High
இந்த பிரச்சனை குறித்து புகார் அளிக்கிறேன்: எங்கள் தெருவை நகராட்சி ஊழியர்கள் சுத்தம் செய்யவில்லை தயவுசெய்து தேவையான நடவடிக்கை எடுக்கவும்.,Municipal Corporation,Low
I have not received my worker welfare payment Please look into this matter.,Labour & Employment,Low
ദയവായി ഇത് പരിഹരിക്കുക. സർക്കാർ കെട്ടിടത്തിന്റെ മേൽക്കൂരയിൽ ചോർച്ചയുണ്ട് ദയവായി ആവശ്യമായ നടപടി സ്വീകരിക്കുക.,Public Works,Low
हमारे आवासीय क्षेत्र के पास एक संदिग्ध व्यक्ति है कृपया आवश्यक कार्रवाई करें।,Police,Medium
मैं शिकायत करना चाहता हूं कि सीवेज मैनहोल से पानी बाहर निकल रहा है कृपया इस समस्या का समाधान करें।,Drainage & Sewerage,Medium
എന്റെ റവന്യൂ സർട്ടിഫിക്കറ്റ് നൽകിയിട്ടില്ല ദയവായി ഈ പ്രശ്നം പരിഹരിക്കുക.,Revenue & Land Records,Medium
I would like to complain that My family member is missing from the ration card,Food & Civil Supplies,Medium
इस समस्या पर ध्यान दें: सरकारी अस्पताल में जरूरी दवाइयां उपलब्ध नहीं हैं,Health,Low
Kindly look into this: There is a dispute that requires police assistance Please take necessary action.,Police,Medium
कृपया मदद करें। मुझे धमकी भरा संदेश मिला है कृपया आवश्यक कार्रवाई करें।,Police,Critical
ഈ പ്രശ്നം ശ്രദ്ധിക്കുക: എന്റെ വിദ്യാഭ്യാസ സർട്ടിഫിക്കറ്റ് ഇതുവരെ ലഭിച്ചിട്ടില്ല,Education,Medium
Please help. Our village needs better public facilities Please look into this matter.,Rural Development / Panchayat,Medium
எங்கள் பகுதியில் குடிநீர் பற்றாக்குறை உள்ளது தயவுசெய்து தேவையான நடவடிக்கை எடுக்கவும்.,Water Services,Low
इस समस्या पर ध्यान दें: स्वीकृत आवास राशि अभी तक नहीं मिली है कृपया इस मामले को देखें।,Housing,High
मैं शिकायत करना चाहता हूं कि मेरे बच्चे के कल्याण आवेदन में देरी हुई है कृपया इस समस्या का समाधान करें।,Women & Child Welfare,High
I would like to complain that There is excessive smoke from an industrial unit Kindly resolve this issue.,Environment & Forest,Medium
ഭൂഗർഭ ഡ്രെയിനേജ് സംവിധാനം അടഞ്ഞിരിക്കുന്നു,Drainage & Sewerage,Low
Please help. My electricity bill shows an incorrect reading Please look into this matter.,Electricity,Medium
இந்த பிரச்சனை குறித்து புகார் அளிக்கிறேன்: கழிவுநீர் தெருவில் நிரம்பி வழிகிறது இந்த பிரச்சனையை கவனிக்கவும்.,Drainage & Sewerage,High
ദയവായി സഹായിക്കണം. ക്ഷേമ ഓഫീസ് മറുപടി നൽകിയിട്ടില്ല ദയവായി ആവശ്യമായ നടപടി സ്വീകരിക്കുക.,Social Welfare,Medium
ഈ പ്രശ്നത്തെക്കുറിച്ച് പരാതി നൽകുന്നു: കർഷകർക്ക് വിള ഇൻഷുറൻസ് സഹായം ലഭിച്ചിട്ടില്ല,Agriculture,Medium
ഈ പ്രശ്നം ശ്രദ്ധിക്കുക: കൃഷി ഓഫീസർ ഞങ്ങളുടെ ഗ്രാമത്തിൽ വന്നിട്ടില്ല ദയവായി ഈ വിഷയം പരിശോധിക്കുക.,Agriculture,Low
कृपया मदद करें। मैं अपना सरकारी प्रमाणपत्र डाउनलोड नहीं कर सकता,e-Governance,Low
இந்த பிரச்சனையை கவனிக்கவும்: கழிவுநீர் கால்வாய் நிரம்பியுள்ளது இந்த பிரச்சனையை கவனிக்கவும்.,Drainage & Sewerage,High
ഈ പ്രശ്നത്തെക്കുറിച്ച് പരാതി നൽകുന്നു: ന്യായവില കട ജോലി സമയത്ത് തുറക്കുന്നില്ല,Food & Civil Supplies,High
இந்த பிரச்சனை குறித்து புகார் அளிக்கிறேன்: பொது குழாயில் அழுக்கான தண்ணீர் வருகிறது தயவுசெய்து இந்த பிரச்சனையை தீர்க்கவும்.,Water Services,Low
I would like to complain that Our water pressure is extremely low Please look into this matter.,Water Services,Medium
I would like to complain that The rural development project has stopped Kindly resolve this issue.,Rural Development / Panchayat,Medium
ഈ പ്രശ്നത്തെക്കുറിച്ച് പരാതി നൽകുന്നു: എനിക്ക് ഈ മാസത്തെ റേഷൻ ലഭിച്ചിട്ടില്ല ദയവായി ഈ വിഷയം പരിശോധിക്കുക.,Food & Civil Supplies,Medium
इस समस्या पर ध्यान दें: हमारे क्षेत्र का सामुदायिक पार्क उपयोग के लायक नहीं है,Municipal Corporation,High
कृपया इस समस्या को देखें: गंदा पानी सड़क पर बह रहा है कृपया आवश्यक कार्रवाई करें।,Drainage & Sewerage,Medium
मैं शिकायत करना चाहता हूं कि राशन दुकानदार अतिरिक्त पैसे मांग रहा है,Food & Civil Supplies,Low
Kindly look into this: My electricity bill shows an incorrect reading,Electricity,Medium
कृपया इस समस्या को देखें: मुझे महिला कल्याण विभाग से सहायता चाहिए कृपया आवश्यक कार्रवाई करें।,Women & Child Welfare,Low
இந்த பிரச்சனையை கவனிக்கவும்: தண்ணீர் இணைப்பு விண்ணப்பம் இன்னும் நிலுவையில் உள்ளது,Water Services,Low
मैं शिकायत करना चाहता हूं कि मेरी पुलिस शिकायत का अभी तक जवाब नहीं मिला है,Police,High
इस समस्या पर ध्यान दें: मुझे आवास योजना का लाभ अभी तक नहीं मिला है कृपया इस समस्या का समाधान करें।,Housing,Low
இந்த பிரச்சனையை கவனிக்கவும்: அரசு ஆன்லைன் தளம் வேலை செய்யவில்லை இந்த பிரச்சனையை கவனிக்கவும்.,e-Governance,Medium
A factory is causing serious air pollution Please take necessary action.,Environment & Forest,Medium
அழுக்கான கழிவுநீர் எங்கள் பகுதியில் வருகிறது தயவுசெய்து தேவையான நடவடிக்கை எடுக்கவும்.,Drainage & Sewerage,Medium
ദയവായി സഹായിക്കണം. ഞങ്ങളുടെ താമസ പ്രദേശത്ത് മികച്ച മുനിസിപ്പൽ സേവനങ്ങൾ ആവശ്യമാണ്,Municipal Corporation,Low
ഈ പ്രശ്നത്തെക്കുറിച്ച് പരാതി നൽകുന്നു: ആരോഗ്യ കേന്ദ്രത്തിൽ വളരെ അധികം തിരക്കുണ്ട് ദയവായി ഈ വിഷയം പരിശോധിക്കുക.,Health,Low
ഈ പ്രശ്നം ശ്രദ്ധിക്കുക: ആളുകൾ റോഡിന്റെ വശത്ത് മാലിന്യം വലിച്ചെറിയുന്നു ദയവായി ആവശ്യമായ നടപടി സ്വീകരിക്കുക.,Waste Management,Medium
कृपया इस समस्या को देखें: कीटों के कारण मेरी फसल खराब हो गई है कृपया आवश्यक कार्रवाई करें।,Agriculture,Medium
The digital government service is unavailable Kindly resolve this issue.,e-Governance,Low
தயவுசெய்து இதை சரி செய்யுங்கள். எங்கள் தெருவை நகராட்சி ஊழியர்கள் சுத்தம் செய்யவில்லை இந்த பிரச்சனையை கவனிக்கவும்.,Municipal Corporation,Medium
தயவுசெய்து உதவுங்கள். எனது குடும்ப உறுப்பினர் ரேஷன் அட்டையில் இல்லை,Food & Civil Supplies,Medium
இந்த பிரச்சனை குறித்து புகார் அளிக்கிறேன்: எனது குடும்ப உறுப்பினர் ரேஷன் அட்டையில் இல்லை தயவுசெய்து தேவையான நடவடிக்கை எடுக்கவும்.,Food & Civil Supplies,Medium
தயவுசெய்து இதை சரி செய்யுங்கள். அரசு பேருந்துகள் முறையாக இயக்கப்படவில்லை,Transport,Medium
इस समस्या पर ध्यान दें: सरकारी बसें नियमित रूप से नहीं चल रही हैं कृपया इस समस्या का समाधान करें।,Transport,Medium
Please help. My digital application has not been processed Kindly resolve this issue.,e-Governance,Low
ആരോഗ്യ കേന്ദ്രത്തിൽ വളരെ അധികം തിരക്കുണ്ട് ദയവായി ആവശ്യമായ നടപടി സ്വീകരിക്കുക.,Health,High
எனது விவசாய மானிய விண்ணப்பம் நிலுவையில் உள்ளது தயவுசெய்து தேவையான நடவடிக்கை எடுக்கவும்.,Agriculture,Medium
मैं शिकायत करना चाहता हूं कि उर्वरक की आपूर्ति में देरी हो रही है कृपया इस मामले को देखें।,Agriculture,Medium
ദയവായി സഹായിക്കണം. മാലിന്യ ശേഖരണ തൊഴിലാളികൾ പതിവായി വരുന്നില്ല ദയവായി ഈ വിഷയം പരിശോധിക്കുക.,Waste Management,Medium
தயவுசெய்து உதவுங்கள். பொது உள்கட்டமைப்பு சரியாக பராமரிக்கப்படவில்லை,Public Works,Medium
ദയവായി സഹായിക്കണം. വള വിതരണം വൈകുകയാണ് ദയവായി ആവശ്യമായ നടപടി സ്വീകരിക്കുക.,Agriculture,Medium
I want to report that My medical report has been delayed Kindly resolve this issue.,Health,Medium
ദയവായി ഇത് പരിഹരിക്കുക. എന്റെ ഓൺലൈൻ അപേക്ഷയുടെ സ്ഥിതി മാറിയിട്ടില്ല ദയവായി ഈ വിഷയം പരിശോധിക്കുക.,e-Governance,High
कृपया इस समस्या को देखें: मेरा किफायती आवास आवेदन लंबित है कृपया इस मामले को देखें।,Housing,High
இந்த பிரச்சனையை கவனிக்கவும்: எங்கள் கிராம சமூக கூடத்திற்கு பராமரிப்பு தேவை,Rural Development / Panchayat,Medium
ദയവായി സഹായിക്കണം. ഞങ്ങളുടെ പ്രദേശത്ത് ദിവസവും വൈദ്യുതി മുടങ്ങുന്നു,Electricity,Medium
ഈ പ്രശ്നത്തെക്കുറിച്ച് പരാതി നൽകുന്നു: ആശുപത്രിയിൽ അടിസ്ഥാന മെഡിക്കൽ ഉപകരണങ്ങൾ ഇല്ല ദയവായി ആവശ്യമായ നടപടി സ്വീകരിക്കുക.,Health,Medium
I want to report that There is frequent voltage fluctuation in our locality,Electricity,Low
எங்கள் பகுதியில் கழிவுநீர் குழாய் அடைத்துள்ளது தயவுசெய்து இந்த பிரச்சனையை தீர்க்கவும்.,Drainage & Sewerage,Medium
Kindly look into this: The agriculture officer has not visited our village,Agriculture,Medium
ഈ പ്രശ്നം ശ്രദ്ധിക്കുക: എന്റെ തൊഴിലാളി ക്ഷേമ അപേക്ഷയിൽ നടപടി ഉണ്ടായിട്ടില്ല ദയവായി ഈ വിഷയം പരിശോധിക്കുക.,Labour & Employment,Medium
ദയവായി ഇത് പരിഹരിക്കുക. മുനിസിപ്പൽ ഓഫീസ് ഞങ്ങളുടെ പരാതിക്ക് മറുപടി നൽകിയിട്ടില്ല,Municipal Corporation,Medium
कृपया इस समस्या को देखें: पानी के कनेक्शन का आवेदन अभी लंबित है,Water Services,Low
My new ration card has not been issued Please take necessary action.,Food & Civil Supplies,High
I would like to complain that I need to update my land ownership record,Revenue & Land Records,High
இந்த பிரச்சனை குறித்து புகார் அளிக்கிறேன்: எனது மாதாந்திர ஓய்வூதியம் கிடைக்கவில்லை தயவுசெய்து தேவையான நடவடிக்கை எடுக்கவும்.,Social Welfare,Medium
मैं शिकायत करना चाहता हूं कि सरकारी छात्रावास में बेहतर सुविधाओं की जरूरत है कृपया इस समस्या का समाधान करें।,Education,High
कृपया इस समस्या को देखें: मेरे घर के बाहर बिजली का खंभा खराब है कृपया इस समस्या का समाधान करें।,Electricity,Low
Please help. There is frequent voltage fluctuation in our locality Please look into this matter.,Electricity,Medium
कृपया मदद करें। हमारे सरकारी स्कूल में कंप्यूटर नहीं हैं,Education,Medium
இந்த பிரச்சனையை கவனிக்கவும்: எனது மருத்துவ அறிக்கை தாமதமாகியுள்ளது தயவுசெய்து தேவையான நடவடிக்கை எடுக்கவும்.,Health,Low
बिजली का मीटर ठीक से काम नहीं कर रहा है कृपया इस समस्या का समाधान करें।,Electricity,Low
ദയവായി സഹായിക്കണം. പഞ്ചായത്ത് ഓഫീസ് ഞങ്ങളുടെ പരാതിക്ക് മറുപടി നൽകിയിട്ടില്ല ദയവായി ഈ പ്രശ്നം പരിഹരിക്കുക.,Rural Development / Panchayat,Medium
ഈ പ്രശ്നത്തെക്കുറിച്ച് പരാതി നൽകുന്നു: സർക്കാർ ബസുകൾ ക്രമമായി ഓടുന്നില്ല ദയവായി ആവശ്യമായ നടപടി സ്വീകരിക്കുക.,Transport,Low
हमारे गांव की बस सेवा कम कर दी गई है कृपया इस समस्या का समाधान करें।,Transport,Medium
Please help. The food supply at the ration shop is insufficient,Food & Civil Supplies,Medium
தயவுசெய்து இதை சரி செய்யுங்கள். எங்கள் பகுதியில் தண்ணீர் விநியோகம் நிறுத்தப்பட்டுள்ளது தயவுசெய்து தேவையான நடவடிக்கை எடுக்கவும்.,Water Services,Medium
ഈ പ്രശ്നത്തെക്കുറിച്ച് പരാതി നൽകുന്നു: ഓൺലൈൻ സേവനം പലപ്പോഴും ടൈം ഔട്ട് ആകുന്നു ദയവായി ആവശ്യമായ നടപടി സ്വീകരിക്കുക.,e-Governance,Medium
कृपया इस समस्या को देखें: हमारे आवासीय क्षेत्र के पास एक संदिग्ध व्यक्ति है,Police,Medium
എന്റെ സർക്കാർ സർട്ടിഫിക്കറ്റ് ഡൗൺലോഡ് ചെയ്യാൻ കഴിയുന്നില്ല ദയവായി ഈ പ്രശ്നം പരിഹരിക്കുക.,e-Governance,High
தயவுசெய்து இதை சரி செய்யுங்கள். எனது டிஜிட்டல் விண்ணப்பம் செயல்படுத்தப்படவில்லை தயவுசெய்து இந்த பிரச்சனையை தீர்க்கவும்.,e-Governance,Low
இந்த பிரச்சனையை கவனிக்கவும்: அரசு சுகாதார மையத்தில் மருத்துவர் இல்லை,Health,Medium
ഗ്രാമ വികസന പ്രവർത്തനം വൈകുകയാണ് ദയവായി ആവശ്യമായ നടപടി സ്വീകരിക്കുക.,Rural Development / Panchayat,Medium
कृपया इस समस्या को देखें: हमारे आवासीय क्षेत्र में बेहतर नगर निगम सेवाओं की जरूरत है कृपया इस समस्या का समाधान करें।,Municipal Corporation,Medium
इस समस्या पर ध्यान दें: हमारे इलाके के बस स्टॉप की मरम्मत की जरूरत है कृपया आवश्यक कार्रवाई करें।,Transport,High
இந்த பிரச்சனை குறித்து புகார் அளிக்கிறேன்: தொழிற்சாலை கழிவுகள் அருகிலுள்ள நீர்நிலைக்குள் செல்கின்றன தயவுசெய்து தேவையான நடவடிக்கை எடுக்கவும்.,Environment & Forest,Low
Please help. The government child support payment is pending,Women & Child Welfare,High
I want to report that Our water pressure is extremely low Kindly resolve this issue.,Water Services,Low
कृपया मदद करें। हमारे सरकारी स्कूल में कंप्यूटर नहीं हैं कृपया आवश्यक कार्रवाई करें।,Education,High
பொது குடிநீர் குழாயில் கசிவு உள்ளது இந்த பிரச்சனையை கவனிக்கவும்.,Water Services,Medium
मेरी छात्रवृत्ति की राशि अभी तक नहीं मिली है कृपया इस समस्या का समाधान करें।,Education,High
அரசு மருத்துவமனையில் அத்தியாவசிய மருந்துகள் இல்லை,Health,Medium
ദയവായി ഇത് പരിഹരിക്കുക. എന്റെ കർഷക സബ്സിഡി അപേക്ഷ പരിഗണനയിലാണ് ദയവായി ഈ വിഷയം പരിശോധിക്കുക.,Agriculture,High
இந்த பிரச்சனையை கவனிக்கவும்: மக்கள் சாலையோரத்தில் குப்பைகளை கொட்டுகின்றனர் இந்த பிரச்சனையை கவனிக்கவும்.,Waste Management,Medium
I want to report that The irrigation canal for our fields is damaged Kindly resolve this issue.,Agriculture,High
ഈ പ്രശ്നം ശ്രദ്ധിക്കുക: ഞങ്ങളുടെ സ്കൂളിന് സമീപം അപകടകരമായി വാഹനങ്ങൾ ഓടിക്കുന്നു ദയവായി ഈ പ്രശ്നം പരിഹരിക്കുക.,Police,Low
இந்த பிரச்சனை குறித்து புகார் அளிக்கிறேன்: ரேஷன் அட்டை விவரங்களை புதுப்பிக்க வேண்டும் தயவுசெய்து இந்த பிரச்சனையை தீர்க்கவும்.,Food & Civil Supplies,High
தயவுசெய்து இதை சரி செய்யுங்கள். சேகரிக்கப்படாத குப்பையால் துர்நாற்றம் ஏற்படுகிறது இந்த பிரச்சனையை கவனிக்கவும்.,Waste Management,Medium
सरकारी बाल सहायता भुगतान लंबित है कृपया इस समस्या का समाधान करें।,Women & Child Welfare,Medium
मैं शिकायत करना चाहता हूं कि बाजार के पास कचरे का डिब्बा भर गया है,Waste Management,Medium
ദയവായി ഇത് പരിഹരിക്കുക. സർക്കാർ തൊഴിൽ പദ്ധതിയിൽ ജോലി ലഭിച്ചിട്ടില്ല ദയവായി ആവശ്യമായ നടപടി സ്വീകരിക്കുക.,Labour & Employment,High
വിളനാശത്തിന് സഹായം ആവശ്യമാണ് ദയവായി ആവശ്യമായ നടപടി സ്വീകരിക്കുക.,Agriculture,Medium
ഓൺലൈൻ പൗര സേവനം ആക്സസ് ചെയ്യാൻ കഴിയുന്നില്ല,e-Governance,High
इस समस्या पर ध्यान दें: सड़क का किनारा टूट गया है कृपया इस मामले को देखें।,Roads & Highways,High
ദയവായി ഇത് പരിഹരിക്കുക. എന്റെ വീടിന് പുറത്തുള്ള വൈദ്യുതി തൂൺ കേടായിട്ടുണ്ട് ദയവായി ആവശ്യമായ നടപടി സ്വീകരിക്കുക.,Electricity,Medium
எனது தொழிலாளர் பதிவு விவரங்கள் தவறாக உள்ளன தயவுசெய்து இந்த பிரச்சனையை தீர்க்கவும்.,Labour & Employment,Medium
कृपया मदद करें। मेरा कल्याण योजना आवेदन लंबित है,Social Welfare,Low
பொது குடிநீர் குழாயில் கசிவு உள்ளது தயவுசெய்து தேவையான நடவடிக்கை எடுக்கவும்.,Water Services,Medium
இந்த பிரச்சனை குறித்து புகார் அளிக்கிறேன்: நில அளவை வரைபடத்தின் நகல் வேண்டும்,Revenue & Land Records,Medium
எங்கள் மின் இணைப்பு அடிக்கடி துண்டிக்கப்படுகிறது தயவுசெய்து தேவையான நடவடிக்கை எடுக்கவும்.,Electricity,Medium
कृपया मदद करें। बिजली कटने के बाद आपूर्ति अभी तक बहाल नहीं हुई है कृपया इस मामले को देखें।,Electricity,Medium
गांव के विकास कार्य में देरी हो रही है कृपया इस समस्या का समाधान करें।,Rural Development / Panchayat,Medium
मैं शिकायत करना चाहता हूं कि मुझे महिला कल्याण योजना में सहायता चाहिए कृपया इस समस्या का समाधान करें।,Women & Child Welfare,Low
இந்த பிரச்சனையை கவனிக்கவும்: எனது சேர்க்கை விண்ணப்பம் இன்னும் நிலுவையில் உள்ளது,Education,Medium
I would like to complain that My welfare scheme application is pending,Social Welfare,Medium
ദയവായി സഹായിക്കണം. മലിനജലം ഞങ്ങളുടെ പ്രദേശത്തേക്ക് ഒഴുകുന്നു ദയവായി ഈ വിഷയം പരിശോധിക്കുക.,Drainage & Sewerage,Medium
I want to report that My ration card contains incorrect details,Food & Civil Supplies,Medium
मुझे आवास योजना का लाभ अभी तक नहीं मिला है,Housing,Low
कृपया मदद करें। मुझे महिला कल्याण विभाग से सहायता चाहिए कृपया इस समस्या का समाधान करें।,Women & Child Welfare,High
ഈ പ്രശ്നത്തെക്കുറിച്ച് പരാതി നൽകുന്നു: കോളേജ് എന്റെ സർട്ടിഫിക്കറ്റ് നൽകിയിട്ടില്ല ദയവായി ഈ പ്രശ്നം പരിഹരിക്കുക.,Education,High
ദയവായി സഹായിക്കണം. മുനിസിപ്പൽ ഓഫീസ് ഞങ്ങളുടെ പരാതിക്ക് മറുപടി നൽകിയിട്ടില്ല,Municipal Corporation,High
ദയവായി സഹായിക്കണം. പഞ്ചായത്ത് വികസന ഫണ്ട് ഉപയോഗിച്ചിട്ടില്ല ദയവായി ഈ വിഷയം പരിശോധിക്കുക.,Rural Development / Panchayat,Medium
इस समस्या पर ध्यान दें: सरकारी वेबसाइट पर त्रुटि दिखाई दे रही है कृपया इस समस्या का समाधान करें।,e-Governance,Medium
मैं अपना आवेदन ऑनलाइन जमा नहीं कर सकता कृपया इस समस्या का समाधान करें।,e-Governance,Medium
ഈ പ്രശ്നത്തെക്കുറിച്ച് പരാതി നൽകുന്നു: അറിയിപ്പില്ലാതെ ബസ് റൂട്ട് മാറ്റി ദയവായി ഈ പ്രശ്നം പരിഹരിക്കുക.,Transport,High
இந்த பிரச்சனையை கவனிக்கவும்: விவசாயிகளுக்கு பயிர் காப்பீட்டு உதவி கிடைக்கவில்லை தயவுசெய்து தேவையான நடவடிக்கை எடுக்கவும்.,Agriculture,Medium
இந்த பிரச்சனை குறித்து புகார் அளிக்கிறேன்: ஆன்லைன் குடிமக்கள் சேவையை அணுக முடியவில்லை,e-Governance,Medium
இந்த பிரச்சனை குறித்து புகார் அளிக்கிறேன்: எங்கள் பகுதியில் கழிவுநீர் தேங்கி உள்ளது தயவுசெய்து இந்த பிரச்சனையை தீர்க்கவும்.,Drainage & Sewerage,Medium
എന്റെ തൊഴിലാളി ക്ഷേമ അപേക്ഷയിൽ നടപടി ഉണ്ടായിട്ടില്ല ദയവായി ഈ വിഷയം പരിശോധിക്കുക.,Labour & Employment,Low
தயவுசெய்து இதை சரி செய்யுங்கள். வீட்டு குப்பைகள் எங்கள் வீடுகளுக்கு அருகில் குவிந்துள்ளன தயவுசெய்து இந்த பிரச்சனையை தீர்க்கவும்.,Waste Management,Medium
I want to report that Water has not reached our street since yesterday,Water Services,Medium
தயவுசெய்து உதவுங்கள். சாலையின் அருகே மின்கம்பி ஆபத்தான நிலையில் தொங்குகிறது தயவுசெய்து இந்த பிரச்சனையை தீர்க்கவும்.,Electricity,Medium
தயவுசெய்து உதவுங்கள். அறிவிப்பு இல்லாமல் பேருந்து பாதை மாற்றப்பட்டுள்ளது,Transport,Medium
इस समस्या पर ध्यान दें: ग्रामीण विकास परियोजना बंद हो गई है कृपया इस समस्या का समाधान करें।,Rural Development / Panchayat,Medium
इस समस्या पर ध्यान दें: किसी ने मेरी संपत्ति को नुकसान पहुंचाया है कृपया इस समस्या का समाधान करें।,Police,Low
I would like to complain that I have not received the approved housing amount Please look into this matter.,Housing,High
इस समस्या पर ध्यान दें: लोग सड़क के किनारे कचरा फेंक रहे हैं कृपया आवश्यक कार्रवाई करें।,Waste Management,Low
The fair price shop is closed during working hours Kindly resolve this issue.,Food & Civil Supplies,Low
There are cracks across the highway Please take necessary action.,Roads & Highways,Low
ദയവായി ഇത് പരിഹരിക്കുക. പൊതു ടാപ്പ് പ്രവർത്തിക്കുന്നില്ല ദയവായി ഈ പ്രശ്നം പരിഹരിക്കുക.,Water Services,High
घर निर्माण की सब्सिडी अभी तक नहीं मिली है कृपया इस मामले को देखें।,Housing,Medium
ഈ പ്രശ്നത്തെക്കുറിച്ച് പരാതി നൽകുന്നു: എനിക്ക് ഈ മാസത്തെ റേഷൻ ലഭിച്ചിട്ടില്ല,Food & Civil Supplies,Low
इस समस्या पर ध्यान दें: मेरा वाहन चोरी हो गया है कृपया इस मामले को देखें।,Police,Critical
I would like to complain that I need information about social welfare schemes Please look into this matter.,Social Welfare,Low
இந்த பிரச்சனை குறித்து புகார் அளிக்கிறேன்: கிராம வளர்ச்சி பணி தாமதமாகியுள்ளது இந்த பிரச்சனையை கவனிக்கவும்.,Rural Development / Panchayat,Medium
कृपया मदद करें। पंचायत ने गांव की सुविधाओं की मरम्मत नहीं की है,Rural Development / Panchayat,Medium
सरकारी क्लिनिक काम के समय में खुला नहीं है,Health,Medium
இந்த பிரச்சனை குறித்து புகார் அளிக்கிறேன்: எங்கள் வயலுக்கான பாசன கால்வாய் சேதமடைந்துள்ளது தயவுசெய்து இந்த பிரச்சனையை தீர்க்கவும்.,Agriculture,Low
இந்த பிரச்சனை குறித்து புகார் அளிக்கிறேன்: எங்கள் பகுதியில் விதைகள் பற்றாக்குறையாக உள்ளன தயவுசெய்து தேவையான நடவடிக்கை எடுக்கவும்.,Agriculture,Medium
There are no computers in our government school Kindly resolve this issue.,Education,Medium
Please help. My police complaint has not received a response,Police,Medium
இந்த பிரச்சனை குறித்து புகார் அளிக்கிறேன்: எனது டிஜிட்டல் விண்ணப்பம் செயல்படுத்தப்படவில்லை இந்த பிரச்சனையை கவனிக்கவும்.,e-Governance,High
हमारे गांव के पास की सड़क गड्ढों से भरी है कृपया इस समस्या का समाधान करें।,Roads & Highways,Low
ഈ പ്രശ്നത്തെക്കുറിച്ച് പരാതി നൽകുന്നു: എന്റെ ഡിജിറ്റൽ അപേക്ഷയിൽ നടപടി ഉണ്ടായിട്ടില്ല ദയവായി ആവശ്യമായ നടപടി സ്വീകരിക്കുക.,e-Governance,High
I would like to complain that My housing assistance application is pending Please look into this matter.,Housing,Medium
मैं शिकायत करना चाहता हूं कि मेरा बेरोजगारी सहायता आवेदन लंबित है कृपया इस समस्या का समाधान करें।,Labour & Employment,Medium
I want to report that My admission application is still pending Please look into this matter.,Education,Medium
ഈ പ്രശ്നത്തെക്കുറിച്ച് പരാതി നൽകുന്നു: ഞങ്ങളുടെ സർക്കാർ സ്കൂളിൽ കമ്പ്യൂട്ടറുകൾ ഇല്ല ദയവായി ഈ വിഷയം പരിശോധിക്കുക.,Education,Medium
मैं शिकायत करना चाहता हूं कि अस्पताल की फार्मेसी में दवाइयां नहीं हैं कृपया आवश्यक कार्रवाई करें।,Health,Medium
कृपया मदद करें। मुझे भूमि स्वामित्व रिकॉर्ड अपडेट करना है कृपया इस मामले को देखें।,Revenue & Land Records,High
कृपया मदद करें। मेरा आवास सहायता आवेदन लंबित है,Housing,Medium
कृपया मदद करें। सीवेज मैनहोल से पानी बाहर निकल रहा है कृपया इस मामले को देखें।,Drainage & Sewerage,Low
इस समस्या पर ध्यान दें: सरकारी रोजगार योजना में काम नहीं मिला है कृपया इस मामले को देखें।,Labour & Employment,Low
ഈ പ്രശ്നം ശ്രദ്ധിക്കുക: എന്റെ ഭൂമി മ്യൂട്ടേഷൻ അപേക്ഷ പരിഗണനയിലാണ്,Revenue & Land Records,Medium
कृपया इस समस्या को देखें: मेरा प्रवेश आवेदन अभी भी लंबित है,Education,Medium
ഈ പ്രശ്നം ശ്രദ്ധിക്കുക: എനിക്ക് പോലീസിൽ പരാതി നൽകണം ദയവായി ഈ വിഷയം പരിശോധിക്കുക.,Police,Medium
I would like to complain that My house construction subsidy has not arrived Kindly resolve this issue.,Housing,High
Kindly look into this: My land mutation application is pending Please take necessary action.,Revenue & Land Records,Medium
कृपया मदद करें। मेरे श्रमिक पंजीकरण की जानकारी गलत है कृपया आवश्यक कार्रवाई करें।,Labour & Employment,High
I want to report that Our residential area needs better municipal services Please look into this matter.,Municipal Corporation,Medium
தயவுசெய்து இதை சரி செய்யுங்கள். எனது சொத்து சர்வே விவரங்கள் தவறாக உள்ளன இந்த பிரச்சனையை கவனிக்கவும்.,Revenue & Land Records,Medium
कृपया मदद करें। औद्योगिक इकाई से बहुत अधिक धुआं निकल रहा है,Environment & Forest,Medium
எங்கள் பகுதியில் தண்ணீர் விநியோகம் நிறுத்தப்பட்டுள்ளது தயவுசெய்து இந்த பிரச்சனையை தீர்க்கவும்.,Water Services,Medium
இந்த பிரச்சனை குறித்து புகார் அளிக்கிறேன்: எனது சொத்து பதிவில் பிழை உள்ளது இந்த பிரச்சனையை கவனிக்கவும்.,Revenue & Land Records,Medium
വെള്ള കണക്ഷൻ അപേക്ഷ ഇപ്പോഴും പരിഗണനയിലാണ് ദയവായി ഈ പ്രശ്നം പരിഹരിക്കുക.,Water Services,High
I want to report that My scholarship has not been credited Please look into this matter.,Education,Medium
இந்த பிரச்சனை குறித்து புகார் அளிக்கிறேன்: சேதமடைந்த சாலையால் விபத்துகள் ஏற்படுகின்றன,Roads & Highways,High
தயவுசெய்து இதை சரி செய்யுங்கள். தொழிற்சாலையால் ஒலி மாசு ஏற்படுகிறது இந்த பிரச்சனையை கவனிக்கவும்.,Environment & Forest,Medium
ദയവായി സഹായിക്കണം. പൊതു കെട്ടിടത്തിന്റെ വാതിലുകൾ കേടായിട്ടുണ്ട് ദയവായി ആവശ്യമായ നടപടി സ്വീകരിക്കുക.,Public Works,Low
ദയവായി സഹായിക്കണം. സർക്കാർ ആരോഗ്യ കേന്ദ്രത്തിൽ ഡോക്ടർ ലഭ്യമല്ല ദയവായി ഈ പ്രശ്നം പരിഹരിക്കുക.,Health,Low
ദയവായി ഇത് പരിഹരിക്കുക. ഞങ്ങളുടെ ഗ്രാമത്തിൽ മികച്ച അടിസ്ഥാന സൗകര്യങ്ങൾ ആവശ്യമാണ് ദയവായി ഈ പ്രശ്നം പരിഹരിക്കുക.,Rural Development / Panchayat,Low
इस समस्या पर ध्यान दें: बाल संरक्षण सेवा जवाब नहीं दे रही है कृपया आवश्यक कार्रवाई करें।,Women & Child Welfare,Low
I would like to complain that I need assistance from the women welfare department,Women & Child Welfare,Medium
मुझे महिला कल्याण योजनाओं की जानकारी चाहिए कृपया आवश्यक कार्रवाई करें।,Women & Child Welfare,Medium
मैं शिकायत करना चाहता हूं कि मुझे आवास योजना का लाभ अभी तक नहीं मिला है,Housing,Low
தயவுசெய்து இதை சரி செய்யுங்கள். பட்டா மாற்ற விண்ணப்பம் நிலுவையில் உள்ளது தயவுசெய்து இந்த பிரச்சனையை தீர்க்கவும்.,Revenue & Land Records,Low
हमारे इलाके के कूड़ेदान भरकर बाहर निकल रहे हैं,Waste Management,Medium
தயவுசெய்து உதவுங்கள். ரேஷன் கடைக்காரர் கூடுதல் பணம் கேட்கிறார் தயவுசெய்து தேவையான நடவடிக்கை எடுக்கவும்.,Food & Civil Supplies,Medium
தயவுசெய்து இதை சரி செய்யுங்கள். நிலத்தடி கழிவுநீர் அமைப்பு அடைத்துள்ளது தயவுசெய்து இந்த பிரச்சனையை தீர்க்கவும்.,Drainage & Sewerage,Low
சாலையின் அருகே மின்கம்பி ஆபத்தான நிலையில் தொங்குகிறது,Electricity,Low
தயவுசெய்து இதை சரி செய்யுங்கள். எனது அரசு சான்றிதழை பதிவிறக்கம் செய்ய முடியவில்லை இந்த பிரச்சனையை கவனிக்கவும்.,e-Governance,Low
ദയവായി ഇത് പരിഹരിക്കുക. ഞങ്ങളുടെ പ്രദേശത്ത് അനധികൃതമായി മരങ്ങൾ മുറിക്കുന്നു,Environment & Forest,Medium
ദയവായി ഇത് പരിഹരിക്കുക. തൊഴിലാളിയായി രജിസ്റ്റർ ചെയ്യാൻ സഹായം വേണം ദയവായി ഈ വിഷയം പരിശോധിക്കുക.,Labour & Employment,High
இந்த பிரச்சனை குறித்து புகார் அளிக்கிறேன்: எங்கள் பகுதியில் போதுமான பேருந்து சேவைகள் இல்லை தயவுசெய்து இந்த பிரச்சனையை தீர்க்கவும்.,Transport,Low
இந்த பிரச்சனையை கவனிக்கவும்: அரசு அலுவலக கட்டிடத்திற்கு பழுது பார்க்க வேண்டும்,Public Works,Low
कृपया इस समस्या को देखें: सड़क की मरम्मत का काम देर से हो रहा है कृपया आवश्यक कार्रवाई करें।,Roads & Highways,Medium
ഈ പ്രശ്നം ശ്രദ്ധിക്കുക: റോഡ് അറ്റകുറ്റപ്പണി വൈകുകയാണ് ദയവായി ഈ വിഷയം പരിശോധിക്കുക.,Roads & Highways,High
मैं शिकायत करना चाहता हूं कि मेरी दिव्यांग सहायता राशि में देरी हुई है कृपया आवश्यक कार्रवाई करें।,Social Welfare,Low
We need assistance for crop loss Kindly resolve this issue.,Agriculture,Medium
कृपया इस समस्या को देखें: मुझे रोजगार योजनाओं की जानकारी चाहिए कृपया आवश्यक कार्रवाई करें।,Labour & Employment,Medium
मुझे सामाजिक कल्याण योजनाओं की जानकारी चाहिए कृपया इस समस्या का समाधान करें।,Social Welfare,Low
I need information about employment schemes Please take necessary action.,Labour & Employment,Medium
ഈ പ്രശ്നത്തെക്കുറിച്ച് പരാതി നൽകുന്നു: ഗ്രാമ വികസന പ്രവർത്തനം വൈകുകയാണ് ദയവായി ആവശ്യമായ നടപടി സ്വീകരിക്കുക.,Rural Development / Panchayat,High
தயவுசெய்து இதை சரி செய்யுங்கள். எங்கள் பகுதியில் நேற்று முதல் மின்சாரம் இல்லை இந்த பிரச்சனையை கவனிக்கவும்.,Electricity,High
Please help. The road surface becomes dangerous during rain Please take necessary action.,Roads & Highways,High
Kindly look into this: My admission application is still pending Please take necessary action.,Education,Medium
Our water pressure is extremely low Please look into this matter.,Water Services,Medium
இந்த பிரச்சனையை கவனிக்கவும்: எங்கள் பகுதியில் தண்ணீர் அழுத்தம் மிகவும் குறைவாக உள்ளது தயவுசெய்து இந்த பிரச்சனையை தீர்க்கவும்.,Water Services,Medium
தயவுசெய்து உதவுங்கள். பொது குழாயில் அழுக்கான தண்ணீர் வருகிறது இந்த பிரச்சனையை கவனிக்கவும்.,Water Services,Medium
Please help. Someone has damaged my property Kindly resolve this issue.,Police,High
कृपया इस समस्या को देखें: घर निर्माण की सब्सिडी अभी तक नहीं मिली है कृपया आवश्यक कार्रवाई करें।,Housing,High
I would like to complain that I have not received my monthly pension Please look into this matter.,Social Welfare,High
പഞ്ചായത്ത് ഗ്രാമത്തിലെ സൗകര്യങ്ങൾ നന്നാക്കിയിട്ടില്ല,Rural Development / Panchayat,Medium
कृपया मदद करें। मुझे सार्वजनिक परिवहन सेवाओं की जानकारी चाहिए,Transport,Low
ദയവായി ഇത് പരിഹരിക്കുക. സർക്കാർ ഓഫീസ് കെട്ടിടത്തിന് അറ്റകുറ്റപ്പണി ആവശ്യമാണ് ദയവായി ഈ വിഷയം പരിശോധിക്കുക.,Public Works,Medium
I would like to complain that My worker registration details are incorrect Kindly resolve this issue.,Labour & Employment,Medium
The health centre is overcrowded,Health,Low
நில பதிவு செயல்முறை தாமதமாகியுள்ளது,Revenue & Land Records,Low
मैं शिकायत करना चाहता हूं कि राशन की दुकान पर चावल नहीं दिया जा रहा है कृपया आवश्यक कार्रवाई करें।,Food & Civil Supplies,High
I would like to complain that Dirty wastewater is entering our locality Kindly resolve this issue.,Drainage & Sewerage,Medium
कृपया मदद करें। हमारे इलाके का सार्वजनिक शौचालय ठीक से maintained नहीं है कृपया इस समस्या का समाधान करें।,Municipal Corporation,Medium
I would like to complain that The digital government service is unavailable Please take necessary action.,e-Governance,Medium
Please help. The sewer is overflowing after rain Please look into this matter.,Drainage & Sewerage,High
ദയവായി സഹായിക്കണം. സർക്കാർ സ്കൂളിൽ മതിയായ അധ്യാപകർ ഇല്ല ദയവായി ഈ പ്രശ്നം പരിഹരിക്കുക.,Education,High
ഈ പ്രശ്നത്തെക്കുറിച്ച് പരാതി നൽകുന്നു: ഹൈവേയിൽ നിരവധി വിള്ളലുകൾ ഉണ്ട് ദയവായി ആവശ്യമായ നടപടി സ്വീകരിക്കുക.,Roads & Highways,High
தயவுசெய்து இதை சரி செய்யுங்கள். எங்கள் தெருவில் குடிநீர் விநியோகம் இல்லை,Water Services,Medium
ഈ പ്രശ്നം ശ്രദ്ധിക്കുക: ഭൂഗർഭ ഡ്രെയിനേജ് സംവിധാനം അടഞ്ഞിരിക്കുന്നു,Drainage & Sewerage,Low
தயவுசெய்து இதை சரி செய்யுங்கள். அரசு விடுதிக்கு சிறந்த வசதிகள் தேவை தயவுசெய்து தேவையான நடவடிக்கை எடுக்கவும்.,Education,Medium
I would like to complain that The garbage container near the market is overflowing,Waste Management,High
വനിതാ ക്ഷേമ പദ്ധതിയിൽ സഹായം വേണം,Women & Child Welfare,High
வனப்பகுதி ஆக்கிரமிக்கப்படுகிறது இந்த பிரச்சனையை கவனிக்கவும்.,Environment & Forest,High
इस समस्या पर ध्यान दें: कचरा वाहन हमारे इलाके में आना बंद कर चुका है कृपया इस मामले को देखें।,Waste Management,Medium
ഈ പ്രശ്നം ശ്രദ്ധിക്കുക: സ്കൂൾ ലൈബ്രറിയിൽ മതിയായ പുസ്തകങ്ങൾ ഇല്ല,Education,High
കുട്ടികൾക്കുള്ള പോഷകാഹാര സേവനം ലഭ്യമല്ല ദയവായി ഈ പ്രശ്നം പരിഹരിക്കുക.,Women & Child Welfare,Medium
தயவுசெய்து இதை சரி செய்யுங்கள். ஆன்லைன் சேவை அடிக்கடி செயலிழக்கிறது இந்த பிரச்சனையை கவனிக்கவும்.,e-Governance,Medium
I need information about women welfare schemes Kindly resolve this issue.,Women & Child Welfare,Medium
எனது மூத்த குடிமக்கள் நலத்தொகை நிலுவையில் உள்ளது தயவுசெய்து தேவையான நடவடிக்கை எடுக்கவும்.,Social Welfare,Medium
Kindly look into this: The road shoulder has collapsed Please take necessary action.,Roads & Highways,Critical
I would like to complain that My affordable housing application is pending Please take necessary action.,Housing,High
இந்த பிரச்சனையை கவனிக்கவும்: அனுமதிக்கப்பட்ட வீட்டு தொகை இன்னும் கிடைக்கவில்லை இந்த பிரச்சனையை கவனிக்கவும்.,Housing,Low
ഈ പ്രശ്നം ശ്രദ്ധിക്കുക: ഞങ്ങളുടെ പ്രദേശത്തിന് സമീപം ശക്തമായ രാസവസ്തു ഗന്ധമുണ്ട് ദയവായി ആവശ്യമായ നടപടി സ്വീകരിക്കുക.,Environment & Forest,Low
தயவுசெய்து உதவுங்கள். பெண்கள் நலத்திட்டத்தில் உதவி வேண்டும்,Women & Child Welfare,Medium
इस समस्या पर ध्यान दें: सरकारी स्कूल में पर्याप्त शिक्षक नहीं हैं कृपया इस मामले को देखें।,Education,Medium
I would like to complain that The agriculture officer has not visited our village Kindly resolve this issue.,Agriculture,High
इस समस्या पर ध्यान दें: मेरे ऑनलाइन आवेदन की स्थिति नहीं बदली है कृपया इस समस्या का समाधान करें।,e-Governance,Medium
The health centre is overcrowded Kindly resolve this issue.,Health,Low
ഈ പ്രശ്നത്തെക്കുറിച്ച് പരാതി നൽകുന്നു: മുനിസിപ്പൽ വെള്ള പൈപ്പ് കേടായിട്ടുണ്ട് ദയവായി ഈ പ്രശ്നം പരിഹരിക്കുക.,Water Services,Medium
Kindly look into this: Our residential area needs better municipal services Please take necessary action.,Municipal Corporation,Medium
I want to report that The vaccination service is unavailable Please look into this matter.,Health,Medium
വൈദ്യുതി മുടങ്ങിയതിന് ശേഷം വിതരണം പുനഃസ്ഥാപിച്ചിട്ടില്ല,Electricity,Medium
The government building drainage needs repair Kindly resolve this issue.,Public Works,Low
தயவுசெய்து உதவுங்கள். என் வீட்டின் அருகிலுள்ள கழிவுநீர் குழாய் அடைத்துள்ளது இந்த பிரச்சனையை கவனிக்கவும்.,Drainage & Sewerage,Medium
I want to report that The panchayat development fund has not been used Please look into this matter.,Rural Development / Panchayat,Low
ഞങ്ങളുടെ പ്രദേശത്തെ ബസ് സ്റ്റോപ്പിന് അറ്റകുറ്റപ്പണി ആവശ്യമാണ്,Transport,Medium
कृपया मदद करें। फसल के नुकसान के लिए सहायता चाहिए कृपया इस समस्या का समाधान करें।,Agriculture,Medium
தயவுசெய்து உதவுங்கள். பட்டா மாற்ற விண்ணப்பம் நிலுவையில் உள்ளது தயவுசெய்து இந்த பிரச்சனையை தீர்க்கவும்.,Revenue & Land Records,Medium
I want to report that Our school lacks proper classroom facilities Kindly resolve this issue.,Education,Medium
தயவுசெய்து உதவுங்கள். தண்ணீர் இணைப்பு விண்ணப்பம் இன்னும் நிலுவையில் உள்ளது,Water Services,Medium
I want to report that There are no computers in our government school Kindly resolve this issue.,Education,Medium
ഈ പ്രശ്നത്തെക്കുറിച്ച് പരാതി നൽകുന്നു: എന്റെ ക്ഷേമ സർട്ടിഫിക്കറ്റ് നൽകിയിട്ടില്ല,Social Welfare,High
தயவுசெய்து இதை சரி செய்யுங்கள். கிராம சாலை வளர்ச்சி பணி முடிக்கப்படவில்லை தயவுசெய்து தேவையான நடவடிக்கை எடுக்கவும்.,Rural Development / Panchayat,Medium
தயவுசெய்து இதை சரி செய்யுங்கள். பெண்கள் நலத்திட்டங்கள் குறித்து தகவல் வேண்டும்,Women & Child Welfare,Low
இந்த பிரச்சனையை கவனிக்கவும்: எங்கள் பகுதியில் உள்ள பூங்கா பயன்படுத்த முடியாத நிலையில் உள்ளது,Municipal Corporation,Medium
ഈ പ്രശ്നത്തെക്കുറിച്ച് പരാതി നൽകുന്നു: മുനിസിപ്പൽ വെള്ള പൈപ്പ് കേടായിട്ടുണ്ട് ദയവായി ഈ വിഷയം പരിശോധിക്കുക.,Water Services,Low
ദയവായി ഇത് പരിഹരിക്കുക. എന്റെ തൊഴിലാളി രജിസ്ട്രേഷൻ അപേക്ഷ പരിഗണനയിലാണ് ദയവായി ഈ പ്രശ്നം പരിഹരിക്കുക.,Labour & Employment,Medium
ദയവായി സഹായിക്കണം. എന്റെ കുടുംബാംഗം റേഷൻ കാർഡിൽ ഇല്ല,Food & Civil Supplies,Medium
आवास विभाग ने जवाब नहीं दिया है कृपया इस मामले को देखें।,Housing,Medium
எனது மாதாந்திர ஓய்வூதியம் கிடைக்கவில்லை தயவுசெய்து தேவையான நடவடிக்கை எடுக்கவும்.,Social Welfare,High
இந்த பிரச்சனையை கவனிக்கவும்: எங்கள் பகுதியில் உள்ள பூங்கா சரியாக பராமரிக்கப்படவில்லை இந்த பிரச்சனையை கவனிக்கவும்.,Municipal Corporation,Low
தயவுசெய்து உதவுங்கள். பெண்கள் நலத்திட்டத்தில் உதவி வேண்டும் இந்த பிரச்சனையை கவனிக்கவும்.,Women & Child Welfare,High
റേഷൻ കാർഡ് വിവരങ്ങൾ പുതുക്കണം,Food & Civil Supplies,Medium
Please help. The government employment scheme has not provided work Please look into this matter.,Labour & Employment,Medium
ഈ പ്രശ്നത്തെക്കുറിച്ച് പരാതി നൽകുന്നു: വള വിതരണം വൈകുകയാണ് ദയവായി ആവശ്യമായ നടപടി സ്വീകരിക്കുക.,Agriculture,Medium
मुझे इस महीने का राशन नहीं मिला है कृपया आवश्यक कार्रवाई करें।,Food & Civil Supplies,Medium
இந்த பிரச்சனையை கவனிக்கவும்: பொது உள்கட்டமைப்பு சரியாக பராமரிக்கப்படவில்லை தயவுசெய்து இந்த பிரச்சனையை தீர்க்கவும்.,Public Works,Low
தயவுசெய்து உதவுங்கள். எனது குடும்ப உறுப்பினர் ரேஷன் அட்டையில் இல்லை இந்த பிரச்சனையை கவனிக்கவும்.,Food & Civil Supplies,High
I would like to complain that The municipal water pipeline is damaged Kindly resolve this issue.,Water Services,Medium
कृपया मदद करें। वन क्षेत्र पर अतिक्रमण किया जा रहा है,Environment & Forest,High
Please help. A factory is causing serious air pollution,Environment & Forest,Medium
ദയവായി സഹായിക്കണം. വ്യവസായ മാലിന്യം സമീപത്തെ ജലാശയത്തിലേക്ക് ഒഴുകുന്നു ദയവായി ആവശ്യമായ നടപടി സ്വീകരിക്കുക.,Environment & Forest,Low
ஊராட்சி கிராம வசதிகளை பழுதுபார்க்கவில்லை தயவுசெய்து தேவையான நடவடிக்கை எடுக்கவும்.,Rural Development / Panchayat,Low
मैं शिकायत करना चाहता हूं कि मेरी संपत्ति के सर्वेक्षण विवरण गलत हैं कृपया इस समस्या का समाधान करें।,Revenue & Land Records,Low
இந்த பிரச்சனை குறித்து புகார் அளிக்கிறேன்: நில உரிமை பதிவை புதுப்பிக்க வேண்டும் இந்த பிரச்சனையை கவனிக்கவும்.,Revenue & Land Records,Low
मेरा कल्याण प्रमाणपत्र जारी नहीं हुआ है कृपया इस मामले को देखें।,Social Welfare,High
My worker registration details are incorrect,Labour & Employment,Medium
இந்த பிரச்சனை குறித்து புகார் அளிக்கிறேன்: பொது குடிநீர் குழாயில் கசிவு உள்ளது தயவுசெய்து இந்த பிரச்சனையை தீர்க்கவும்.,Water Services,Medium
சமூக நலத்திட்டங்கள் குறித்து தகவல் வேண்டும் தயவுசெய்து இந்த பிரச்சனையை தீர்க்கவும்.,Social Welfare,Medium
ഈ പ്രശ്നം ശ്രദ്ധിക്കുക: എനിക്ക് ഈ മാസത്തെ പെൻഷൻ ലഭിച്ചിട്ടില്ല ദയവായി ഈ വിഷയം പരിശോധിക്കുക.,Social Welfare,Low
இந்த பிரச்சனை குறித்து புகார் அளிக்கிறேன்: கிராம நலத்திட்டம் நிலுவையில் உள்ளது தயவுசெய்து இந்த பிரச்சனையை தீர்க்கவும்.,Rural Development / Panchayat,Medium
कृपया इस समस्या को देखें: किसानों को सिंचाई का पानी नहीं मिल रहा है कृपया इस समस्या का समाधान करें।,Agriculture,High
இந்த பிரச்சனை குறித்து புகார் அளிக்கிறேன்: எங்கள் பகுதியில் நடந்த திருட்டை புகார் செய்ய விரும்புகிறேன் தயவுசெய்து தேவையான நடவடிக்கை எடுக்கவும்.,Police,Critical
இந்த பிரச்சனை குறித்து புகார் அளிக்கிறேன்: எங்கள் அரசுப் பள்ளியில் கணினிகள் இல்லை,Education,High
कृपया इस समस्या को देखें: हमारे क्षेत्र में पर्याप्त बस सेवाएं नहीं हैं कृपया इस समस्या का समाधान करें।,Transport,High
I would like to complain that The municipal water pipeline is damaged Please look into this matter.,Water Services,High
कृपया मदद करें। अस्पताल में बुनियादी चिकित्सा उपकरण नहीं हैं कृपया आवश्यक कार्रवाई करें।,Health,Medium
मैं शिकायत करना चाहता हूं कि हमारे गांव में बेहतर बुनियादी सुविधाओं की जरूरत है कृपया इस मामले को देखें।,Rural Development / Panchayat,High
I would like to complain that There is an error in my property record Kindly resolve this issue.,Revenue & Land Records,High
தயவுசெய்து உதவுங்கள். எனது விண்ணப்பத்தை ஆன்லைனில் சமர்ப்பிக்க முடியவில்லை,e-Governance,Medium
कृपया मदद करें। मेरे डिजिटल आवेदन पर कार्रवाई नहीं हुई है कृपया इस मामले को देखें।,e-Governance,Medium
The municipal water pipeline is damaged,Water Services,High
The community park has become unusable Kindly resolve this issue.,Municipal Corporation,Medium
எங்கள் பகுதியில் கடுமையான ரசாயன வாசனை உள்ளது இந்த பிரச்சனையை கவனிக்கவும்.,Environment & Forest,Low
कृपया इस समस्या को देखें: कचरा वाहन हमारे इलाके में आना बंद कर चुका है कृपया आवश्यक कार्रवाई करें।,Waste Management,Low
I want to report that The public bus is frequently overcrowded Kindly resolve this issue.,Transport,Medium
பூச்சிகளால் எனது பயிர் சேதமடைந்துள்ளது தயவுசெய்து இந்த பிரச்சனையை தீர்க்கவும்.,Agriculture,Medium
कृपया इस समस्या को देखें: मेरा मातृत्व लाभ आवेदन लंबित है कृपया इस मामले को देखें।,Women & Child Welfare,Medium
Kindly look into this: The water connection application is still pending,Water Services,Medium
I want to report that The street lights in my neighborhood are not working Kindly resolve this issue.,Municipal Corporation,High
தயவுசெய்து உதவுங்கள். நெடுஞ்சாலை மிகவும் சேதமடைந்துள்ளது தயவுசெய்து தேவையான நடவடிக்கை எடுக்கவும்.,Roads & Highways,High
இந்த பிரச்சனையை கவனிக்கவும்: என் வீட்டின் அருகிலுள்ள கழிவுநீர் குழாய் அடைத்துள்ளது தயவுசெய்து இந்த பிரச்சனையை தீர்க்கவும்.,Drainage & Sewerage,Medium
Kindly look into this: The nutrition service for children is unavailable,Women & Child Welfare,High
கழிவுநீர் மேன்ஹோல் நிரம்பி வழிகிறது தயவுசெய்து இந்த பிரச்சனையை தீர்க்கவும்.,Drainage & Sewerage,Medium
ദയവായി ഇത് പരിഹരിക്കുക. വീട്ടുമാലിന്യം വീടുകൾക്ക് സമീപം കെട്ടിക്കിടക്കുന്നു,Waste Management,Medium
இந்த பிரச்சனையை கவனிக்கவும்: எனது சமூக நல ஓய்வூதியம் வரவில்லை இந்த பிரச்சனையை கவனிக்கவும்.,Social Welfare,Medium
I want to report that The government online portal is not working Kindly resolve this issue.,e-Governance,Medium
ഈ പ്രശ്നത്തെക്കുറിച്ച് പരാതി നൽകുന്നു: എന്റെ റവന്യൂ സർട്ടിഫിക്കറ്റ് നൽകിയിട്ടില്ല ദയവായി ഈ വിഷയം പരിശോധിക്കുക.,Revenue & Land Records,Medium
ദയവായി ഇത് പരിഹരിക്കുക. സർക്കാർ തൊഴിൽ പദ്ധതിയിൽ ജോലി ലഭിച്ചിട്ടില്ല,Labour & Employment,Medium
அரசு பேருந்து அட்டவணையை பின்பற்றவில்லை,Transport,High
मैं शिकायत करना चाहता हूं कि मुझे महिला कल्याण योजनाओं की जानकारी चाहिए कृपया इस समस्या का समाधान करें।,Women & Child Welfare,Medium
I would like to complain that The panchayat has not repaired the village facilities Please look into this matter.,Rural Development / Panchayat,High
Please help. The public office has structural damage Please take necessary action.,Public Works,High
इस समस्या पर ध्यान दें: सड़क के पास बिजली का तार खतरनाक तरीके से लटक रहा है कृपया इस समस्या का समाधान करें।,Electricity,High
ഈ പ്രശ്നത്തെക്കുറിച്ച് പരാതി നൽകുന്നു: എന്റെ പ്രവേശന അപേക്ഷ ഇപ്പോഴും പരിഗണനയിലാണ്,Education,Low
தயவுசெய்து உதவுங்கள். ரேஷன் அட்டை விவரங்களை புதுப்பிக்க வேண்டும்,Food & Civil Supplies,High
कृपया मदद करें। हमारे क्षेत्र का सार्वजनिक पार्क ठीक से साफ नहीं किया जाता,Municipal Corporation,Medium
Kindly look into this: The vaccination service is unavailable Please take necessary action.,Health,High
Kindly look into this: I have not received the approved housing amount Kindly resolve this issue.,Housing,Low
इस समस्या पर ध्यान दें: सार्वजनिक पानी की पाइपलाइन में रिसाव है कृपया इस मामले को देखें।,Water Services,Medium
इस समस्या पर ध्यान दें: राशन की दुकान पर खाद्य सामग्री पर्याप्त नहीं है कृपया आवश्यक कार्रवाई करें।,Food & Civil Supplies,Low
मुझे आवास योजना के आवेदन में सहायता चाहिए कृपया इस मामले को देखें।,Housing,Medium
I would like to complain that Our electricity connection keeps getting interrupted Kindly resolve this issue.,Electricity,Medium
தயவுசெய்து இதை சரி செய்யுங்கள். பெரிய பள்ளம் போக்குவரத்தை தடுக்கிறது,Roads & Highways,Low
ദയവായി ഇത് പരിഹരിക്കുക. സർക്കാർ ഹോസ്റ്റലിൽ മികച്ച സൗകര്യങ്ങൾ ആവശ്യമാണ് ദയവായി ഈ പ്രശ്നം പരിഹരിക്കുക.,Education,High
इस समस्या पर ध्यान दें: मेरे बच्चे के कल्याण आवेदन में देरी हुई है कृपया इस समस्या का समाधान करें।,Women & Child Welfare,Low
Please help. The public facility has broken windows Kindly resolve this issue.,Public Works,High
இந்த பிரச்சனையை கவனிக்கவும்: சாலையின் அருகில் திறந்த குப்பை மேடு உள்ளது தயவுசெய்து இந்த பிரச்சனையை தீர்க்கவும்.,Waste Management,Medium
தயவுசெய்து உதவுங்கள். ஊராட்சி கிராம வசதிகளை பழுதுபார்க்கவில்லை தயவுசெய்து தேவையான நடவடிக்கை எடுக்கவும்.,Rural Development / Panchayat,Medium
Please help. The welfare office has not responded Please take necessary action.,Social Welfare,Medium
मैं शिकायत करना चाहता हूं कि हमारे स्कूल में उचित कक्षा सुविधाएं नहीं हैं कृपया इस मामले को देखें।,Education,High
कृपया मदद करें। मेरे घर के बाहर बिजली का खंभा खराब है,Electricity,High
Kindly look into this: There is noise pollution from a factory Please take necessary action.,Environment & Forest,High
My revenue certificate has not been issued Please look into this matter.,Revenue & Land Records,High
ദയവായി സഹായിക്കണം. എന്റെ സാമൂഹിക ക്ഷേമ പെൻഷൻ ലഭിച്ചിട്ടില്ല ദയവായി ആവശ്യമായ നടപടി സ്വീകരിക്കുക.,Social Welfare,Low
Please help. Government buses are not operating regularly Kindly resolve this issue.,Transport,Medium
ഈ പ്രശ്നത്തെക്കുറിച്ച് പരാതി നൽകുന്നു: ഞങ്ങളുടെ ഗ്രാമത്തിന് സമീപമുള്ള റോഡ് കുഴികളാൽ നിറഞ്ഞിരിക്കുന്നു ദയവായി ഈ പ്രശ്നം പരിഹരിക്കുക.,Roads & Highways,High
அரசு மருத்துவமனையில் படுக்கைகள் இல்லை தயவுசெய்து இந்த பிரச்சனையை தீர்க்கவும்.,Health,Low
Kindly look into this: The bus service to our village has been reduced,Transport,Low
தயவுசெய்து இதை சரி செய்யுங்கள். எனது மகப்பேறு உதவி விண்ணப்பம் நிலுவையில் உள்ளது,Women & Child Welfare,High
इस समस्या पर ध्यान दें: सरकारी पोर्टल बहुत धीमा है कृपया इस समस्या का समाधान करें।,e-Governance,Low
ദയവായി സഹായിക്കണം. ഞങ്ങളുടെ വയലിലേക്കുള്ള ജലസേചന കനാൽ കേടായിട്ടുണ്ട് ദയവായി ഈ പ്രശ്നം പരിഹരിക്കുക.,Agriculture,Medium
कृपया मदद करें। मेरे डिजिटल आवेदन पर कार्रवाई नहीं हुई है कृपया इस समस्या का समाधान करें।,e-Governance,Medium
இந்த பிரச்சனையை கவனிக்கவும்: சாலையின் அருகே மின்கம்பி ஆபத்தான நிலையில் தொங்குகிறது இந்த பிரச்சனையை கவனிக்கவும்.,Electricity,Low
कृपया मदद करें। सरकारी बस अपने समय का पालन नहीं कर रही है कृपया इस समस्या का समाधान करें।,Transport,High
I want to report that The government facility roof is leaking Please take necessary action.,Public Works,Medium
ഈ പ്രശ്നത്തെക്കുറിച്ച് പരാതി നൽകുന്നു: സർക്കാർ ഓഫീസിൽ വൈദ്യുതി അറ്റകുറ്റപ്പണി വേണം ദയവായി ആവശ്യമായ നടപടി സ്വീകരിക്കുക.,Public Works,Medium
I would like to complain that The community park has become unusable Kindly resolve this issue.,Municipal Corporation,High
मुझे आवास योजना के आवेदन में सहायता चाहिए कृपया आवश्यक कार्रवाई करें।,Housing,Low
എനിക്ക് ഭീഷണി സന്ദേശം ലഭിച്ചു,Police,High
कृपया इस समस्या को देखें: टीकाकरण सेवा उपलब्ध नहीं है कृपया आवश्यक कार्रवाई करें।,Health,High
தயவுசெய்து உதவுங்கள். பொது போக்குவரத்து சேவைகள் குறித்து தகவல் வேண்டும்,Transport,Medium
ആരോ എന്റെ സ്വത്തിന് കേടുപാടുകൾ വരുത്തി,Police,Medium
लोग सड़क के किनारे कचरा फेंक रहे हैं कृपया इस मामले को देखें।,Waste Management,High
Please help. I need assistance from the women welfare department Please take necessary action.,Women & Child Welfare,High
ഈ പ്രശ്നത്തെക്കുറിച്ച് പരാതി നൽകുന്നു: മലിനജലം ഞങ്ങളുടെ പ്രദേശത്തേക്ക് ഒഴുകുന്നു,Drainage & Sewerage,High
ഈ പ്രശ്നം ശ്രദ്ധിക്കുക: പൊതു കെട്ടിടത്തിലെ ജനലുകൾ തകർന്നിട്ടുണ്ട്,Public Works,Low
இந்த பிரச்சனை குறித்து புகார் அளிக்கிறேன்: எனது தொழிலாளர் பதிவு விவரங்கள் தவறாக உள்ளன,Labour & Employment,Low
इस समस्या पर ध्यान दें: कीटों के कारण मेरी फसल खराब हो गई है,Agriculture,Low
தயவுசெய்து உதவுங்கள். எனது வேலைவாய்ப்பு சான்றிதழ் தாமதமாகியுள்ளது தயவுசெய்து தேவையான நடவடிக்கை எடுக்கவும்.,Labour & Employment,Low
I would like to complain that I have not received my housing scheme benefit,Housing,High
இந்த பிரச்சனை குறித்து புகார் அளிக்கிறேன்: விவசாயிகளுக்கு பாசன நீர் கிடைக்கவில்லை தயவுசெய்து இந்த பிரச்சனையை தீர்க்கவும்.,Agriculture,Low
कृपया इस समस्या को देखें: बारिश के दौरान सड़क बहुत खतरनाक हो जाती है कृपया इस समस्या का समाधान करें।,Roads & Highways,Critical
टीकाकरण सेवा उपलब्ध नहीं है कृपया आवश्यक कार्रवाई करें।,Health,High
Please help. Our residential area needs better municipal services Please look into this matter.,Municipal Corporation,Low
ഈ പ്രശ്നം ശ്രദ്ധിക്കുക: എന്റെ വൈദ്യുതി ബില്ലിൽ തെറ്റായ റീഡിംഗ് കാണിക്കുന്നു ദയവായി ആവശ്യമായ നടപടി സ്വീകരിക്കുക.,Electricity,Low
ദയവായി ഇത് പരിഹരിക്കുക. ഞങ്ങളുടെ പ്രദേശത്തെ കമ്മ്യൂണിറ്റി പാർക്ക് ഉപയോഗിക്കാൻ കഴിയുന്നില്ല,Municipal Corporation,Low
Kindly look into this: Farmers are not receiving irrigation water Kindly resolve this issue.,Agriculture,High
இந்த பிரச்சனை குறித்து புகார் அளிக்கிறேன்: ஆன்லைன் குடிமக்கள் சேவையை அணுக முடியவில்லை தயவுசெய்து தேவையான நடவடிக்கை எடுக்கவும்.,e-Governance,Medium
मैं शिकायत करना चाहता हूं कि सरकारी बस अपने समय का पालन नहीं कर रही है कृपया इस समस्या का समाधान करें।,Transport,Low
இந்த பிரச்சனையை கவனிக்கவும்: எனது மாற்றுத்திறனாளர் உதவித்தொகை தாமதமாகியுள்ளது தயவுசெய்து இந்த பிரச்சனையை தீர்க்கவும்.,Social Welfare,Medium
I want to report that Uncollected garbage is causing a bad smell,Waste Management,Low
தயவுசெய்து உதவுங்கள். அரசு பேருந்து அட்டவணையை பின்பற்றவில்லை இந்த பிரச்சனையை கவனிக்கவும்.,Transport,Medium
ദയവായി സഹായിക്കണം. സർക്കാർ ബസ് സമയക്രമം പാലിക്കുന്നില്ല ദയവായി ഈ പ്രശ്നം പരിഹരിക്കുക.,Transport,Low
ഈ പ്രശ്നത്തെക്കുറിച്ച് പരാതി നൽകുന്നു: വനിതാ ക്ഷേമ പദ്ധതികളെക്കുറിച്ച് വിവരം വേണം ദയവായി ഈ വിഷയം പരിശോധിക്കുക.,Women & Child Welfare,Low
मैं शिकायत करना चाहता हूं कि हमारी सड़क के पास ड्रेनेज पाइप टूट गया है,Drainage & Sewerage,Low
I want to report that The public facility in our ward requires maintenance Please take necessary action.,Municipal Corporation,Low
कृपया इस समस्या को देखें: सरकारी ऑनलाइन पोर्टल काम नहीं कर रहा है कृपया आवश्यक कार्रवाई करें।,e-Governance,Low
Kindly look into this: I need information about employment schemes Kindly resolve this issue.,Labour & Employment,Low
ദയവായി ഇത് പരിഹരിക്കുക. മലിനജലം ഞങ്ങളുടെ പ്രദേശത്തേക്ക് ഒഴുകുന്നു ദയവായി ഈ വിഷയം പരിശോധിക്കുക.,Drainage & Sewerage,Low
इस समस्या पर ध्यान दें: हमारे वार्ड की सार्वजनिक सुविधा की मरम्मत की जरूरत है,Municipal Corporation,Low
இந்த பிரச்சனை குறித்து புகார் அளிக்கிறேன்: எங்கள் பகுதியில் தண்ணீர் விநியோகம் நிறுத்தப்பட்டுள்ளது,Water Services,Low
Please help. The electric wire near the road is hanging dangerously Please look into this matter.,Electricity,Critical
தயவுசெய்து இதை சரி செய்யுங்கள். எங்கள் பகுதியில் உள்ள குழந்தை பராமரிப்பு மையம் செயல்படவில்லை தயவுசெய்து தேவையான நடவடிக்கை எடுக்கவும்.,Women & Child Welfare,Medium
தயவுசெய்து இதை சரி செய்யுங்கள். அரசு மருத்துவமனையில் படுக்கைகள் இல்லை,Health,Medium
ഓൺലൈൻ പൗര സേവനം ആക്സസ് ചെയ്യാൻ കഴിയുന്നില്ല ദയവായി ആവശ്യമായ നടപടി സ്വീകരിക്കുക.,e-Governance,High
ഈ പ്രശ്നം ശ്രദ്ധിക്കുക: എന്റെ തൊഴിലാളി രജിസ്ട്രേഷൻ വിവരങ്ങൾ തെറ്റാണ് ദയവായി ഈ വിഷയം പരിശോധിക്കുക.,Labour & Employment,Medium
कृपया मदद करें। सड़क के पास बिजली का तार खतरनाक तरीके से लटक रहा है कृपया आवश्यक कार्रवाई करें।,Electricity,Critical
எங்கள் வீட்டிற்கு வெளியே கழிவுநீர் தேங்கியுள்ளது,Drainage & Sewerage,Medium
Kindly look into this: The panchayat has not repaired the village facilities Kindly resolve this issue.,Rural Development / Panchayat,Medium
कृपया इस समस्या को देखें: मेरा किफायती आवास आवेदन लंबित है कृपया इस समस्या का समाधान करें।,Housing,Medium
Kindly look into this: The government building needs urgent maintenance,Public Works,Low
मैं शिकायत करना चाहता हूं कि ऑनलाइन सेवा बार बार टाइम आउट हो रही है,e-Governance,Low
I would like to complain that My worker registration details are incorrect Please take necessary action.,Labour & Employment,Medium
I want to report that The college has not issued my certificate Please look into this matter.,Education,Medium
நில பதிவு செயல்முறை தாமதமாகியுள்ளது இந்த பிரச்சனையை கவனிக்கவும்.,Revenue & Land Records,High
ദയവായി ഇത് പരിഹരിക്കുക. ഞങ്ങളുടെ പ്രദേശത്തെ സീവർ ലൈൻ അടഞ്ഞിരിക്കുന്നു,Drainage & Sewerage,Medium
ഈ പ്രശ്നം ശ്രദ്ധിക്കുക: എന്റെ പ്രവേശന അപേക്ഷ ഇപ്പോഴും പരിഗണനയിലാണ് ദയവായി ഈ പ്രശ്നം പരിഹരിക്കുക.,Education,Medium
The panchayat has not repaired the village facilities,Rural Development / Panchayat,Medium
कृपया इस समस्या को देखें: सरकारी पोर्टल बहुत धीमा है,e-Governance,Medium
ദയവായി ഇത് പരിഹരിക്കുക. ഞങ്ങളുടെ പ്രദേശത്തെ സീവർ ലൈൻ അടഞ്ഞിരിക്കുന്നു ദയവായി ഈ പ്രശ്നം പരിഹരിക്കുക.,Drainage & Sewerage,High
कृपया इस समस्या को देखें: सरकारी छात्रावास में बेहतर सुविधाओं की जरूरत है कृपया इस मामले को देखें।,Education,Medium
ഈ പ്രശ്നത്തെക്കുറിച്ച് പരാതി നൽകുന്നു: കാർഷിക സബ്സിഡിയെക്കുറിച്ച് വിവരം വേണം ദയവായി ഈ വിഷയം പരിശോധിക്കുക.,Agriculture,Medium
தயவுசெய்து இதை சரி செய்யுங்கள். எங்கள் குடியிருப்பு பகுதியில் நகராட்சி சேவைகள் மேம்பட வேண்டும் தயவுசெய்து இந்த பிரச்சனையை தீர்க்கவும்.,Municipal Corporation,Medium
I want to report that The power pole outside my house is damaged,Electricity,High
Kindly look into this: My land record has an incorrect entry,Revenue & Land Records,Low
कृपया इस समस्या को देखें: हमारे खेत की सिंचाई नहर खराब हो गई है कृपया इस समस्या का समाधान करें।,Agriculture,High
मैं शिकायत करना चाहता हूं कि सड़क की सफाई का समय निर्धारित तरीके से नहीं हो रहा है कृपया आवश्यक कार्रवाई करें।,Municipal Corporation,Low
इस समस्या पर ध्यान दें: सड़क की मरम्मत का काम देर से हो रहा है कृपया इस मामले को देखें।,Roads & Highways,High
मैं शिकायत करना चाहता हूं कि सरकारी बस अपने समय का पालन नहीं कर रही है कृपया इस मामले को देखें।,Transport,High
ഈ പ്രശ്നത്തെക്കുറിച്ച് പരാതി നൽകുന്നു: സർക്കാർ ഭവന അനുവദിക്കൽ വൈകുകയാണ് ദയവായി ഈ വിഷയം പരിശോധിക്കുക.,Housing,Medium
कृपया इस समस्या को देखें: बड़ा गड्ढा यातायात को रोक रहा है,Roads & Highways,Medium
ഈ പ്രശ്നത്തെക്കുറിച്ച് പരാതി നൽകുന്നു: എന്റെ ഭൂമി രേഖയിൽ തെറ്റായ വിവരമുണ്ട്,Revenue & Land Records,High
தயவுசெய்து உதவுங்கள். என் வீட்டின் அருகிலுள்ள கழிவுநீர் கால்வாய் அடைத்துள்ளது தயவுசெய்து தேவையான நடவடிக்கை எடுக்கவும்.,Drainage & Sewerage,Medium
ഈ പ്രശ്നം ശ്രദ്ധിക്കുക: ഞങ്ങളുടെ പ്രദേശത്തെ മാലിന്യപ്പെട്ടികൾ നിറഞ്ഞുകവിഞ്ഞു,Waste Management,Medium
The drainage water is causing a bad smell Kindly resolve this issue.,Drainage & Sewerage,Low
कृपया मदद करें। मुझे अपने भूमि दस्तावेज की प्रति चाहिए कृपया इस समस्या का समाधान करें।,Revenue & Land Records,Medium
The bus stop in our area needs maintenance Kindly resolve this issue.,Transport,High
I want to report that Dirty wastewater is entering our locality Please look into this matter.,Drainage & Sewerage,Medium
I want to report that My student scholarship application is pending Please take necessary action.,Education,Medium
ഞങ്ങളുടെ പ്രദേശത്തെ ശിശു പരിപാലന കേന്ദ്രം പ്രവർത്തിക്കുന്നില്ല ദയവായി ഈ പ്രശ്നം പരിഹരിക്കുക.,Women & Child Welfare,Medium
தயவுசெய்து உதவுங்கள். அரசு கட்டிடத்தின் வடிகால் பழுதுபார்க்க வேண்டும் இந்த பிரச்சனையை கவனிக்கவும்.,Public Works,Medium
Kindly look into this: I have not received my housing scheme benefit,Housing,Medium
എന്റെ വീടിന് സമീപമുള്ള മലിനജല ഓട അടഞ്ഞിരിക്കുന്നു ദയവായി ഈ വിഷയം പരിശോധിക്കുക.,Drainage & Sewerage,High
റോഡിന് സമീപമുള്ള വൈദ്യുതി വയർ അപകടകരമായി തൂങ്ങിയിരിക്കുന്നു ദയവായി ആവശ്യമായ നടപടി സ്വീകരിക്കുക.,Electricity,Medium
ഈ പ്രശ്നം ശ്രദ്ധിക്കുക: ഞങ്ങളുടെ പ്രദേശത്ത് മതിയായ ബസ് സർവീസ് ഇല്ല,Transport,Medium
தயவுசெய்து உதவுங்கள். அரசு மருத்துவமனை வேலை நேரத்தில் திறக்கப்படவில்லை இந்த பிரச்சனையை கவனிக்கவும்.,Health,Medium
I want to report that My vehicle has been stolen Kindly resolve this issue.,Police,Critical
इस समस्या पर ध्यान दें: बारिश के बाद सीवर का पानी बाहर आ रहा है कृपया इस समस्या का समाधान करें।,Drainage & Sewerage,High
தயவுசெய்து இதை சரி செய்யுங்கள். பொது தண்ணீர் குழாய் வேலை செய்யவில்லை,Water Services,Medium
इस समस्या पर ध्यान दें: मुझे कृषि सब्सिडी के बारे में जानकारी चाहिए,Agriculture,Medium
कृपया इस समस्या को देखें: मुझे सार्वजनिक परिवहन सेवाओं की जानकारी चाहिए कृपया इस मामले को देखें।,Transport,Low
Kindly look into this: Our area does not have enough bus services Please take necessary action.,Transport,Low
ഈ പ്രശ്നത്തെക്കുറിച്ച് പരാതി നൽകുന്നു: വനിതാ ക്ഷേമ പദ്ധതികളെക്കുറിച്ച് വിവരം വേണം ദയവായി ഈ പ്രശ്നം പരിഹരിക്കുക.,Women & Child Welfare,Medium
हमारे गांव में बेहतर सार्वजनिक सुविधाओं की जरूरत है कृपया आवश्यक कार्रवाई करें।,Rural Development / Panchayat,High
There has been no power supply in our area since yesterday Please take necessary action.,Electricity,Low
Kindly look into this: The municipal workers have not cleaned our street Kindly resolve this issue.,Municipal Corporation,Medium
I want to report that Illegal dumping is happening near the forest Please look into this matter.,Environment & Forest,High
कृपया मदद करें। एक कारखाना गंभीर वायु प्रदूषण कर रहा है,Environment & Forest,Medium
ദയവായി സഹായിക്കണം. എന്റെ ഭവന സഹായ അപേക്ഷ പരിഗണനയിലാണ് ദയവായി ഈ വിഷയം പരിശോധിക്കുക.,Housing,Low
எங்கள் கிராமத்திற்கு சிறந்த அடிப்படை வசதிகள் தேவை இந்த பிரச்சனையை கவனிக்கவும்.,Rural Development / Panchayat,Medium
कृपया इस समस्या को देखें: सरकारी बाल सहायता भुगतान लंबित है कृपया आवश्यक कार्रवाई करें।,Women & Child Welfare,High
Please help. I need a copy of my land document Please look into this matter.,Revenue & Land Records,Medium
I would like to complain that There is an open garbage dump beside the road,Waste Management,Medium
എന്റെ തൊഴിലാളി രജിസ്ട്രേഷൻ വിവരങ്ങൾ തെറ്റാണ് ദയവായി ആവശ്യമായ നടപടി സ്വീകരിക്കുക.,Labour & Employment,Low
I would like to complain that The digital government service is unavailable Please look into this matter.,e-Governance,Medium
தயவுசெய்து இதை சரி செய்யுங்கள். பள்ளி நூலகத்தில் போதுமான புத்தகங்கள் இல்லை,Education,High
मैं शिकायत करना चाहता हूं कि मेरा आवास सहायता आवेदन लंबित है कृपया इस मामले को देखें।,Housing,Medium
தயவுசெய்து இதை சரி செய்யுங்கள். விவசாயிகளுக்கு பயிர் காப்பீட்டு உதவி கிடைக்கவில்லை தயவுசெய்து இந்த பிரச்சனையை தீர்க்கவும்.,Agriculture,Low
இந்த பிரச்சனையை கவனிக்கவும்: எனது ரேஷன் அட்டை விண்ணப்பம் நிலுவையில் உள்ளது தயவுசெய்து இந்த பிரச்சனையை தீர்க்கவும்.,Food & Civil Supplies,High
मैं शिकायत करना चाहता हूं कि मेरे घर के पास स्ट्रीट लाइट का खंभा खराब है कृपया इस मामले को देखें।,Municipal Corporation,Medium
ഈ പ്രശ്നം ശ്രദ്ധിക്കുക: എന്റെ വാഹനം മോഷണം പോയി ദയവായി ഈ വിഷയം പരിശോധിക്കുക.,Police,High
कृपया इस समस्या को देखें: मुझे इस महीने का राशन नहीं मिला है,Food & Civil Supplies,High
कॉलेज ने मेरा प्रमाणपत्र जारी नहीं किया है कृपया आवश्यक कार्रवाई करें।,Education,Low
Please help. The housing scheme beneficiary list is incorrect Kindly resolve this issue.,Housing,Low
ഈ പ്രശ്നത്തെക്കുറിച്ച് പരാതി നൽകുന്നു: എനിക്ക് പോലീസിൽ പരാതി നൽകണം,Police,Medium
தயவுசெய்து இதை சரி செய்யுங்கள். பொது கட்டிடத்தின் சுவர்களில் விரிசல்கள் உள்ளன இந்த பிரச்சனையை கவனிக்கவும்.,Public Works,Medium
I would like to complain that The housing scheme beneficiary list is incorrect Kindly resolve this issue.,Housing,Low
ദയവായി സഹായിക്കണം. ഞങ്ങളുടെ താമസ പ്രദേശത്ത് മികച്ച മുനിസിപ്പൽ സേവനങ്ങൾ ആവശ്യമാണ് ദയവായി ഈ പ്രശ്നം പരിഹരിക്കുക.,Municipal Corporation,Low
ദയവായി സഹായിക്കണം. എന്റെ തൊഴിലില്ലായ്മ സഹായ അപേക്ഷ പരിഗണനയിലാണ് ദയവായി ഈ വിഷയം പരിശോധിക്കുക.,Labour & Employment,Low
ഈ പ്രശ്നം ശ്രദ്ധിക്കുക: മാർക്കറ്റിന് സമീപമുള്ള മാലിന്യപ്പെട്ടി നിറഞ്ഞു,Waste Management,High
Kindly look into this: I need a copy of my land document Kindly resolve this issue.,Revenue & Land Records,High
Please help. I am unable to access the online citizen service Please take necessary action.,e-Governance,Medium
मैं अवैध पेड़ कटाई की शिकायत करना चाहता हूं कृपया इस समस्या का समाधान करें।,Environment & Forest,Medium
Kindly look into this: My welfare certificate has not been issued,Social Welfare,Medium
I want to report that The power supply has not been restored after the outage,Electricity,Low
कृपया इस समस्या को देखें: मेरा राशन कार्ड आवेदन लंबित है कृपया इस समस्या का समाधान करें।,Food & Civil Supplies,Medium
मैं शिकायत करना चाहता हूं कि राजमार्ग की सतह बहुत खराब हो गई है कृपया इस समस्या का समाधान करें।,Roads & Highways,Medium
இந்த பிரச்சனை குறித்து புகார் அளிக்கிறேன்: அரசு வீட்டு ஒதுக்கீடு தாமதமாகியுள்ளது,Housing,High
Please help. The road near our village is full of potholes Please take necessary action.,Roads & Highways,Medium
വൈദ്യുതി മീറ്റർ ശരിയായി പ്രവർത്തിക്കുന്നില്ല,Electricity,Medium
The public infrastructure is poorly maintained Kindly resolve this issue.,Public Works,Medium
Water has not reached our street since yesterday Kindly resolve this issue.,Water Services,High
I want to report that The government website is showing an error,e-Governance,Medium
தயவுசெய்து இதை சரி செய்யுங்கள். சந்தைக்கு அருகிலுள்ள குப்பைத் தொட்டி நிரம்பியுள்ளது இந்த பிரச்சனையை கவனிக்கவும்.,Waste Management,Medium
कृपया मदद करें। मुझे आवास योजना के आवेदन में सहायता चाहिए कृपया आवश्यक कार्रवाई करें।,Housing,Medium
I would like to complain that Waste bins in our area are overflowing Please take necessary action.,Waste Management,Medium
വീട് നിർമ്മാണ സബ്സിഡി ഇതുവരെ ലഭിച്ചിട്ടില്ല ദയവായി ഈ പ്രശ്നം പരിഹരിക്കുക.,Housing,Medium
ദയവായി ഇത് പരിഹരിക്കുക. സർക്കാർ ഭവന പദ്ധതിയെക്കുറിച്ച് വിവരം വേണം ദയവായി ഈ വിഷയം പരിശോധിക്കുക.,Housing,High
ഈ പ്രശ്നത്തെക്കുറിച്ച് പരാതി നൽകുന്നു: എന്റെ സ്വത്തിന്റെ സർവേ വിവരങ്ങൾ തെറ്റാണ് ദയവായി ഈ പ്രശ്നം പരിഹരിക്കുക.,Revenue & Land Records,Low
मैं शिकायत करना चाहता हूं कि कचरा संग्रह कर्मचारी नियमित रूप से नहीं आ रहे हैं कृपया आवश्यक कार्रवाई करें।,Waste Management,Medium
कृपया इस समस्या को देखें: हमारे इलाके का सार्वजनिक शौचालय ठीक से maintained नहीं है कृपया इस मामले को देखें।,Municipal Corporation,Low
എന്റെ വീടിന് സമീപമുള്ള തെരുവ് വിളക്ക് തൂൺ കേടായിട്ടുണ്ട് ദയവായി ഈ പ്രശ്നം പരിഹരിക്കുക.,Municipal Corporation,Medium
My housing assistance application is pending Please take necessary action.,Housing,Medium
I would like to complain that I need help registering as a worker Please take necessary action.,Labour & Employment,Medium
ഈ പ്രശ്നത്തെക്കുറിച്ച് പരാതി നൽകുന്നു: എന്റെ തൊഴിലാളി രജിസ്ട്രേഷൻ അപേക്ഷ പരിഗണനയിലാണ് ദയവായി ഈ വിഷയം പരിശോധിക്കുക.,Labour & Employment,Medium
ഈ പ്രശ്നത്തെക്കുറിച്ച് പരാതി നൽകുന്നു: ഞങ്ങളുടെ പ്രദേശത്തിന് സമീപം ശക്തമായ രാസവസ്തു ഗന്ധമുണ്ട് ദയവായി ഈ വിഷയം പരിശോധിക്കുക.,Environment & Forest,Medium
தயவுசெய்து இதை சரி செய்யுங்கள். குடிநீர் இணைப்பு வேலை செய்யவில்லை இந்த பிரச்சனையை கவனிக்கவும்.,Water Services,High
இந்த பிரச்சனை குறித்து புகார் அளிக்கிறேன்: எங்கள் குடியிருப்பு பகுதியில் நகராட்சி சேவைகள் மேம்பட வேண்டும் தயவுசெய்து தேவையான நடவடிக்கை எடுக்கவும்.,Municipal Corporation,High
ഈ പ്രശ്നത്തെക്കുറിച്ച് പരാതി നൽകുന്നു: സർക്കാർ ആശുപത്രിയിൽ കിടക്കകൾ ലഭ്യമല്ല,Health,Medium
इस समस्या पर ध्यान दें: मेरी छात्रवृत्ति का आवेदन लंबित है कृपया इस समस्या का समाधान करें।,Education,Medium
வீடு கட்டுவதற்கான மானியம் இன்னும் வரவில்லை,Housing,High
Please help. The road near our village is full of potholes Kindly resolve this issue.,Roads & Highways,Medium
कृपया मदद करें। मुझे सरकारी आवास योजना की जानकारी चाहिए,Housing,Medium
தயவுசெய்து உதவுங்கள். எங்கள் பகுதியில் குப்பைகள் குவிந்துள்ளன இந்த பிரச்சனையை கவனிக்கவும்.,Waste Management,High
இந்த பிரச்சனையை கவனிக்கவும்: பெண்கள் நலத்துறையின் உதவி வேண்டும் தயவுசெய்து தேவையான நடவடிக்கை எடுக்கவும்.,Women & Child Welfare,Low
इस समस्या पर ध्यान दें: मुझे महिला कल्याण विभाग से सहायता चाहिए कृपया इस मामले को देखें।,Women & Child Welfare,Medium
कृपया मदद करें। सरकारी अस्पताल में जरूरी दवाइयां उपलब्ध नहीं हैं कृपया इस समस्या का समाधान करें।,Health,Medium
எங்கள் பகுதியில் உள்ள பேருந்து நிறுத்தத்திற்கு பராமரிப்பு தேவை தயவுசெய்து தேவையான நடவடிக்கை எடுக்கவும்.,Transport,Medium
कृपया मदद करें। आवास योजना की लाभार्थी सूची गलत है कृपया इस समस्या का समाधान करें।,Housing,Low
இந்த பிரச்சனை குறித்து புகார் அளிக்கிறேன்: எங்கள் பகுதியில் அடிக்கடி மின்னழுத்த ஏற்ற இறக்கம் ஏற்படுகிறது தயவுசெய்து தேவையான நடவடிக்கை எடுக்கவும்.,Electricity,Medium
Kindly look into this: My medical report has been delayed Kindly resolve this issue.,Health,Low
ഈ പ്രശ്നത്തെക്കുറിച്ച് പരാതി നൽകുന്നു: എന്റെ പ്രവേശന അപേക്ഷ ഇപ്പോഴും പരിഗണനയിലാണ് ദയവായി ആവശ്യമായ നടപടി സ്വീകരിക്കുക.,Education,Medium
I would like to complain that There is no drinking water supply in our neighborhood Please take necessary action.,Water Services,Medium
தயவுசெய்து உதவுங்கள். பொது குடிநீர் குழாயில் கசிவு உள்ளது,Water Services,Medium
Kindly look into this: I need to update my land ownership record,Revenue & Land Records,Medium
I want to report that The road surface becomes dangerous during rain,Roads & Highways,Critical
தயவுசெய்து இதை சரி செய்யுங்கள். அரசு ஆன்லைன் தளம் வேலை செய்யவில்லை இந்த பிரச்சனையை கவனிக்கவும்.,e-Governance,Medium
எங்கள் பகுதியில் உள்ள பூங்கா சரியாக பராமரிக்கப்படவில்லை,Municipal Corporation,Medium
தயவுசெய்து உதவுங்கள். கிராம வளர்ச்சி திட்டம் நிறுத்தப்பட்டுள்ளது இந்த பிரச்சனையை கவனிக்கவும்.,Rural Development / Panchayat,Medium
ரேஷன் அட்டை விவரங்களை புதுப்பிக்க வேண்டும் இந்த பிரச்சனையை கவனிக்கவும்.,Food & Civil Supplies,High
कृपया इस समस्या को देखें: मेरे श्रमिक पंजीकरण की जानकारी गलत है कृपया इस मामले को देखें।,Labour & Employment,Medium
இந்த பிரச்சனை குறித்து புகார் அளிக்கிறேன்: எங்கள் வீட்டருகே உள்ள தெருவிளக்கு கம்பம் சேதமடைந்துள்ளது இந்த பிரச்சனையை கவனிக்கவும்.,Municipal Corporation,High
ദയവായി ഇത് പരിഹരിക്കുക. ശേഖരിക്കാത്ത മാലിന്യം ദുർഗന്ധം ഉണ്ടാക്കുന്നു ദയവായി ആവശ്യമായ നടപടി സ്വീകരിക്കുക.,Waste Management,Low
இந்த பிரச்சனையை கவனிக்கவும்: முக்கிய சாலையில் பெரிய பள்ளம் உள்ளது,Roads & Highways,Low
The bus service to our village has been reduced Kindly resolve this issue.,Transport,Medium
இந்த பிரச்சனை குறித்து புகார் அளிக்கிறேன்: வேளாண் அதிகாரி எங்கள் கிராமத்திற்கு வரவில்லை தயவுசெய்து இந்த பிரச்சனையை தீர்க்கவும்.,Agriculture,High
ഈ പ്രശ്നത്തെക്കുറിച്ച് പരാതി നൽകുന്നു: റേഷൻ കാർഡ് വിവരങ്ങൾ പുതുക്കണം ദയവായി ആവശ്യമായ നടപടി സ്വീകരിക്കുക.,Food & Civil Supplies,High
ഈ പ്രശ്നം ശ്രദ്ധിക്കുക: ഒരു തർക്കത്തിന് പോലീസ് സഹായം ആവശ്യമാണ്,Police,High
ഭവന പദ്ധതി ഗുണഭോക്തൃ പട്ടിക തെറ്റാണ് ദയവായി ഈ പ്രശ്നം പരിഹരിക്കുക.,Housing,High
ഓൺലൈൻ സേവനം പലപ്പോഴും ടൈം ഔട്ട് ആകുന്നു ദയവായി ഈ പ്രശ്നം പരിഹരിക്കുക.,e-Governance,High
இந்த பிரச்சனையை கவனிக்கவும்: பொது குழாயில் அழுக்கான தண்ணீர் வருகிறது,Water Services,Medium
I want to report that There is illegal tree cutting in our area,Environment & Forest,High
मैं शिकायत करना चाहता हूं कि मेरे बच्चे के कल्याण आवेदन में देरी हुई है कृपया इस मामले को देखें।,Women & Child Welfare,Low
I want to report that Our village community hall needs maintenance Please take necessary action.,Rural Development / Panchayat,Low
இந்த பிரச்சனையை கவனிக்கவும்: எனது ரேஷன் அட்டையில் தவறான விவரங்கள் உள்ளன தயவுசெய்து இந்த பிரச்சனையை தீர்க்கவும்.,Food & Civil Supplies,Medium
இந்த பிரச்சனையை கவனிக்கவும்: எங்கள் பகுதியில் நேற்று முதல் மின்சாரம் இல்லை,Electricity,High
The government hospital does not have essential medicines,Health,Low
कृपया इस समस्या को देखें: बिना सूचना के बस मार्ग बदल दिया गया है कृपया आवश्यक कार्रवाई करें।,Transport,High
இந்த பிரச்சனையை கவனிக்கவும்: கல்லூரி எனது சான்றிதழை வழங்கவில்லை இந்த பிரச்சனையை கவனிக்கவும்.,Education,High
தயவுசெய்து இதை சரி செய்யுங்கள். எங்கள் மின் இணைப்பு அடிக்கடி துண்டிக்கப்படுகிறது,Electricity,Low
हमारे सरकारी स्कूल में कंप्यूटर नहीं हैं कृपया इस मामले को देखें।,Education,Medium
इस समस्या पर ध्यान दें: मुझे आवास योजना के आवेदन में सहायता चाहिए कृपया इस समस्या का समाधान करें।,Housing,High
தயவுசெய்து உதவுங்கள். விவசாய மானியங்கள் குறித்து தகவல் வேண்டும் தயவுசெய்து இந்த பிரச்சனையை தீர்க்கவும்.,Agriculture,Medium
इस समस्या पर ध्यान दें: मुझे भूमि स्वामित्व रिकॉर्ड अपडेट करना है कृपया आवश्यक कार्रवाई करें।,Revenue & Land Records,High
இந்த பிரச்சனை குறித்து புகார் அளிக்கிறேன்: பெண்கள் நலத்துறையின் உதவி வேண்டும் இந்த பிரச்சனையை கவனிக்கவும்.,Women & Child Welfare,Medium
इस समस्या पर ध्यान दें: राजमार्ग की सतह बहुत खराब हो गई है कृपया इस मामले को देखें।,Roads & Highways,High
कृपया इस समस्या को देखें: मेरे बच्चे के कल्याण आवेदन में देरी हुई है कृपया आवश्यक कार्रवाई करें।,Women & Child Welfare,Medium
தயவுசெய்து இதை சரி செய்யுங்கள். குடிநீர் பல நாட்களாக வரவில்லை தயவுசெய்து இந்த பிரச்சனையை தீர்க்கவும்.,Water Services,Medium
Please help. The electricity meter is not functioning correctly Kindly resolve this issue.,Electricity,Medium
ദയവായി ഇത് പരിഹരിക്കുക. ക്ഷേമ ഓഫീസ് മറുപടി നൽകിയിട്ടില്ല ദയവായി ഈ വിഷയം പരിശോധിക്കുക.,Social Welfare,Low
कृपया इस समस्या को देखें: हमारे क्षेत्र में बीजों की कमी है,Agriculture,Low
मैं शिकायत करना चाहता हूं कि टीकाकरण सेवा उपलब्ध नहीं है कृपया आवश्यक कार्रवाई करें।,Health,Medium
ദയവായി ഇത് പരിഹരിക്കുക. സർക്കാർ ക്ലിനിക്ക് ജോലി സമയത്ത് തുറക്കുന്നില്ല ദയവായി ഈ വിഷയം പരിശോധിക്കുക.,Health,High
இந்த பிரச்சனை குறித்து புகார் அளிக்கிறேன்: எனது தொழிலாளர் நலத்தொகை கிடைக்கவில்லை,Labour & Employment,Medium
There is illegal tree cutting in our area Kindly resolve this issue.,Environment & Forest,Medium
எனது வேலைவாய்ப்பு நலத்தொகை கிடைக்கவில்லை,Labour & Employment,Medium
இந்த பிரச்சனையை கவனிக்கவும்: எங்கள் வீட்டிற்கு வெளியே கழிவுநீர் தேங்கியுள்ளது தயவுசெய்து தேவையான நடவடிக்கை எடுக்கவும்.,Drainage & Sewerage,Medium
मैं शिकायत करना चाहता हूं कि सरकारी क्लिनिक काम के समय में खुला नहीं है कृपया इस मामले को देखें।,Health,High
இந்த பிரச்சனையை கவனிக்கவும்: வேலைவாய்ப்பு திட்டங்கள் குறித்து தகவல் வேண்டும் இந்த பிரச்சனையை கவனிக்கவும்.,Labour & Employment,Low
தயவுசெய்து உதவுங்கள். எனது மலிவு விலை வீட்டு விண்ணப்பம் நிலுவையில் உள்ளது தயவுசெய்து தேவையான நடவடிக்கை எடுக்கவும்.,Housing,Medium
The school library does not have enough books Please take necessary action.,Education,High
Please help. The public facility in our ward requires maintenance Please take necessary action.,Municipal Corporation,Low
कृपया मदद करें। हमारे आवासीय क्षेत्र के पास एक संदिग्ध व्यक्ति है कृपया इस मामले को देखें।,Police,High
मैं शिकायत करना चाहता हूं कि सरकारी भवन में तत्काल रखरखाव की जरूरत है,Public Works,Medium
I would like to complain that The government housing allotment has been delayed Please take necessary action.,Housing,Low
எங்கள் பகுதியில் கழிவுநீர் தேங்கி உள்ளது,Drainage & Sewerage,High
I would like to complain that My maternity benefit application is pending Please look into this matter.,Women & Child Welfare,High
ഭവന പദ്ധതി ഗുണഭോക്തൃ പട്ടിക തെറ്റാണ്,Housing,Medium
റോഡിന്റെ അരികിൽ തുറന്ന മാലിന്യക്കൂമ്പാരം ഉണ്ട്,Waste Management,Medium
Kindly look into this: There is illegal activity near our street Kindly resolve this issue.,Police,Medium
मैं शिकायत करना चाहता हूं कि मुख्य सड़क की मरम्मत की जरूरत है कृपया आवश्यक कार्रवाई करें।,Roads & Highways,Medium
ഈ പ്രശ്നം ശ്രദ്ധിക്കുക: വനിതാ ക്ഷേമ പദ്ധതിയിൽ സഹായം വേണം ദയവായി ആവശ്യമായ നടപടി സ്വീകരിക്കുക.,Women & Child Welfare,Medium
There is a large pothole on the main road Please look into this matter.,Roads & Highways,High
इस समस्या पर ध्यान दें: बिजली कटने के बाद आपूर्ति अभी तक बहाल नहीं हुई है कृपया आवश्यक कार्रवाई करें।,Electricity,Low
இந்த பிரச்சனையை கவனிக்கவும்: பொது கட்டிடத்தின் சுவர்களில் விரிசல்கள் உள்ளன இந்த பிரச்சனையை கவனிக்கவும்.,Public Works,Medium
இந்த பிரச்சனை குறித்து புகார் அளிக்கிறேன்: பொது உள்கட்டமைப்பு சரியாக பராமரிக்கப்படவில்லை தயவுசெய்து இந்த பிரச்சனையை தீர்க்கவும்.,Public Works,Medium
நகராட்சி குடிநீர் குழாய் சேதமடைந்துள்ளது,Water Services,Medium
எங்கள் கிராமத்திற்கு அருகிலுள்ள ஆறு மாசடைந்துள்ளது இந்த பிரச்சனையை கவனிக்கவும்.,Environment & Forest,High
இந்த பிரச்சனையை கவனிக்கவும்: நகராட்சி குடிநீர் குழாய் சேதமடைந்துள்ளது,Water Services,High
Waste collection has been irregular in our neighborhood Please take necessary action.,Waste Management,High
இந்த பிரச்சனை குறித்து புகார் அளிக்கிறேன்: குப்பை வாகனம் எங்கள் பகுதிக்கு வருவதை நிறுத்திவிட்டது இந்த பிரச்சனையை கவனிக்கவும்.,Waste Management,Low
Kindly look into this: Illegal dumping is happening near the forest Please look into this matter.,Environment & Forest,Medium
Kindly look into this: Our village community hall needs maintenance Kindly resolve this issue.,Rural Development / Panchayat,Medium
ദയവായി സഹായിക്കണം. മുനിസിപ്പൽ ജീവനക്കാർ ഞങ്ങളുടെ തെരുവ് വൃത്തിയാക്കുന്നില്ല ദയവായി ഈ പ്രശ്നം പരിഹരിക്കുക.,Municipal Corporation,High
I would like to complain that There has been no power supply in our area since yesterday Please take necessary action.,Electricity,Medium
இந்த பிரச்சனையை கவனிக்கவும்: குப்பை தொட்டிகள் நிரம்பி உள்ளன,Waste Management,Medium
मैं शिकायत करना चाहता हूं कि कल्याण कार्यालय ने जवाब नहीं दिया है कृपया इस मामले को देखें।,Social Welfare,Low
Please help. The government employment scheme has not provided work Kindly resolve this issue.,Labour & Employment,Low
मैं शिकायत करना चाहता हूं कि बिजली का मीटर ठीक से काम नहीं कर रहा है कृपया इस मामले को देखें।,Electricity,Medium
ഈ പ്രശ്നത്തെക്കുറിച്ച് പരാതി നൽകുന്നു: എന്റെ കർഷക സബ്സിഡി അപേക്ഷ പരിഗണനയിലാണ്,Agriculture,Medium
I want to report that The public water pipeline is leaking Please look into this matter.,Water Services,Medium
இந்த பிரச்சனையை கவனிக்கவும்: எங்கள் கிராமத்திற்கு அருகிலுள்ள ஆறு மாசடைந்துள்ளது இந்த பிரச்சனையை கவனிக்கவும்.,Environment & Forest,Medium
कृपया मदद करें। मेरा वरिष्ठ नागरिक लाभ लंबित है कृपया इस समस्या का समाधान करें।,Social Welfare,High
इस समस्या पर ध्यान दें: हमारे स्कूल के पास खतरनाक तरीके से वाहन चलाए जा रहे हैं कृपया आवश्यक कार्रवाई करें।,Police,High
இந்த பிரச்சனை குறித்து புகார் அளிக்கிறேன்: எனது மூத்த குடிமக்கள் நலத்தொகை நிலுவையில் உள்ளது இந்த பிரச்சனையை கவனிக்கவும்.,Social Welfare,Low
ദയവായി സഹായിക്കണം. അനധികൃത മരം മുറിക്കൽ റിപ്പോർട്ട് ചെയ്യണം ദയവായി ഈ വിഷയം പരിശോധിക്കുക.,Environment & Forest,Medium
I want to report that My land record has an incorrect entry Please take necessary action.,Revenue & Land Records,Medium
தயவுசெய்து இதை சரி செய்யுங்கள். எங்கள் பகுதியில் குடிநீர் வரவில்லை இந்த பிரச்சனையை கவனிக்கவும்.,Water Services,Medium
இந்த பிரச்சனையை கவனிக்கவும்: எங்கள் தெருவின் அருகே சட்டவிரோத செயல்கள் நடக்கின்றன தயவுசெய்து தேவையான நடவடிக்கை எடுக்கவும்.,Police,Medium
ആംബുലൻസ് സേവനം പ്രതികരിക്കുന്നില്ല,Health,High
कृपया मदद करें। मुझे भूमि सर्वेक्षण मानचित्र की प्रति चाहिए,Revenue & Land Records,Medium
मैं शिकायत करना चाहता हूं कि हमारे इलाके में कचरा संग्रह नियमित नहीं है कृपया इस मामले को देखें।,Waste Management,High
Kindly look into this: My farmer subsidy application is pending Please take necessary action.,Agriculture,High
Please help. A damaged road is causing accidents Kindly resolve this issue.,Roads & Highways,Critical
I want to report that The school library does not have enough books,Education,Medium
ദയവായി ഇത് പരിഹരിക്കുക. ഞങ്ങളുടെ പ്രദേശത്തെ പൊതു പാർക്ക് ശരിയായി പരിപാലിക്കുന്നില്ല,Municipal Corporation,Low
ഈ പ്രശ്നത്തെക്കുറിച്ച് പരാതി നൽകുന്നു: എന്റെ മെഡിക്കൽ റിപ്പോർട്ട് വൈകിയിരിക്കുന്നു ദയവായി ആവശ്യമായ നടപടി സ്വീകരിക്കുക.,Health,Medium
इस समस्या पर ध्यान दें: मुझे भूमि सर्वेक्षण मानचित्र की प्रति चाहिए कृपया आवश्यक कार्रवाई करें।,Revenue & Land Records,Low
தயவுசெய்து இதை சரி செய்யுங்கள். எனது வீட்டு உதவி விண்ணப்பம் நிலுவையில் உள்ளது தயவுசெய்து இந்த பிரச்சனையை தீர்க்கவும்.,Housing,Medium
Someone has damaged my property Kindly resolve this issue.,Police,High
Kindly look into this: The government school does not have enough teachers Kindly resolve this issue.,Education,Medium
எங்கள் கிராமத்திற்கு சிறந்த அடிப்படை வசதிகள் தேவை,Rural Development / Panchayat,High
ഈ പ്രശ്നത്തെക്കുറിച്ച് പരാതി നൽകുന്നു: ഞങ്ങളുടെ പ്രദേശത്ത് വോൾട്ടേജ് വ്യതിയാനം പതിവാണ് ദയവായി ആവശ്യമായ നടപടി സ്വീകരിക്കുക.,Electricity,High
தயவுசெய்து உதவுங்கள். சந்தைக்கு அருகிலுள்ள குப்பைத் தொட்டி நிரம்பியுள்ளது,Waste Management,Medium
தயவுசெய்து இதை சரி செய்யுங்கள். அரசு பேருந்து அட்டவணையை பின்பற்றவில்லை,Transport,High
Please help. Our water pressure is extremely low,Water Services,High
The public facility has broken windows Please look into this matter.,Public Works,Medium
முக்கிய சாலையில் பெரிய பள்ளம் உள்ளது,Roads & Highways,Medium
அரசு வீட்டு திட்டம் குறித்து தகவல் வேண்டும் தயவுசெய்து இந்த பிரச்சனையை தீர்க்கவும்.,Housing,Low
தயவுசெய்து இதை சரி செய்யுங்கள். தொழிற்சாலை கழிவுகள் அருகிலுள்ள நீர்நிலைக்குள் செல்கின்றன தயவுசெய்து தேவையான நடவடிக்கை எடுக்கவும்.,Environment & Forest,Medium
परिवहन पास आवेदन में देरी हो रही है कृपया इस समस्या का समाधान करें।,Transport,High
இந்த பிரச்சனை குறித்து புகார் அளிக்கிறேன்: எனது ஆன்லைன் விண்ணப்ப நிலை மாறவில்லை இந்த பிரச்சனையை கவனிக்கவும்.,e-Governance,Medium
कृपया मदद करें। हमारे गांव के सामुदायिक भवन को रखरखाव की जरूरत है कृपया आवश्यक कार्रवाई करें।,Rural Development / Panchayat,Medium
ഈ പ്രശ്നം ശ്രദ്ധിക്കുക: ക്ഷേമ പദ്ധതിക്ക് അപേക്ഷിക്കാൻ സഹായം വേണം,Social Welfare,Low
அரசு இணையதளம் மிகவும் மெதுவாக உள்ளது,e-Governance,Medium
அரசு வீட்டு திட்டம் குறித்து தகவல் வேண்டும் இந்த பிரச்சனையை கவனிக்கவும்.,Housing,Medium
ദയവായി ഇത് പരിഹരിക്കുക. എന്റെ സ്കോളർഷിപ്പ് തുക ഇതുവരെ ലഭിച്ചിട്ടില്ല ദയവായി ഈ വിഷയം പരിശോധിക്കുക.,Education,Medium
சாலையின் அருகில் திறந்த குப்பை மேடு உள்ளது தயவுசெய்து தேவையான நடவடிக்கை எடுக்கவும்.,Waste Management,Low
ഈ പ്രശ്നം ശ്രദ്ധിക്കുക: ഭൂമി രജിസ്ട്രേഷൻ നടപടിയിൽ വൈകുന്നു,Revenue & Land Records,Medium
ഈ പ്രശ്നത്തെക്കുറിച്ച് പരാതി നൽകുന്നു: എന്റെ കുറഞ്ഞ ചെലവിലുള്ള ഭവന അപേക്ഷ പരിഗണനയിലാണ്,Housing,Low
ഈ പ്രശ്നത്തെക്കുറിച്ച് പരാതി നൽകുന്നു: ഞങ്ങളുടെ വയലിലേക്കുള്ള ജലസേചന കനാൽ കേടായിട്ടുണ്ട് ദയവായി ഈ വിഷയം പരിശോധിക്കുക.,Agriculture,High
I would like to complain that The public facility has broken windows,Public Works,Low
ദയവായി ഇത് പരിഹരിക്കുക. എന്റെ സ്വത്തിന്റെ സർവേ വിവരങ്ങൾ തെറ്റാണ് ദയവായി ഈ പ്രശ്നം പരിഹരിക്കുക.,Revenue & Land Records,Medium
ഈ പ്രശ്നം ശ്രദ്ധിക്കുക: വള വിതരണം വൈകുകയാണ് ദയവായി ഈ വിഷയം പരിശോധിക്കുക.,Agriculture,Low
Kindly look into this: My ration card application is pending Please look into this matter.,Food & Civil Supplies,High
தயவுசெய்து உதவுங்கள். நகராட்சி குடிநீர் குழாய் சேதமடைந்துள்ளது தயவுசெய்து தேவையான நடவடிக்கை எடுக்கவும்.,Water Services,High
I want to report that The drainage pipe has broken near our street Please take necessary action.,Drainage & Sewerage,Medium
ദയവായി സഹായിക്കണം. ഒരു ഫാക്ടറി ഗുരുതരമായ വായു മലിനീകരണം ഉണ്ടാക്കുന്നു,Environment & Forest,Medium
தயவுசெய்து உதவுங்கள். எங்கள் குடியிருப்பு பகுதியில் நகராட்சி சேவைகள் மேம்பட வேண்டும் தயவுசெய்து இந்த பிரச்சனையை தீர்க்கவும்.,Municipal Corporation,Medium
इस समस्या पर ध्यान दें: हमारे क्षेत्र में पर्याप्त बस सेवाएं नहीं हैं,Transport,High
ഈ പ്രശ്നം ശ്രദ്ധിക്കുക: ഞങ്ങളുടെ പ്രദേശത്തെ ശിശു പരിപാലന കേന്ദ്രം പ്രവർത്തിക്കുന്നില്ല ദയവായി ഈ പ്രശ്നം പരിഹരിക്കുക.,Women & Child Welfare,High
I want to report that My house construction subsidy has not arrived Kindly resolve this issue.,Housing,Low
இந்த பிரச்சனையை கவனிக்கவும்: அரசு கட்டிடத்தின் கூரையில் கசிவு உள்ளது தயவுசெய்து இந்த பிரச்சனையை தீர்க்கவும்.,Public Works,High
कृपया इस समस्या को देखें: औद्योगिक इकाई से बहुत अधिक धुआं निकल रहा है कृपया आवश्यक कार्रवाई करें।,Environment & Forest,Low
இந்த பிரச்சனை குறித்து புகார் அளிக்கிறேன்: எங்கள் கிராமத்திற்கு சிறந்த அடிப்படை வசதிகள் தேவை தயவுசெய்து தேவையான நடவடிக்கை எடுக்கவும்.,Rural Development / Panchayat,Medium
இந்த பிரச்சனையை கவனிக்கவும்: மக்கள் சாலையோரத்தில் குப்பைகளை கொட்டுகின்றனர் தயவுசெய்து இந்த பிரச்சனையை தீர்க்கவும்.,Waste Management,Medium
ഞങ്ങളുടെ വീടിന് പുറത്ത് മലിനജലം കെട്ടിക്കിടക്കുന്നു,Drainage & Sewerage,Low
राजमार्ग की सतह बहुत खराब हो गई है कृपया इस समस्या का समाधान करें।,Roads & Highways,Medium
Kindly look into this: There is an open garbage dump beside the road,Waste Management,Medium
कृपया मदद करें। सार्वजनिक भवन की दीवारों में दरारें हैं कृपया इस मामले को देखें।,Public Works,Medium
Kindly look into this: The government housing allotment has been delayed,Housing,Low
कृपया इस समस्या को देखें: हमारे क्षेत्र का सामुदायिक पार्क उपयोग के लायक नहीं है कृपया इस मामले को देखें।,Municipal Corporation,Low
Kindly look into this: The garbage vehicle has stopped visiting our locality Kindly resolve this issue.,Waste Management,High
My labour welfare application has not been processed,Labour & Employment,Low
மின்தடைக்குப் பிறகு மின்சாரம் மீண்டும் வழங்கப்படவில்லை தயவுசெய்து இந்த பிரச்சனையை தீர்க்கவும்.,Electricity,Medium
Please help. I want to report a theft in my neighborhood Please look into this matter.,Police,Medium
தயவுசெய்து இதை சரி செய்யுங்கள். யாரோ எனது சொத்தை சேதப்படுத்தியுள்ளனர்,Police,Medium
ഈ പ്രശ്നം ശ്രദ്ധിക്കുക: വെള്ള വിതരണ സമയക്രമം പാലിക്കുന്നില്ല,Water Services,Low
ഗ്രാമ വികസന പദ്ധതി നിർത്തിവച്ചിരിക്കുന്നു ദയവായി ആവശ്യമായ നടപടി സ്വീകരിക്കുക.,Rural Development / Panchayat,High
ദയവായി സഹായിക്കണം. വനിതാ ക്ഷേമ പദ്ധതിയിൽ സഹായം വേണം ദയവായി ആവശ്യമായ നടപടി സ്വീകരിക്കുക.,Women & Child Welfare,Low
இந்த பிரச்சனை குறித்து புகார் அளிக்கிறேன்: வீட்டு குப்பைகள் எங்கள் வீடுகளுக்கு அருகில் குவிந்துள்ளன தயவுசெய்து தேவையான நடவடிக்கை எடுக்கவும்.,Waste Management,Medium
ഈ പ്രശ്നത്തെക്കുറിച്ച് പരാതി നൽകുന്നു: ആശുപത്രിയിലെ ഫാർമസിയിൽ മരുന്നുകൾ ഇല്ല ദയവായി ഈ പ്രശ്നം പരിഹരിക്കുക.,Health,Medium
My welfare scheme application is pending Kindly resolve this issue.,Social Welfare,Medium
The government employment scheme has not provided work Please look into this matter.,Labour & Employment,High
இந்த பிரச்சனை குறித்து புகார் அளிக்கிறேன்: நான் காவல்துறையில் புகார் அளிக்க வேண்டும் தயவுசெய்து இந்த பிரச்சனையை தீர்க்கவும்.,Police,Low
कृपया इस समस्या को देखें: मेरी मेडिकल रिपोर्ट में देरी हो रही है कृपया इस मामले को देखें।,Health,High
मैं शिकायत करना चाहता हूं कि सरकारी ऑनलाइन पोर्टल काम नहीं कर रहा है,e-Governance,Medium
कृपया इस समस्या को देखें: सरकारी अस्पताल में बेड उपलब्ध नहीं हैं कृपया इस समस्या का समाधान करें।,Health,High
ரேஷன் கடையில் அரிசி வழங்கப்படவில்லை தயவுசெய்து தேவையான நடவடிக்கை எடுக்கவும்.,Food & Civil Supplies,Low
ദയവായി ഇത് പരിഹരിക്കുക. ഞങ്ങളുടെ സർക്കാർ സ്കൂളിൽ കമ്പ്യൂട്ടറുകൾ ഇല്ല ദയവായി ഈ പ്രശ്നം പരിഹരിക്കുക.,Education,Medium
The street lights in my neighborhood are not working,Municipal Corporation,Medium
इस समस्या पर ध्यान दें: राजमार्ग पर कई दरारें हैं कृपया आवश्यक कार्रवाई करें।,Roads & Highways,Medium
My land record has an incorrect entry Please take necessary action.,Revenue & Land Records,Low
I would like to complain that The street cleaning schedule is not being followed,Municipal Corporation,Medium
I want to report that The bus shelter is damaged Kindly resolve this issue.,Transport,Medium
இந்த பிரச்சனையை கவனிக்கவும்: எனது வீட்டு உதவி விண்ணப்பம் நிலுவையில் உள்ளது தயவுசெய்து இந்த பிரச்சனையை தீர்க்கவும்.,Housing,High
Please help. My maternity benefit application is pending Please take necessary action.,Women & Child Welfare,Medium
इस समस्या पर ध्यान दें: मुझे राशन कार्ड की जानकारी अपडेट करनी है कृपया आवश्यक कार्रवाई करें।,Food & Civil Supplies,High
ഈ പ്രശ്നത്തെക്കുറിച്ച് പരാതി നൽകുന്നു: എന്റെ ക്ഷേമ സർട്ടിഫിക്കറ്റ് നൽകിയിട്ടില്ല ദയവായി ആവശ്യമായ നടപടി സ്വീകരിക്കുക.,Social Welfare,Low
Kindly look into this: The ration shop is not providing rice,Food & Civil Supplies,Medium
ഞങ്ങളുടെ വയലിലേക്കുള്ള ജലസേചന കനാൽ കേടായിട്ടുണ്ട്,Agriculture,High
தயவுசெய்து உதவுங்கள். பொது அலுவலக கட்டிடத்தில் கட்டமைப்பு சேதம் உள்ளது தயவுசெய்து இந்த பிரச்சனையை தீர்க்கவும்.,Public Works,High
தயவுசெய்து இதை சரி செய்யுங்கள். எனது மாதாந்திர ஓய்வூதியம் கிடைக்கவில்லை,Social Welfare,Low
ഈ പ്രശ്നം ശ്രദ്ധിക്കുക: സർക്കാർ ഹോസ്റ്റലിൽ മികച്ച സൗകര്യങ്ങൾ ആവശ്യമാണ് ദയവായി ഈ വിഷയം പരിശോധിക്കുക.,Education,Medium
इस समस्या पर ध्यान दें: नगर निगम के कर्मचारी हमारी सड़क की सफाई नहीं कर रहे हैं कृपया इस मामले को देखें।,Municipal Corporation,Medium
कृपया इस समस्या को देखें: मेरा किफायती आवास आवेदन लंबित है कृपया आवश्यक कार्रवाई करें।,Housing,Medium
Kindly look into this: The bus service to our village has been reduced Kindly resolve this issue.,Transport,High
இந்த பிரச்சனையை கவனிக்கவும்: குப்பை வண்டி எங்கள் பகுதிக்கு வரவில்லை,Waste Management,Medium
சாலையின் அருகே மின்கம்பி ஆபத்தான நிலையில் தொங்குகிறது தயவுசெய்து தேவையான நடவடிக்கை எடுக்கவும்.,Electricity,High
ഈ പ്രശ്നം ശ്രദ്ധിക്കുക: ഞങ്ങളുടെ ഗ്രാമത്തിലേക്കുള്ള ബസ് സർവീസ് കുറച്ചു ദയവായി ഈ വിഷയം പരിശോധിക്കുക.,Transport,High
Please help. The government office building needs repair Please look into this matter.,Public Works,Medium
Please help. Our village needs better basic infrastructure,Rural Development / Panchayat,Medium
I want to report that The hospital pharmacy has no medicines Kindly resolve this issue.,Health,High
कृपया इस समस्या को देखें: मेरा वाहन चोरी हो गया है,Police,Critical
Please help. The bus route has been changed without notice Please take necessary action.,Transport,High
ഈ പ്രശ്നത്തെക്കുറിച്ച് പരാതി നൽകുന്നു: ഡിജിറ്റൽ സർക്കാർ സേവനം ലഭ്യമല്ല ദയവായി ആവശ്യമായ നടപടി സ്വീകരിക്കുക.,e-Governance,Medium
இந்த பிரச்சனையை கவனிக்கவும்: நிலத்தடி கழிவுநீர் அமைப்பு அடைத்துள்ளது,Drainage & Sewerage,Medium
இந்த பிரச்சனை குறித்து புகார் அளிக்கிறேன்: எங்கள் பகுதியில் உள்ள பேருந்து நிறுத்தத்திற்கு பராமரிப்பு தேவை,Transport,Low
कृपया इस समस्या को देखें: कल्याण कार्यालय ने जवाब नहीं दिया है कृपया आवश्यक कार्रवाई करें।,Social Welfare,Medium
कृपया मदद करें। सड़क के पास बिजली का तार खतरनाक तरीके से लटक रहा है,Electricity,Critical
ഈ പ്രശ്നം ശ്രദ്ധിക്കുക: എന്റെ ഭിന്നശേഷി സഹായ തുക വൈകിയിരിക്കുന്നു ദയവായി ഈ വിഷയം പരിശോധിക്കുക.,Social Welfare,Medium
ദയവായി സഹായിക്കണം. എനിക്ക് വനിതാ ക്ഷേമ വകുപ്പിന്റെ സഹായം വേണം,Women & Child Welfare,Medium
Someone has damaged my property,Police,High
தயவுசெய்து இதை சரி செய்யுங்கள். பூச்சிகளால் எனது பயிர் சேதமடைந்துள்ளது இந்த பிரச்சனையை கவனிக்கவும்.,Agriculture,Low
ദയവായി സഹായിക്കണം. സർക്കാർ ക്ലിനിക്ക് ജോലി സമയത്ത് തുറക്കുന്നില്ല ദയവായി ഈ പ്രശ്നം പരിഹരിക്കുക.,Health,High
இந்த பிரச்சனை குறித்து புகார் அளிக்கிறேன்: எனது கல்வி உதவித்தொகை இன்னும் வரவில்லை இந்த பிரச்சனையை கவனிக்கவும்.,Education,Low
இந்த பிரச்சனை குறித்து புகார் அளிக்கிறேன்: நேற்று முதல் எங்கள் தெருவிற்கு தண்ணீர் வரவில்லை தயவுசெய்து இந்த பிரச்சனையை தீர்க்கவும்.,Water Services,High
Please help. The sewer is overflowing after rain Please take necessary action.,Drainage & Sewerage,Medium
ട്രാൻസ്പോർട്ട് പാസ് അപേക്ഷ വൈകുകയാണ്,Transport,Low
मैं शिकायत करना चाहता हूं कि एम्बुलेंस सेवा जवाब नहीं दे रही है कृपया इस समस्या का समाधान करें।,Health,High
I would like to complain that I need a copy of my land document Please look into this matter.,Revenue & Land Records,Medium
இந்த பிரச்சனையை கவனிக்கவும்: குடிநீர் பல நாட்களாக வரவில்லை தயவுசெய்து இந்த பிரச்சனையை தீர்க்கவும்.,Water Services,Low
मैं शिकायत करना चाहता हूं कि मुझे अपने भूमि दस्तावेज की प्रति चाहिए कृपया आवश्यक कार्रवाई करें।,Revenue & Land Records,Medium
ഈ പ്രശ്നത്തെക്കുറിച്ച് പരാതി നൽകുന്നു: വ്യവസായ മാലിന്യം സമീപത്തെ ജലാശയത്തിലേക്ക് ഒഴുകുന്നു ദയവായി ഈ വിഷയം പരിശോധിക്കുക.,Environment & Forest,High
इस समस्या पर ध्यान दें: नाले के पानी से बहुत बदबू आ रही है कृपया इस मामले को देखें।,Drainage & Sewerage,Medium
ഈ പ്രശ്നം ശ്രദ്ധിക്കുക: ഫാക്ടറിയിൽ നിന്ന് ശബ്ദ മലിനീകരണം ഉണ്ടാകുന്നു ദയവായി ഈ വിഷയം പരിശോധിക്കുക.,Environment & Forest,Medium
ഈ പ്രശ്നം ശ്രദ്ധിക്കുക: മുനിസിപ്പൽ ഓഫീസ് ഞങ്ങളുടെ പരാതിക്ക് മറുപടി നൽകിയിട്ടില്ല ദയവായി ഈ പ്രശ്നം പരിഹരിക്കുക.,Municipal Corporation,High
ഈ പ്രശ്നം ശ്രദ്ധിക്കുക: ഞങ്ങളുടെ പ്രദേശത്തെ സീവർ ലൈൻ അടഞ്ഞിരിക്കുന്നു,Drainage & Sewerage,High
मुख्य सड़क पर एक बड़ा गड्ढा है,Roads & Highways,Medium
ദയവായി സഹായിക്കണം. ഗ്രാമ ക്ഷേമ പദ്ധതി പരിഗണനയിലാണ് ദയവായി ആവശ്യമായ നടപടി സ്വീകരിക്കുക.,Rural Development / Panchayat,High
ദയവായി ഇത് പരിഹരിക്കുക. എന്റെ റേഷൻ കാർഡ് അപേക്ഷ പരിഗണനയിലാണ്,Food & Civil Supplies,Medium
The sewer is overflowing after rain Please take necessary action.,Drainage & Sewerage,High
मुझे कृषि सब्सिडी के बारे में जानकारी चाहिए,Agriculture,High
இந்த பிரச்சனை குறித்து புகார் அளிக்கிறேன்: எங்கள் தெருவின் அருகே சட்டவிரோத செயல்கள் நடக்கின்றன தயவுசெய்து தேவையான நடவடிக்கை எடுக்கவும்.,Police,High
ഈ പ്രശ്നത്തെക്കുറിച്ച് പരാതി നൽകുന്നു: എന്റെ പുതിയ റേഷൻ കാർഡ് നൽകിയിട്ടില്ല,Food & Civil Supplies,Medium
ദയവായി ഇത് പരിഹരിക്കുക. എന്റെ സാമൂഹിക ക്ഷേമ പെൻഷൻ ലഭിച്ചിട്ടില്ല ദയവായി ഈ പ്രശ്നം പരിഹരിക്കുക.,Social Welfare,Low
ദയവായി ഇത് പരിഹരിക്കുക. ക്ഷേമ പദ്ധതിക്ക് അപേക്ഷിക്കാൻ സഹായം വേണം ദയവായി ഈ പ്രശ്നം പരിഹരിക്കുക.,Social Welfare,Low
ഈ പ്രശ്നത്തെക്കുറിച്ച് പരാതി നൽകുന്നു: ഭൂഗർഭ ഡ്രെയിനേജ് സംവിധാനം അടഞ്ഞിരിക്കുന്നു ദയവായി ഈ വിഷയം പരിശോധിക്കുക.,Drainage & Sewerage,Low
कृपया इस समस्या को देखें: हमारे सरकारी स्कूल में कंप्यूटर नहीं हैं,Education,Medium
इस समस्या पर ध्यान दें: सार्वजनिक बुनियादी ढांचे का रखरखाव खराब है कृपया इस समस्या का समाधान करें।,Public Works,Medium
ആശുപത്രിയിൽ അടിസ്ഥാന മെഡിക്കൽ ഉപകരണങ്ങൾ ഇല്ല ദയവായി ആവശ്യമായ നടപടി സ്വീകരിക്കുക.,Health,High
தயவுசெய்து உதவுங்கள். சட்டவிரோத மர வெட்டலை புகார் செய்ய வேண்டும் இந்த பிரச்சனையை கவனிக்கவும்.,Environment & Forest,High
कृपया मदद करें। मुझे कल्याण योजना के लिए आवेदन करने में सहायता चाहिए कृपया आवश्यक कार्रवाई करें।,Social Welfare,Medium
इस समस्या पर ध्यान दें: हमारे क्षेत्र में पर्याप्त बस सेवाएं नहीं हैं कृपया आवश्यक कार्रवाई करें।,Transport,Low
ഈ പ്രശ്നത്തെക്കുറിച്ച് പരാതി നൽകുന്നു: വിളനാശത്തിന് സഹായം ആവശ്യമാണ് ദയവായി ആവശ്യമായ നടപടി സ്വീകരിക്കുക.,Agriculture,Medium
Please help. I have not received my worker welfare payment Please look into this matter.,Labour & Employment,Low
I would like to complain that The nutrition service for children is unavailable,Women & Child Welfare,Low
ദയവായി ഇത് പരിഹരിക്കുക. എന്റെ തൊഴിലില്ലായ്മ സഹായ അപേക്ഷ പരിഗണനയിലാണ്,Labour & Employment,Medium
இந்த பிரச்சனை குறித்து புகார் அளிக்கிறேன்: எங்கள் பகுதியில் உள்ள பூங்கா பயன்படுத்த முடியாத நிலையில் உள்ளது தயவுசெய்து இந்த பிரச்சனையை தீர்க்கவும்.,Municipal Corporation,Medium
தயவுசெய்து இதை சரி செய்யுங்கள். அரசு இணையதளம் மிகவும் மெதுவாக உள்ளது,e-Governance,Medium
मैं शिकायत करना चाहता हूं कि मुझे भूमि स्वामित्व रिकॉर्ड अपडेट करना है कृपया आवश्यक कार्रवाई करें।,Revenue & Land Records,High
தயவுசெய்து இதை சரி செய்யுங்கள். நிலத்தடி கழிவுநீர் அமைப்பு அடைத்துள்ளது,Drainage & Sewerage,High
मैं शिकायत करना चाहता हूं कि मेरा राशन कार्ड आवेदन लंबित है,Food & Civil Supplies,Medium
தயவுசெய்து உதவுங்கள். அரசுப் பள்ளியில் போதுமான ஆசிரியர்கள் இல்லை இந்த பிரச்சனையை கவனிக்கவும்.,Education,Medium
தயவுசெய்து இதை சரி செய்யுங்கள். எனது சேர்க்கை விண்ணப்பம் இன்னும் நிலுவையில் உள்ளது,Education,Medium
எங்கள் கிராமத்திற்கு அருகிலுள்ள சாலை பள்ளங்களால் நிறைந்துள்ளது இந்த பிரச்சனையை கவனிக்கவும்.,Roads & Highways,Medium
ദയവായി ഇത് പരിഹരിക്കുക. ഞങ്ങളുടെ പ്രദേശത്ത് കുടിവെള്ള വിതരണം ഇല്ല ദയവായി ആവശ്യമായ നടപടി സ്വീകരിക്കുക.,Water Services,Low
ദയവായി ഇത് പരിഹരിക്കുക. പഞ്ചായത്ത് ഗ്രാമത്തിലെ സൗകര്യങ്ങൾ നന്നാക്കിയിട്ടില്ല,Rural Development / Panchayat,Medium
Please help. I need a copy of the land survey map,Revenue & Land Records,Medium
பொது கட்டிடத்தின் சுவர்களில் விரிசல்கள் உள்ளன தயவுசெய்து இந்த பிரச்சனையை தீர்க்கவும்.,Public Works,Low
இந்த பிரச்சனையை கவனிக்கவும்: எனது அரசு சான்றிதழை பதிவிறக்கம் செய்ய முடியவில்லை இந்த பிரச்சனையை கவனிக்கவும்.,e-Governance,High
இந்த பிரச்சனை குறித்து புகார் அளிக்கிறேன்: எனக்கு மிரட்டல் செய்தி வந்துள்ளது இந்த பிரச்சனையை கவனிக்கவும்.,Police,High
सरकारी स्वास्थ्य केंद्र में डॉक्टर उपलब्ध नहीं हैं,Health,Low
कृपया इस समस्या को देखें: सरकारी भवन में तत्काल रखरखाव की जरूरत है कृपया इस समस्या का समाधान करें।,Public Works,Medium
எனது கல்வி உதவித்தொகை விண்ணப்பம் நிலுவையில் உள்ளது தயவுசெய்து இந்த பிரச்சனையை தீர்க்கவும்.,Education,Medium
इस समस्या पर ध्यान दें: मेरे भूमि रिकॉर्ड में गलत जानकारी दर्ज है,Revenue & Land Records,Low
कृपया इस समस्या को देखें: हमारे इलाके की सीवर लाइन बंद है कृपया इस मामले को देखें।,Drainage & Sewerage,Medium
தண்ணீர் விநியோக அட்டவணை பின்பற்றப்படவில்லை,Water Services,Low
I would like to complain that I need information about public transport services Kindly resolve this issue.,Transport,High
சட்டவிரோத மர வெட்டலை புகார் செய்ய வேண்டும் தயவுசெய்து இந்த பிரச்சனையை தீர்க்கவும்.,Environment & Forest,Medium
ദയവായി സഹായിക്കണം. ക്ഷേമ ഓഫീസ് മറുപടി നൽകിയിട്ടില്ല ദയവായി ഈ പ്രശ്നം പരിഹരിക്കുക.,Social Welfare,Medium
Kindly look into this: I need information about social welfare schemes Please take necessary action.,Social Welfare,Medium
எனது நலத்திட்ட விண்ணப்பம் நிலுவையில் உள்ளது,Social Welfare,High
कृपया मदद करें। हमारा बिजली कनेक्शन बार बार बंद हो रहा है कृपया आवश्यक कार्रवाई करें।,Electricity,High
Please help. My housing assistance application is pending,Housing,Medium
इस समस्या पर ध्यान दें: मेरा राजस्व प्रमाणपत्र जारी नहीं हुआ है कृपया आवश्यक कार्रवाई करें।,Revenue & Land Records,High
I would like to complain that I cannot submit my application online,e-Governance,High
बिजली कटने के बाद आपूर्ति अभी तक बहाल नहीं हुई है,Electricity,Medium
लोग सड़क के किनारे कचरा फेंक रहे हैं कृपया आवश्यक कार्रवाई करें।,Waste Management,Medium
இந்த பிரச்சனை குறித்து புகார் அளிக்கிறேன்: ரேஷன் அட்டை விவரங்களை புதுப்பிக்க வேண்டும் தயவுசெய்து தேவையான நடவடிக்கை எடுக்கவும்.,Food & Civil Supplies,High
मैं शिकायत करना चाहता हूं कि मेरे लाभार्थी विवरण गलत हैं कृपया आवश्यक कार्रवाई करें।,Social Welfare,Low
मेरा किसान सब्सिडी आवेदन लंबित है कृपया इस समस्या का समाधान करें।,Agriculture,Medium
Please help. The agriculture officer has not visited our village Please look into this matter.,Agriculture,Medium
Please help. The government building drainage needs repair Please take necessary action.,Public Works,Medium
मैं शिकायत करना चाहता हूं कि किसी ने मेरी संपत्ति को नुकसान पहुंचाया है,Police,High
ദയവായി സഹായിക്കണം. മലിനജലം ഞങ്ങളുടെ പ്രദേശത്തേക്ക് ഒഴുകുന്നു ദയവായി ആവശ്യമായ നടപടി സ്വീകരിക്കുക.,Drainage & Sewerage,Low
Please help. The government hospital does not have essential medicines,Health,High
मुख्य सड़क की मरम्मत की जरूरत है कृपया इस मामले को देखें।,Roads & Highways,Medium
I want to report that I need information about agricultural subsidies Please take necessary action.,Agriculture,Low
മലിനജലം ഞങ്ങളുടെ പ്രദേശത്തേക്ക് ഒഴുകുന്നു ദയവായി ഈ പ്രശ്നം പരിഹരിക്കുക.,Drainage & Sewerage,High
I would like to complain that The college has not issued my certificate,Education,Low
ദയവായി സഹായിക്കണം. എന്റെ തൊഴിലാളി രജിസ്ട്രേഷൻ വിവരങ്ങൾ തെറ്റാണ് ദയവായി ആവശ്യമായ നടപടി സ്വീകരിക്കുക.,Labour & Employment,Low
मैं शिकायत करना चाहता हूं कि हमारे क्षेत्र का बाल देखभाल केंद्र काम नहीं कर रहा है,Women & Child Welfare,Medium
Kindly look into this: The welfare office has not responded,Social Welfare,Medium
தயவுசெய்து இதை சரி செய்யுங்கள். எங்கள் பகுதியில் தண்ணீர் விநியோகம் நிறுத்தப்பட்டுள்ளது இந்த பிரச்சனையை கவனிக்கவும்.,Water Services,High
ആരോ എന്റെ സ്വത്തിന് കേടുപാടുകൾ വരുത്തി ദയവായി ഈ പ്രശ്നം പരിഹരിക്കുക.,Police,High
ദയവായി ഇത് പരിഹരിക്കുക. എന്റെ മുതിർന്ന പൗരൻ ആനുകൂല്യം പരിഗണനയിലാണ് ദയവായി ഈ പ്രശ്നം പരിഹരിക്കുക.,Social Welfare,Medium
இந்த பிரச்சனை குறித்து புகார் அளிக்கிறேன்: எங்கள் பகுதியில் தினமும் மின்தடை ஏற்படுகிறது இந்த பிரச்சனையை கவனிக்கவும்.,Electricity,Low
ദയവായി സഹായിക്കണം. സർക്കാർ വെബ്സൈറ്റിൽ പിശക് കാണിക്കുന്നു,e-Governance,Medium
இந்த பிரச்சனை குறித்து புகார் அளிக்கிறேன்: எங்கள் பகுதியில் தினமும் மின்தடை ஏற்படுகிறது தயவுசெய்து தேவையான நடவடிக்கை எடுக்கவும்.,Electricity,Medium
I want to report that The government school does not have enough teachers Please take necessary action.,Education,Low
सरकारी बसें नियमित रूप से नहीं चल रही हैं कृपया आवश्यक कार्रवाई करें।,Transport,Low
मेरा राजस्व प्रमाणपत्र जारी नहीं हुआ है कृपया आवश्यक कार्रवाई करें।,Revenue & Land Records,Medium
தயவுசெய்து இதை சரி செய்யுங்கள். எனது வருவாய் சான்றிதழ் வழங்கப்படவில்லை இந்த பிரச்சனையை கவனிக்கவும்.,Revenue & Land Records,Medium
ഈ പ്രശ്നം ശ്രദ്ധിക്കുക: ഞങ്ങളുടെ വൈദ്യുതി കണക്ഷൻ ഇടയ്ക്കിടെ തടസ്സപ്പെടുന്നു,Electricity,Medium
I would like to complain that My farmer subsidy application is pending Please look into this matter.,Agriculture,Medium
इस समस्या पर ध्यान दें: भूमि पंजीकरण प्रक्रिया में देरी हो रही है कृपया आवश्यक कार्रवाई करें।,Revenue & Land Records,Medium
Kindly look into this: My labour welfare application has not been processed,Labour & Employment,Medium
कृपया मदद करें। औद्योगिक इकाई से बहुत अधिक धुआं निकल रहा है कृपया आवश्यक कार्रवाई करें।,Environment & Forest,Medium
सार्वजनिक बस में अक्सर बहुत भीड़ होती है कृपया इस समस्या का समाधान करें।,Transport,High
ഈ പ്രശ്നത്തെക്കുറിച്ച് പരാതി നൽകുന്നു: പൊതു കെട്ടിടത്തിലെ ജനലുകൾ തകർന്നിട്ടുണ്ട് ദയവായി ഈ പ്രശ്നം പരിഹരിക്കുക.,Public Works,Medium
ദയവായി സഹായിക്കണം. ഞങ്ങളുടെ വയലിലേക്കുള്ള ജലസേചന കനാൽ കേടായിട്ടുണ്ട് ദയവായി ആവശ്യമായ നടപടി സ്വീകരിക്കുക.,Agriculture,Medium
ரேஷன் கடையில் உணவுப் பொருட்கள் போதுமானதாக இல்லை இந்த பிரச்சனையை கவனிக்கவும்.,Food & Civil Supplies,Medium
ഡിജിറ്റൽ സർക്കാർ സേവനം ലഭ്യമല്ല ദയവായി ഈ പ്രശ്നം പരിഹരിക്കുക.,e-Governance,High
I would like to complain that A factory is causing serious air pollution,Environment & Forest,High
कृपया मदद करें। मुझे अपना रोजगार लाभ नहीं मिला है,Labour & Employment,Low
தயவுசெய்து இதை சரி செய்யுங்கள். குழந்தைகளுக்கான ஊட்டச்சத்து சேவை கிடைக்கவில்லை,Women & Child Welfare,Low
I would like to complain that The government hostel needs better facilities Please take necessary action.,Education,High
कृपया मदद करें। हमारे सरकारी स्कूल में कंप्यूटर नहीं हैं कृपया इस मामले को देखें।,Education,High
ദയവായി സഹായിക്കണം. വീട്ടുമാലിന്യം വീടുകൾക്ക് സമീപം കെട്ടിക്കിടക്കുന്നു,Waste Management,Medium
சேகரிக்கப்படாத குப்பையால் துர்நாற்றம் ஏற்படுகிறது தயவுசெய்து இந்த பிரச்சனையை தீர்க்கவும்.,Waste Management,High
ഈ പ്രശ്നം ശ്രദ്ധിക്കുക: സർക്കാർ ബസ് സമയക്രമം പാലിക്കുന്നില്ല,Transport,High
ദയവായി സഹായിക്കണം. എന്റെ പ്രസവാനുകൂല്യ അപേക്ഷ പരിഗണനയിലാണ്,Women & Child Welfare,Low
I want to report that My welfare scheme application is pending Please take necessary action.,Social Welfare,Medium
ദയവായി ഇത് പരിഹരിക്കുക. ആംബുലൻസ് സേവനം പ്രതികരിക്കുന്നില്ല ദയവായി ഈ പ്രശ്നം പരിഹരിക്കുക.,Health,High
इस समस्या पर ध्यान दें: कॉलेज ने मेरा प्रमाणपत्र जारी नहीं किया है,Education,Medium
தயவுசெய்து இதை சரி செய்யுங்கள். பொது கட்டிடத்தின் கதவுகள் சேதமடைந்துள்ளன,Public Works,Medium
ഈ പ്രശ്നം ശ്രദ്ധിക്കുക: ഞങ്ങളുടെ പ്രദേശത്ത് കുടിവെള്ള വിതരണം ഇല്ല,Water Services,Medium
தயவுசெய்து உதவுங்கள். எங்கள் பகுதியில் தண்ணீர் விநியோகம் நிறுத்தப்பட்டுள்ளது தயவுசெய்து இந்த பிரச்சனையை தீர்க்கவும்.,Water Services,Low
Please help. The road repair work has been delayed Please look into this matter.,Roads & Highways,Medium
I want to report that My ration card application is pending Please take necessary action.,Food & Civil Supplies,High
नगर निगम कार्यालय ने हमारी शिकायत का जवाब नहीं दिया कृपया आवश्यक कार्रवाई करें।,Municipal Corporation,Low
இந்த பிரச்சனை குறித்து புகார் அளிக்கிறேன்: எனது மாதாந்திர ஓய்வூதியம் கிடைக்கவில்லை இந்த பிரச்சனையை கவனிக்கவும்.,Social Welfare,Medium
ഈ പ്രശ്നത്തെക്കുറിച്ച് പരാതി നൽകുന്നു: കേടായ റോഡ് കാരണം അപകടങ്ങൾ ഉണ്ടാകുന്നു ദയവായി ഈ പ്രശ്നം പരിഹരിക്കുക.,Roads & Highways,Medium
தயவுசெய்து உதவுங்கள். எங்கள் பள்ளியில் சரியான வகுப்பறை வசதிகள் இல்லை தயவுசெய்து தேவையான நடவடிக்கை எடுக்கவும்.,Education,High
இந்த பிரச்சனையை கவனிக்கவும்: குழந்தைகளுக்கான ஊட்டச்சத்து சேவை கிடைக்கவில்லை,Women & Child Welfare,Medium
मैं अवैध पेड़ कटाई की शिकायत करना चाहता हूं कृपया इस मामले को देखें।,Environment & Forest,Low
I want to report that The food supply at the ration shop is insufficient Please look into this matter.,Food & Civil Supplies,Medium
हमारे खेत की सिंचाई नहर खराब हो गई है कृपया इस मामले को देखें।,Agriculture,Low
ഈ പ്രശ്നം ശ്രദ്ധിക്കുക: എന്റെ കുട്ടിയുടെ ക്ഷേമ അപേക്ഷ വൈകിയിരിക്കുന്നു ദയവായി ആവശ്യമായ നടപടി സ്വീകരിക്കുക.,Women & Child Welfare,Low
ദയവായി സഹായിക്കണം. എന്റെ തൊഴിൽ സർട്ടിഫിക്കറ്റ് വൈകിയിരിക്കുന്നു ദയവായി ആവശ്യമായ നടപടി സ്വീകരിക്കുക.,Labour & Employment,Medium
தயவுசெய்து உதவுங்கள். வீடு கட்டுவதற்கான மானியம் இன்னும் வரவில்லை தயவுசெய்து இந்த பிரச்சனையை தீர்க்கவும்.,Housing,Medium
Kindly look into this: The public toilet in our locality is not maintained,Municipal Corporation,Low
എനിക്ക് തൊഴിൽ ആനുകൂല്യം ലഭിച്ചിട്ടില്ല ദയവായി ഈ പ്രശ്നം പരിഹരിക്കുക.,Labour & Employment,Medium
இந்த பிரச்சனை குறித்து புகார் அளிக்கிறேன்: எங்கள் பள்ளி அருகே ஆபத்தான முறையில் வாகனங்கள் ஓட்டப்படுகின்றன தயவுசெய்து தேவையான நடவடிக்கை எடுக்கவும்.,Police,High
இந்த பிரச்சனை குறித்து புகார் அளிக்கிறேன்: எங்கள் பள்ளி அருகே ஆபத்தான முறையில் வாகனங்கள் ஓட்டப்படுகின்றன இந்த பிரச்சனையை கவனிக்கவும்.,Police,Medium
ദയവായി ഇത് പരിഹരിക്കുക. എനിക്ക് വനിതാ ക്ഷേമ വകുപ്പിന്റെ സഹായം വേണം ദയവായി ഈ വിഷയം പരിശോധിക്കുക.,Women & Child Welfare,Medium
ദയവായി സഹായിക്കണം. വ്യവസായ യൂണിറ്റിൽ നിന്ന് അമിതമായ പുക വരുന്നു ദയവായി ഈ പ്രശ്നം പരിഹരിക്കുക.,Environment & Forest,Low
ഈ പ്രശ്നത്തെക്കുറിച്ച് പരാതി നൽകുന്നു: എന്റെ ഓൺലൈൻ അപേക്ഷയുടെ സ്ഥിതി മാറിയിട്ടില്ല,e-Governance,Low
कृपया इस समस्या को देखें: सार्वजनिक पानी की पाइपलाइन में रिसाव है कृपया इस मामले को देखें।,Water Services,High
Please help. The rural welfare project is pending Kindly resolve this issue.,Rural Development / Panchayat,Medium
I would like to complain that The nutrition service for children is unavailable Please look into this matter.,Women & Child Welfare,Low
இந்த பிரச்சனையை கவனிக்கவும்: எங்கள் பகுதியில் நேற்று முதல் மின்சாரம் இல்லை தயவுசெய்து இந்த பிரச்சனையை தீர்க்கவும்.,Electricity,Critical
मैं शिकायत करना चाहता हूं कि सड़क के किनारे खुले में कचरा पड़ा है कृपया इस मामले को देखें।,Waste Management,High
தயவுசெய்து உதவுங்கள். தடுப்பூசி சேவை கிடைக்கவில்லை இந்த பிரச்சனையை கவனிக்கவும்.,Health,Low
ഈ പ്രശ്നത്തെക്കുറിച്ച് പരാതി നൽകുന്നു: ക്ഷേമ പദ്ധതിക്ക് അപേക്ഷിക്കാൻ സഹായം വേണം ദയവായി ഈ വിഷയം പരിശോധിക്കുക.,Social Welfare,High
I want to report that The government facility roof is leaking Kindly resolve this issue.,Public Works,Medium
இந்த பிரச்சனை குறித்து புகார் அளிக்கிறேன்: பட்டா மாற்ற விண்ணப்பம் நிலுவையில் உள்ளது,Revenue & Land Records,Medium
ദയവായി സഹായിക്കണം. വെള്ള വിതരണ സമയക്രമം പാലിക്കുന്നില്ല ദയവായി ഈ വിഷയം പരിശോധിക്കുക.,Water Services,Medium
இந்த பிரச்சனை குறித்து புகார் அளிக்கிறேன்: தெருவில் குப்பைகள் அகற்றப்படவில்லை,Waste Management,Medium
Kindly look into this: The health centre is overcrowded Please look into this matter.,Health,Medium
हमारे गांव के सामुदायिक भवन को रखरखाव की जरूरत है कृपया इस समस्या का समाधान करें।,Rural Development / Panchayat,Low
ഈ പ്രശ്നത്തെക്കുറിച്ച് പരാതി നൽകുന്നു: എനിക്ക് തൊഴിൽ ആനുകൂല്യം ലഭിച്ചിട്ടില്ല,Labour & Employment,Medium
The overhead water tank is not receiving water,Water Services,High
I would like to complain that The public water pipeline is leaking Please look into this matter.,Water Services,Medium
தயவுசெய்து இதை சரி செய்யுங்கள். எனது விவசாய மானிய விண்ணப்பம் நிலுவையில் உள்ளது தயவுசெய்து தேவையான நடவடிக்கை எடுக்கவும்.,Agriculture,Medium
I would like to complain that The agriculture officer has not visited our village,Agriculture,Medium
कृपया इस समस्या को देखें: मुझे आवास योजना के आवेदन में सहायता चाहिए कृपया आवश्यक कार्रवाई करें।,Housing,Medium
I want to report that There is an error in my property record Kindly resolve this issue.,Revenue & Land Records,Medium
இந்த பிரச்சனை குறித்து புகார் அளிக்கிறேன்: எனது வேலைவாய்ப்பு சான்றிதழ் தாமதமாகியுள்ளது தயவுசெய்து இந்த பிரச்சனையை தீர்க்கவும்.,Labour & Employment,Low
कृपया इस समस्या को देखें: हमारी सड़क के पास ड्रेनेज पाइप टूट गया है कृपया इस मामले को देखें।,Drainage & Sewerage,Low
मुझे श्रमिक कल्याण भुगतान नहीं मिला है,Labour & Employment,High
மருத்துவமனை மருந்தகத்தில் மருந்துகள் இல்லை தயவுசெய்து தேவையான நடவடிக்கை எடுக்கவும்.,Health,Medium
தயவுசெய்து உதவுங்கள். எனது குழந்தை நலத்தொகை கிடைக்கவில்லை தயவுசெய்து இந்த பிரச்சனையை தீர்க்கவும்.,Women & Child Welfare,High
मैं शिकायत करना चाहता हूं कि मेरी संपत्ति के रिकॉर्ड में गलती है कृपया इस समस्या का समाधान करें।,Revenue & Land Records,Medium
I want to report that There is noise pollution from a factory Kindly resolve this issue.,Environment & Forest,Medium
I would like to complain that I want to report illegal tree cutting Kindly resolve this issue.,Environment & Forest,Low
ദയവായി സഹായിക്കണം. ആശുപത്രിയിൽ അടിസ്ഥാന മെഡിക്കൽ ഉപകരണങ്ങൾ ഇല്ല ദയവായി ആവശ്യമായ നടപടി സ്വീകരിക്കുക.,Health,Medium
I want to report that There is illegal activity near our street Please look into this matter.,Police,High
मैं शिकायत करना चाहता हूं कि सड़क के पास बिजली का तार खतरनाक तरीके से लटक रहा है कृपया आवश्यक कार्रवाई करें।,Electricity,High
இந்த பிரச்சனையை கவனிக்கவும்: அரசு கட்டிடத்தின் கூரையில் கசிவு உள்ளது தயவுசெய்து தேவையான நடவடிக்கை எடுக்கவும்.,Public Works,Low
ഈ പ്രശ്നം ശ്രദ്ധിക്കുക: എന്റെ തൊഴിലാളി രജിസ്ട്രേഷൻ വിവരങ്ങൾ തെറ്റാണ് ദയവായി ആവശ്യമായ നടപടി സ്വീകരിക്കുക.,Labour & Employment,High
I want to report that The ration dealer is charging extra money Please take necessary action.,Food & Civil Supplies,High
தயவுசெய்து இதை சரி செய்யுங்கள். அரசு கட்டிடத்திற்கு அவசர பராமரிப்பு தேவை,Public Works,Medium
मैं शिकायत करना चाहता हूं कि मुझे धमकी भरा संदेश मिला है कृपया इस समस्या का समाधान करें।,Police,High
இந்த பிரச்சனை குறித்து புகார் அளிக்கிறேன்: விவசாய மானியங்கள் குறித்து தகவல் வேண்டும் தயவுசெய்து இந்த பிரச்சனையை தீர்க்கவும்.,Agriculture,High
मैं शिकायत करना चाहता हूं कि मुझे कृषि सब्सिडी के बारे में जानकारी चाहिए कृपया आवश्यक कार्रवाई करें।,Agriculture,High
ദയവായി ഇത് പരിഹരിക്കുക. ഹൈവേയുടെ ഉപരിതലം വളരെ മോശമായി കേടായിട്ടുണ്ട് ദയവായി ഈ പ്രശ്നം പരിഹരിക്കുക.,Roads & Highways,High
இந்த பிரச்சனையை கவனிக்கவும்: எங்கள் தெருவை நகராட்சி ஊழியர்கள் சுத்தம் செய்யவில்லை தயவுசெய்து இந்த பிரச்சனையை தீர்க்கவும்.,Municipal Corporation,Medium
मेरा आवास सहायता आवेदन लंबित है कृपया इस समस्या का समाधान करें।,Housing,High
ഈ പ്രശ്നം ശ്രദ്ധിക്കുക: പൊതു ഓഫീസ് കെട്ടിടത്തിൽ ഘടനാപരമായ കേടുപാടുണ്ട് ദയവായി ഈ പ്രശ്നം പരിഹരിക്കുക.,Public Works,Medium
इस समस्या पर ध्यान दें: मैं अपना सरकारी प्रमाणपत्र डाउनलोड नहीं कर सकता कृपया आवश्यक कार्रवाई करें।,e-Governance,Low
कृपया इस समस्या को देखें: कारखाने से ध्वनि प्रदूषण हो रहा है कृपया आवश्यक कार्रवाई करें।,Environment & Forest,High
Please help. The welfare office has not responded,Social Welfare,Medium
தயவுசெய்து உதவுங்கள். பொது கட்டிடத்தின் கதவுகள் சேதமடைந்துள்ளன தயவுசெய்து இந்த பிரச்சனையை தீர்க்கவும்.,Public Works,Low
தயவுசெய்து இதை சரி செய்யுங்கள். சாலை பழுதுபார்ப்பு பணி தாமதமாகியுள்ளது,Roads & Highways,High
இந்த பிரச்சனை குறித்து புகார் அளிக்கிறேன்: ஒரு தொழிற்சாலை கடுமையான காற்று மாசை ஏற்படுத்துகிறது,Environment & Forest,Medium
ഈ പ്രശ്നം ശ്രദ്ധിക്കുക: സർക്കാർ ക്ലിനിക്ക് ജോലി സമയത്ത് തുറക്കുന്നില്ല,Health,Low
Kindly look into this: I need information about social welfare schemes Kindly resolve this issue.,Social Welfare,Low
इस समस्या पर ध्यान दें: कचरा वाहन हमारे इलाके में आना बंद कर चुका है कृपया इस समस्या का समाधान करें।,Waste Management,Medium
कृपया इस समस्या को देखें: मेरे डिजिटल आवेदन पर कार्रवाई नहीं हुई है,e-Governance,Medium
कृषि अधिकारी हमारे गांव में नहीं आए हैं कृपया इस मामले को देखें।,Agriculture,Medium
தயவுசெய்து இதை சரி செய்யுங்கள். நெடுஞ்சாலை மிகவும் சேதமடைந்துள்ளது தயவுசெய்து இந்த பிரச்சனையை தீர்க்கவும்.,Roads & Highways,High
I would like to complain that My housing assistance application is pending Kindly resolve this issue.,Housing,Medium
സർക്കാർ ആശുപത്രിയിൽ കിടക്കകൾ ലഭ്യമല്ല ദയവായി ഈ പ്രശ്നം പരിഹരിക്കുക.,Health,Medium
कृपया मदद करें। मेरे बच्चे का कल्याण लाभ नहीं मिला है कृपया आवश्यक कार्रवाई करें।,Women & Child Welfare,Medium
தயவுசெய்து உதவுங்கள். வனப்பகுதி ஆக்கிரமிக்கப்படுகிறது தயவுசெய்து இந்த பிரச்சனையை தீர்க்கவும்.,Environment & Forest,Medium
I want to report that A sewage manhole is overflowing Please look into this matter.,Drainage & Sewerage,High
Kindly look into this: Garbage has not been collected from our street Kindly resolve this issue.,Waste Management,Low
बस शेल्टर खराब हो गया है कृपया इस समस्या का समाधान करें।,Transport,Medium
सरकारी स्कूल में पर्याप्त शिक्षक नहीं हैं कृपया आवश्यक कार्रवाई करें।,Education,High
ഈ പ്രശ്നം ശ്രദ്ധിക്കുക: സർക്കാർ കെട്ടിടത്തിന്റെ മേൽക്കൂരയിൽ ചോർച്ചയുണ്ട് ദയവായി ആവശ്യമായ നടപടി സ്വീകരിക്കുക.,Public Works,Medium
मैं शिकायत करना चाहता हूं कि मेरा राजस्व प्रमाणपत्र जारी नहीं हुआ है कृपया आवश्यक कार्रवाई करें।,Revenue & Land Records,Low
Kindly look into this: I need to file a police complaint Please take necessary action.,Police,Medium
ദയവായി സഹായിക്കണം. എന്റെ വാഹനം മോഷണം പോയി ദയവായി ഈ വിഷയം പരിശോധിക്കുക.,Police,High
இந்த பிரச்சனையை கவனிக்கவும்: எங்கள் பகுதியில் போதுமான பேருந்து சேவைகள் இல்லை,Transport,High
Please help. My ration card contains incorrect details,Food & Civil Supplies,Medium
Kindly look into this: The digital government service is unavailable Kindly resolve this issue.,e-Governance,Medium
I want to report that The government office requires electrical repairs Kindly resolve this issue.,Public Works,Medium
ദയവായി സഹായിക്കണം. വൈദ്യുതി മീറ്റർ ശരിയായി പ്രവർത്തിക്കുന്നില്ല ദയവായി ഈ വിഷയം പരിശോധിക്കുക.,Electricity,High
Please help. The government website is showing an error,e-Governance,Medium
எனது வாகனம் திருடப்பட்டுள்ளது,Police,Critical
मैं शिकायत करना चाहता हूं कि हमारे इलाके में पीने के पानी की आपूर्ति नहीं है कृपया इस समस्या का समाधान करें।,Water Services,High
मैं शिकायत करना चाहता हूं कि मुझे भूमि सर्वेक्षण मानचित्र की प्रति चाहिए कृपया आवश्यक कार्रवाई करें।,Revenue & Land Records,Low
ഈ പ്രശ്നത്തെക്കുറിച്ച് പരാതി നൽകുന്നു: എനിക്ക് ഭീഷണി സന്ദേശം ലഭിച്ചു ദയവായി ഈ പ്രശ്നം പരിഹരിക്കുക.,Police,High
Please help. My worker registration details are incorrect Please take necessary action.,Labour & Employment,Medium
कृपया इस समस्या को देखें: मेरा कल्याण प्रमाणपत्र जारी नहीं हुआ है कृपया इस मामले को देखें।,Social Welfare,Medium
I would like to complain that The public facility in our ward requires maintenance,Municipal Corporation,Medium
ஆன்லைன் குடிமக்கள் சேவையை அணுக முடியவில்லை தயவுசெய்து தேவையான நடவடிக்கை எடுக்கவும்.,e-Governance,Medium
Please help. My labour registration application is pending Please look into this matter.,Labour & Employment,Medium
Kindly look into this: The online service keeps timing out Please look into this matter.,e-Governance,High
ദയവായി ഇത് പരിഹരിക്കുക. വനിതാ ക്ഷേമ പദ്ധതികളെക്കുറിച്ച് വിവരം വേണം ദയവായി ആവശ്യമായ നടപടി സ്വീകരിക്കുക.,Women & Child Welfare,High
தயவுசெய்து இதை சரி செய்யுங்கள். ஒரு தொழிற்சாலை கடுமையான காற்று மாசை ஏற்படுத்துகிறது,Environment & Forest,Medium
இந்த பிரச்சனையை கவனிக்கவும்: சேதமடைந்த சாலையால் விபத்துகள் ஏற்படுகின்றன,Roads & Highways,High
ഈ പ്രശ്നം ശ്രദ്ധിക്കുക: സർക്കാർ ഓഫീസിൽ വൈദ്യുതി അറ്റകുറ്റപ്പണി വേണം ദയവായി ആവശ്യമായ നടപടി സ്വീകരിക്കുക.,Public Works,Low
Please help. I need help applying for a welfare scheme Please look into this matter.,Social Welfare,High
இந்த பிரச்சனையை கவனிக்கவும்: பேருந்து நிறுத்த நிழற்குடை சேதமடைந்துள்ளது,Transport,Medium
ദയവായി ഇത് പരിഹരിക്കുക. എന്റെ സ്വത്തിന്റെ സർവേ വിവരങ്ങൾ തെറ്റാണ് ദയവായി ആവശ്യമായ നടപടി സ്വീകരിക്കുക.,Revenue & Land Records,Medium
कृपया मदद करें। हमारी सड़क से कचरा नहीं उठाया गया है,Waste Management,High
ദയവായി സഹായിക്കണം. എന്റെ തൊഴിലാളി രജിസ്ട്രേഷൻ വിവരങ്ങൾ തെറ്റാണ്,Labour & Employment,High
தயவுசெய்து உதவுங்கள். ரேஷன் அட்டை விவரங்களை புதுப்பிக்க வேண்டும் தயவுசெய்து தேவையான நடவடிக்கை எடுக்கவும்.,Food & Civil Supplies,High
தயவுசெய்து உதவுங்கள். அரசு அலுவலக கட்டிடத்திற்கு பழுது பார்க்க வேண்டும் இந்த பிரச்சனையை கவனிக்கவும்.,Public Works,Low
बारिश के दौरान सड़क बहुत खतरनाक हो जाती है कृपया आवश्यक कार्रवाई करें।,Roads & Highways,Critical
Kindly look into this: The highway surface is badly damaged,Roads & Highways,Medium
इस समस्या पर ध्यान दें: मुझे कृषि सब्सिडी के बारे में जानकारी चाहिए कृपया इस मामले को देखें।,Agriculture,Medium
தயவுசெய்து உதவுங்கள். எனது குழந்தை நலத்தொகை கிடைக்கவில்லை தயவுசெய்து தேவையான நடவடிக்கை எடுக்கவும்.,Women & Child Welfare,Low
कारखाने से ध्वनि प्रदूषण हो रहा है कृपया इस समस्या का समाधान करें।,Environment & Forest,Low
ഈ പ്രശ്നത്തെക്കുറിച്ച് പരാതി നൽകുന്നു: റോഡിന് സമീപമുള്ള വൈദ്യുതി വയർ അപകടകരമായി തൂങ്ങിയിരിക്കുന്നു ദയവായി ഈ വിഷയം പരിശോധിക്കുക.,Electricity,High
பொது தண்ணீர் குழாய் வேலை செய்யவில்லை தயவுசெய்து இந்த பிரச்சனையை தீர்க்கவும்.,Water Services,High
एक विवाद में पुलिस की सहायता चाहिए,Police,Low
ദയവായി സഹായിക്കണം. തെരുവ് ശുചീകരണ സമയക്രമം പാലിക്കുന്നില്ല ദയവായി ആവശ്യമായ നടപടി സ്വീകരിക്കുക.,Municipal Corporation,Medium
इस समस्या पर ध्यान दें: हमारे क्षेत्र के पास तेज रासायनिक गंध है,Environment & Forest,Medium
இந்த பிரச்சனையை கவனிக்கவும்: யாரோ எனது சொத்தை சேதப்படுத்தியுள்ளனர் தயவுசெய்து இந்த பிரச்சனையை தீர்க்கவும்.,Police,Medium
Please help. People are dumping waste on the roadside Kindly resolve this issue.,Waste Management,Medium
இந்த பிரச்சனையை கவனிக்கவும்: கழிவுநீர் கால்வாய் நிரம்பியுள்ளது தயவுசெய்து தேவையான நடவடிக்கை எடுக்கவும்.,Drainage & Sewerage,Medium
इस समस्या पर ध्यान दें: बारिश के दौरान सड़क बहुत खतरनाक हो जाती है कृपया इस समस्या का समाधान करें।,Roads & Highways,High
I would like to complain that I have not received my monthly pension,Social Welfare,Medium
मैं शिकायत करना चाहता हूं कि मेरा कल्याण योजना आवेदन लंबित है,Social Welfare,Medium
ഈ പ്രശ്നം ശ്രദ്ധിക്കുക: പ്രധാന റോഡിൽ വലിയ കുഴിയുണ്ട് ദയവായി ആവശ്യമായ നടപടി സ്വീകരിക്കുക.,Roads & Highways,Medium
தயவுசெய்து இதை சரி செய்யுங்கள். எங்கள் பகுதியில் உள்ள குப்பைத் தொட்டிகள் நிரம்பி வழிகின்றன இந்த பிரச்சனையை கவனிக்கவும்.,Waste Management,Medium
இந்த பிரச்சனையை கவனிக்கவும்: கழிவுநீரால் துர்நாற்றம் ஏற்படுகிறது இந்த பிரச்சனையை கவனிக்கவும்.,Drainage & Sewerage,Medium
இந்த பிரச்சனை குறித்து புகார் அளிக்கிறேன்: நெடுஞ்சாலையில் பல விரிசல்கள் உள்ளன,Roads & Highways,Medium
ദയവായി സഹായിക്കണം. സർക്കാർ ബസ് സമയക്രമം പാലിക്കുന്നില്ല,Transport,Medium
ദയവായി സഹായിക്കണം. കർഷകർക്ക് ജലസേചന വെള്ളം ലഭിക്കുന്നില്ല ദയവായി ഈ പ്രശ്നം പരിഹരിക്കുക.,Agriculture,Medium
தயவுசெய்து உதவுங்கள். எனது சொத்து சர்வே விவரங்கள் தவறாக உள்ளன இந்த பிரச்சனையை கவனிக்கவும்.,Revenue & Land Records,High
ദയവായി ഇത് പരിഹരിക്കുക. എന്റെ തൊഴിൽ സർട്ടിഫിക്കറ്റ് വൈകിയിരിക്കുന്നു ദയവായി ഈ പ്രശ്നം പരിഹരിക്കുക.,Labour & Employment,High
हमारे गांव के पास की नदी प्रदूषित है कृपया आवश्यक कार्रवाई करें।,Environment & Forest,Low
இந்த பிரச்சனை குறித்து புகார் அளிக்கிறேன்: எனது வீட்டு உதவி விண்ணப்பம் நிலுவையில் உள்ளது தயவுசெய்து இந்த பிரச்சனையை தீர்க்கவும்.,Housing,High
उचित मूल्य की दुकान काम के समय बंद रहती है,Food & Civil Supplies,Medium
मैं शिकायत करना चाहता हूं कि हमारे सरकारी स्कूल में कंप्यूटर नहीं हैं कृपया इस मामले को देखें।,Education,Medium
I would like to complain that There is a shortage of seeds in our area Kindly resolve this issue.,Agriculture,Medium
I would like to complain that A sewage manhole is overflowing Please look into this matter.,Drainage & Sewerage,High
ദയവായി സഹായിക്കണം. ആശുപത്രിയിലെ ഫാർമസിയിൽ മരുന്നുകൾ ഇല്ല ദയവായി ആവശ്യമായ നടപടി സ്വീകരിക്കുക.,Health,Medium
ഈ പ്രശ്നത്തെക്കുറിച്ച് പരാതി നൽകുന്നു: സർക്കാർ ഹോസ്റ്റലിൽ മികച്ച സൗകര്യങ്ങൾ ആവശ്യമാണ് ദയവായി ഈ വിഷയം പരിശോധിക്കുക.,Education,Medium
I want to report that Someone has damaged my property Kindly resolve this issue.,Police,Medium
ഈ പ്രശ്നം ശ്രദ്ധിക്കുക: ഓൺലൈൻ സേവനം പലപ്പോഴും ടൈം ഔട്ട് ആകുന്നു ദയവായി ഈ പ്രശ്നം പരിഹരിക്കുക.,e-Governance,Medium
இந்த பிரச்சனையை கவனிக்கவும்: எனது நலச் சான்றிதழ் வழங்கப்படவில்லை,Social Welfare,Medium
ഈ പ്രശ്നം ശ്രദ്ധിക്കുക: റോഡിന് സമീപമുള്ള വൈദ്യുതി വയർ അപകടകരമായി തൂങ്ങിയിരിക്കുന്നു ദയവായി ഈ വിഷയം പരിശോധിക്കുക.,Electricity,Medium
डिजिटल सरकारी सेवा उपलब्ध नहीं है कृपया आवश्यक कार्रवाई करें।,e-Governance,High
कृपया इस समस्या को देखें: मेरा शिक्षा प्रमाणपत्र अभी तक नहीं आया है,Education,Medium
தயவுசெய்து இதை சரி செய்யுங்கள். எங்கள் குடியிருப்பு பகுதியில் நகராட்சி சேவைகள் மேம்பட வேண்டும்,Municipal Corporation,Low
ഈ പ്രശ്നത്തെക്കുറിച്ച് പരാതി നൽകുന്നു: ഞങ്ങളുടെ സ്കൂളിൽ ആവശ്യമായ ക്ലാസ് സൗകര്യങ്ങൾ ഇല്ല ദയവായി ഈ പ്രശ്നം പരിഹരിക്കുക.,Education,Low
मैं शिकायत करना चाहता हूं कि मैं अपना आवेदन ऑनलाइन जमा नहीं कर सकता,e-Governance,Medium
ഈ പ്രശ്നം ശ്രദ്ധിക്കുക: പൊതു കുടിവെള്ള പൈപ്പിൽ ചോർച്ചയുണ്ട് ദയവായി ആവശ്യമായ നടപടി സ്വീകരിക്കുക.,Water Services,High
इस समस्या पर ध्यान दें: मेरी सामाजिक कल्याण पेंशन जमा नहीं हुई है,Social Welfare,Medium
தயவுசெய்து இதை சரி செய்யுங்கள். அனுமதிக்கப்பட்ட வீட்டு தொகை இன்னும் கிடைக்கவில்லை,Housing,High
ഈ പ്രശ്നത്തെക്കുറിച്ച് പരാതി നൽകുന്നു: വള വിതരണം വൈകുകയാണ് ദയവായി ഈ വിഷയം പരിശോധിക്കുക.,Agriculture,Medium
தயவுசெய்து இதை சரி செய்யுங்கள். அரசுப் பள்ளியில் போதுமான ஆசிரியர்கள் இல்லை தயவுசெய்து தேவையான நடவடிக்கை எடுக்கவும்.,Education,High
ഈ പ്രശ്നം ശ്രദ്ധിക്കുക: ഞങ്ങളുടെ ഗ്രാമത്തിൽ മികച്ച അടിസ്ഥാന സൗകര്യങ്ങൾ ആവശ്യമാണ് ദയവായി ഈ വിഷയം പരിശോധിക്കുക.,Rural Development / Panchayat,Medium
I would like to complain that I received a threatening message Kindly resolve this issue.,Police,High
ഈ പ്രശ്നം ശ്രദ്ധിക്കുക: തൊഴിലാളിയായി രജിസ്റ്റർ ചെയ്യാൻ സഹായം വേണം ദയവായി ഈ വിഷയം പരിശോധിക്കുക.,Labour & Employment,Low
ദയവായി സഹായിക്കണം. ആളുകൾ റോഡിന്റെ വശത്ത് മാലിന്യം വലിച്ചെറിയുന്നു ദയവായി ഈ വിഷയം പരിശോധിക്കുക.,Waste Management,High
मैं शिकायत करना चाहता हूं कि मेरा राशन कार्ड आवेदन लंबित है कृपया आवश्यक कार्रवाई करें।,Food & Civil Supplies,Low
இந்த பிரச்சனை குறித்து புகார் அளிக்கிறேன்: கிராம வளர்ச்சி திட்டம் நிறுத்தப்பட்டுள்ளது தயவுசெய்து தேவையான நடவடிக்கை எடுக்கவும்.,Rural Development / Panchayat,Medium
ദയവായി ഇത് പരിഹരിക്കുക. ഭവന പദ്ധതി അപേക്ഷയിൽ സഹായം വേണം,Housing,High
I want to report that I need help registering as a worker Please take necessary action.,Labour & Employment,High
இந்த பிரச்சனையை கவனிக்கவும்: பொது அலுவலக கட்டிடத்தில் கட்டமைப்பு சேதம் உள்ளது இந்த பிரச்சனையை கவனிக்கவும்.,Public Works,High
இந்த பிரச்சனை குறித்து புகார் அளிக்கிறேன்: எங்கள் பகுதியில் தெருவிளக்குகள் வேலை செய்யவில்லை இந்த பிரச்சனையை கவனிக்கவும்.,Municipal Corporation,High
कृपया इस समस्या को देखें: मेरे परिवार का सदस्य राशन कार्ड में नहीं है कृपया इस समस्या का समाधान करें।,Food & Civil Supplies,High
I want to report that There are cracks across the highway Kindly resolve this issue.,Roads & Highways,Medium
ഈ പ്രശ്നത്തെക്കുറിച്ച് പരാതി നൽകുന്നു: സർക്കാർ ഓഫീസ് കെട്ടിടത്തിന് അറ്റകുറ്റപ്പണി ആവശ്യമാണ് ദയവായി ആവശ്യമായ നടപടി സ്വീകരിക്കുക.,Public Works,Medium
I would like to complain that I need information about women welfare schemes Kindly resolve this issue.,Women & Child Welfare,Medium
कृपया इस समस्या को देखें: राशन दुकानदार अतिरिक्त पैसे मांग रहा है,Food & Civil Supplies,Medium
தயவுசெய்து உதவுங்கள். அரசு வேலைவாய்ப்பு திட்டத்தில் வேலை கிடைக்கவில்லை இந்த பிரச்சனையை கவனிக்கவும்.,Labour & Employment,Low
ഈ പ്രശ്നത്തെക്കുറിച്ച് പരാതി നൽകുന്നു: സർക്കാർ ക്ലിനിക്ക് ജോലി സമയത്ത് തുറക്കുന്നില്ല ദയവായി ആവശ്യമായ നടപടി സ്വീകരിക്കുക.,Health,High
குழந்தைகள் பாதுகாப்பு சேவை பதிலளிக்கவில்லை தயவுசெய்து தேவையான நடவடிக்கை எடுக்கவும்.,Women & Child Welfare,High
मैं शिकायत करना चाहता हूं कि बिना सूचना के बस मार्ग बदल दिया गया है कृपया आवश्यक कार्रवाई करें।,Transport,Low
Please help. The online service keeps timing out Please look into this matter.,e-Governance,Low
मैं शिकायत करना चाहता हूं कि मुझे सामाजिक कल्याण योजनाओं की जानकारी चाहिए कृपया आवश्यक कार्रवाई करें।,Social Welfare,Medium
இந்த பிரச்சனை குறித்து புகார் அளிக்கிறேன்: தொழிலாளராக பதிவு செய்ய உதவி வேண்டும்,Labour & Employment,High
Kindly look into this: The village road development work is incomplete,Rural Development / Panchayat,Medium
ദയവായി ഇത് പരിഹരിക്കുക. എന്റെ സ്കോളർഷിപ്പ് അപേക്ഷ പരിഗണനയിൽ ആണ് ദയവായി ഈ പ്രശ്നം പരിഹരിക്കുക.,Education,Medium
இந்த பிரச்சனையை கவனிக்கவும்: அரசு மருத்துவமனையில் படுக்கைகள் இல்லை இந்த பிரச்சனையை கவனிக்கவும்.,Health,Low
घरों का कचरा हमारे घरों के पास जमा हो रहा है कृपया इस समस्या का समाधान करें।,Waste Management,Medium
പൊതു ഗതാഗത സേവനങ്ങളെക്കുറിച്ച് വിവരം വേണം ദയവായി ഈ വിഷയം പരിശോധിക്കുക.,Transport,Medium
ഈ പ്രശ്നത്തെക്കുറിച്ച് പരാതി നൽകുന്നു: ഭൂമി രജിസ്ട്രേഷൻ നടപടിയിൽ വൈകുന്നു ദയവായി ആവശ്യമായ നടപടി സ്വീകരിക്കുക.,Revenue & Land Records,Medium
ഞങ്ങളുടെ പ്രദേശത്തിന് സമീപം ശക്തമായ രാസവസ്തു ഗന്ധമുണ്ട് ദയവായി ഈ വിഷയം പരിശോധിക്കുക.,Environment & Forest,Medium
സർക്കാർ തൊഴിൽ പദ്ധതിയിൽ ജോലി ലഭിച്ചിട്ടില്ല,Labour & Employment,Medium
My electricity bill shows an incorrect reading,Electricity,Low
मैं अपना आवेदन ऑनलाइन जमा नहीं कर सकता कृपया इस मामले को देखें।,e-Governance,Medium
இந்த பிரச்சனையை கவனிக்கவும்: அரசு மருத்துவமனையில் அத்தியாவசிய மருந்துகள் இல்லை இந்த பிரச்சனையை கவனிக்கவும்.,Health,High
தயவுசெய்து உதவுங்கள். எனது வேலைவாய்ப்பு நலத்தொகை கிடைக்கவில்லை இந்த பிரச்சனையை கவனிக்கவும்.,Labour & Employment,Medium
ദയവായി ഇത് പരിഹരിക്കുക. വനിതാ ക്ഷേമ പദ്ധതികളെക്കുറിച്ച് വിവരം വേണം ദയവായി ഈ വിഷയം പരിശോധിക്കുക.,Women & Child Welfare,High
ദയവായി സഹായിക്കണം. എന്റെ കുട്ടിയുടെ ക്ഷേമ അപേക്ഷ വൈകിയിരിക്കുന്നു ദയവായി ആവശ്യമായ നടപടി സ്വീകരിക്കുക.,Women & Child Welfare,Medium
कृपया इस समस्या को देखें: ओवरहेड पानी की टंकी में पानी नहीं आ रहा है,Water Services,Critical
I want to report that I want to report a theft in my neighborhood,Police,Medium
தயவுசெய்து உதவுங்கள். தொழிற்சாலை கழிவுகள் அருகிலுள்ள நீர்நிலைக்குள் செல்கின்றன,Environment & Forest,Low
தயவுசெய்து இதை சரி செய்யுங்கள். எங்கள் பகுதியில் தெருவிளக்குகள் வேலை செய்யவில்லை,Municipal Corporation,Medium
Please help. The ration dealer is charging extra money,Food & Civil Supplies,Low
இந்த பிரச்சனையை கவனிக்கவும்: எனது குடும்ப உறுப்பினர் ரேஷன் அட்டையில் இல்லை,Food & Civil Supplies,Medium
ഈ പ്രശ്നം ശ്രദ്ധിക്കുക: റോഡിന് സമീപമുള്ള വൈദ്യുതി വയർ അപകടകരമായി തൂങ്ങിയിരിക്കുന്നു ദയവായി ആവശ്യമായ നടപടി സ്വീകരിക്കുക.,Electricity,Medium
ദയവായി ഇത് പരിഹരിക്കുക. ശിശു സംരക്ഷണ സേവനം പ്രതികരിക്കുന്നില്ല,Women & Child Welfare,Medium
தயவுசெய்து இதை சரி செய்யுங்கள். பொது பேருந்து அடிக்கடி அதிக கூட்டமாக உள்ளது தயவுசெய்து இந்த பிரச்சனையை தீர்க்கவும்.,Transport,Low
தயவுசெய்து இதை சரி செய்யுங்கள். எங்கள் தெருவிற்கு குடிநீர் வரவில்லை தயவுசெய்து தேவையான நடவடிக்கை எடுக்கவும்.,Water Services,Medium
I want to report that The bus service to our village has been reduced Please look into this matter.,Transport,Medium
தயவுசெய்து இதை சரி செய்யுங்கள். கழிவுநீர் மேன்ஹோல் நிரம்பி வழிகிறது இந்த பிரச்சனையை கவனிக்கவும்.,Drainage & Sewerage,Low
There is illegal activity near our street Please look into this matter.,Police,Low
ഈ പ്രശ്നത്തെക്കുറിച്ച് പരാതി നൽകുന്നു: ഗ്രാമ വികസന പ്രവർത്തനം വൈകുകയാണ് ദയവായി ഈ വിഷയം പരിശോധിക്കുക.,Rural Development / Panchayat,Medium
The power supply has not been restored after the outage Please take necessary action.,Electricity,Medium
எங்கள் பகுதியில் அடிக்கடி மின்னழுத்த ஏற்ற இறக்கம் ஏற்படுகிறது தயவுசெய்து இந்த பிரச்சனையை தீர்க்கவும்.,Electricity,Medium
വീട് നിർമ്മാണ സബ്സിഡി ഇതുവരെ ലഭിച്ചിട്ടില്ല ദയവായി ഈ വിഷയം പരിശോധിക്കുക.,Housing,Medium
ദയവായി സഹായിക്കണം. തൊഴിലാളിയായി രജിസ്റ്റർ ചെയ്യാൻ സഹായം വേണം ദയവായി ആവശ്യമായ നടപടി സ്വീകരിക്കുക.,Labour & Employment,Low
ഈ പ്രശ്നം ശ്രദ്ധിക്കുക: ഓൺലൈൻ പൗര സേവനം ആക്സസ് ചെയ്യാൻ കഴിയുന്നില്ല ദയവായി ഈ പ്രശ്നം പരിഹരിക്കുക.,e-Governance,Low
A factory is causing serious air pollution,Environment & Forest,High
Please help. My education certificate has not arrived Please take necessary action.,Education,Low
அரசு விடுதிக்கு சிறந்த வசதிகள் தேவை இந்த பிரச்சனையை கவனிக்கவும்.,Education,High
I would like to complain that Our neighborhood experiences daily power cuts Please look into this matter.,Electricity,Low
Kindly look into this: My revenue certificate has not been issued,Revenue & Land Records,Low
टीकाकरण सेवा उपलब्ध नहीं है कृपया इस समस्या का समाधान करें।,Health,High
इस समस्या पर ध्यान दें: सड़क के पास बिजली का तार खतरनाक तरीके से लटक रहा है कृपया इस मामले को देखें।,Electricity,Critical
Kindly look into this: My child welfare benefit has not been received Please take necessary action.,Women & Child Welfare,Medium
Kindly look into this: The underground drainage system is blocked Please take necessary action.,Drainage & Sewerage,Medium
தயவுசெய்து இதை சரி செய்யுங்கள். குப்பை சேகரிப்பு பணியாளர்கள் முறையாக வரவில்லை,Waste Management,High
இந்த பிரச்சனை குறித்து புகார் அளிக்கிறேன்: வீடு கட்டுவதற்கான மானியம் இன்னும் வரவில்லை தயவுசெய்து இந்த பிரச்சனையை தீர்க்கவும்.,Housing,Medium
कृपया इस समस्या को देखें: हमारे क्षेत्र का बाल देखभाल केंद्र काम नहीं कर रहा है कृपया इस मामले को देखें।,Women & Child Welfare,High
பெண்கள் நலத்திட்டங்கள் குறித்து தகவல் வேண்டும் தயவுசெய்து தேவையான நடவடிக்கை எடுக்கவும்.,Women & Child Welfare,Low
I would like to complain that The road shoulder has collapsed Please take necessary action.,Roads & Highways,Critical
कृपया मदद करें। मेरा मातृत्व लाभ आवेदन लंबित है,Women & Child Welfare,Low
தண்ணீர் விநியோக அட்டவணை பின்பற்றப்படவில்லை தயவுசெய்து இந்த பிரச்சனையை தீர்க்கவும்.,Water Services,Medium
தயவுசெய்து உதவுங்கள். தொழிற்சாலை கழிவுகள் அருகிலுள்ள நீர்நிலைக்குள் செல்கின்றன தயவுசெய்து இந்த பிரச்சனையை தீர்க்கவும்.,Environment & Forest,Low
தயவுசெய்து உதவுங்கள். கிராம வளர்ச்சி திட்டம் நிறுத்தப்பட்டுள்ளது தயவுசெய்து இந்த பிரச்சனையை தீர்க்கவும்.,Rural Development / Panchayat,Medium
இந்த பிரச்சனை குறித்து புகார் அளிக்கிறேன்: சாலையின் ஓரம் இடிந்து விழுந்துள்ளது இந்த பிரச்சனையை கவனிக்கவும்.,Roads & Highways,Medium
எனது குழந்தை நலத்தொகை கிடைக்கவில்லை இந்த பிரச்சனையை கவனிக்கவும்.,Women & Child Welfare,Medium
Please help. The doctor is unavailable at the public health centre Kindly resolve this issue.,Health,High
मैं शिकायत करना चाहता हूं कि मेरा शिक्षा प्रमाणपत्र अभी तक नहीं आया है कृपया इस मामले को देखें।,Education,Medium
ഈ പ്രശ്നത്തെക്കുറിച്ച് പരാതി നൽകുന്നു: ഗ്രാമ വികസന പദ്ധതി നിർത്തിവച്ചിരിക്കുന്നു ദയവായി ഈ വിഷയം പരിശോധിക്കുക.,Rural Development / Panchayat,Low
I would like to complain that The forest area is being encroached Please take necessary action.,Environment & Forest,Medium
I would like to complain that The village development work has been delayed Please take necessary action.,Rural Development / Panchayat,High
कृपया इस समस्या को देखें: सार्वजनिक भवन की खिड़कियां टूट गई हैं कृपया इस मामले को देखें।,Public Works,Medium
ഈ പ്രശ്നം ശ്രദ്ധിക്കുക: എന്റെ തൊഴിലാളി രജിസ്ട്രേഷൻ വിവരങ്ങൾ തെറ്റാണ്,Labour & Employment,Medium
Please help. My affordable housing application is pending,Housing,Low
I want to report that The street cleaning schedule is not being followed Please take necessary action.,Municipal Corporation,High
இந்த பிரச்சனையை கவனிக்கவும்: எனது கல்விச் சான்றிதழ் இன்னும் வரவில்லை,Education,High
இந்த பிரச்சனையை கவனிக்கவும்: எங்கள் பகுதியில் குடிநீர் பற்றாக்குறை உள்ளது,Water Services,High
ദയവായി ഇത് പരിഹരിക്കുക. വാക്സിനേഷൻ സേവനം ലഭ്യമല്ല ദയവായി ആവശ്യമായ നടപടി സ്വീകരിക്കുക.,Health,High
I would like to complain that I have not received my worker welfare payment Please look into this matter.,Labour & Employment,High
ദയവായി ഇത് പരിഹരിക്കുക. ഞങ്ങളുടെ സ്കൂളിന് സമീപം അപകടകരമായി വാഹനങ്ങൾ ഓടിക്കുന്നു ദയവായി ഈ വിഷയം പരിശോധിക്കുക.,Police,Medium
இந்த பிரச்சனை குறித்து புகார் அளிக்கிறேன்: எனது தொழிலாளர் பதிவு விண்ணப்பம் நிலுவையில் உள்ளது தயவுசெய்து தேவையான நடவடிக்கை எடுக்கவும்.,Labour & Employment,Medium
எங்கள் குடியிருப்பு பகுதியில் நகராட்சி சேவைகள் மேம்பட வேண்டும் இந்த பிரச்சனையை கவனிக்கவும்.,Municipal Corporation,Low
कृपया इस समस्या को देखें: कल से हमारे इलाके में बिजली की आपूर्ति नहीं है कृपया इस मामले को देखें।,Electricity,Medium
I want to report that The water supply schedule is not being followed Please look into this matter.,Water Services,High
Kindly look into this: The government building drainage needs repair Please take necessary action.,Public Works,Low
தயவுசெய்து உதவுங்கள். சாலையின் அருகில் திறந்த குப்பை மேடு உள்ளது தயவுசெய்து இந்த பிரச்சனையை தீர்க்கவும்.,Waste Management,Medium
ദയവായി സഹായിക്കണം. ഭൂമി രജിസ്ട്രേഷൻ നടപടിയിൽ വൈകുന്നു ദയവായി ഈ വിഷയം പരിശോധിക്കുക.,Revenue & Land Records,Medium
എന്റെ വീടിന് സമീപമുള്ള തെരുവ് വിളക്ക് തൂൺ കേടായിട്ടുണ്ട് ദയവായി ആവശ്യമായ നടപടി സ്വീകരിക്കുക.,Municipal Corporation,Medium
Kindly look into this: Our school lacks proper classroom facilities,Education,Medium
I want to report that The vaccination service is unavailable Please take necessary action.,Health,Medium
മാലിന്യ വാഹനം ഞങ്ങളുടെ പ്രദേശത്ത് വരുന്നത് നിർത്തി ദയവായി ആവശ്യമായ നടപടി സ്വീകരിക്കുക.,Waste Management,High
தயவுசெய்து இதை சரி செய்யுங்கள். சமூக நலத்திட்டங்கள் குறித்து தகவல் வேண்டும் தயவுசெய்து தேவையான நடவடிக்கை எடுக்கவும்.,Social Welfare,Medium
சேதமடைந்த சாலையால் விபத்துகள் ஏற்படுகின்றன தயவுசெய்து தேவையான நடவடிக்கை எடுக்கவும்.,Roads & Highways,High
कृपया मदद करें। कृषि अधिकारी हमारे गांव में नहीं आए हैं,Agriculture,Medium
ദയവായി ഇത് പരിഹരിക്കുക. ഭൂമി സർവേ മാപ്പിന്റെ പകർപ്പ് വേണം ദയവായി ആവശ്യമായ നടപടി സ്വീകരിക്കുക.,Revenue & Land Records,Medium
മാലിന്യ വാഹനം ഞങ്ങളുടെ പ്രദേശത്ത് വരുന്നത് നിർത്തി,Waste Management,Medium
मैं शिकायत करना चाहता हूं कि नगर निगम कार्यालय ने हमारी शिकायत का जवाब नहीं दिया कृपया आवश्यक कार्रवाई करें।,Municipal Corporation,High
इस समस्या पर ध्यान दें: उर्वरक की आपूर्ति में देरी हो रही है कृपया इस मामले को देखें।,Agriculture,High
ദയവായി സഹായിക്കണം. സർക്കാർ വെബ്സൈറ്റിൽ പിശക് കാണിക്കുന്നു ദയവായി ഈ വിഷയം പരിശോധിക്കുക.,e-Governance,Medium
இந்த பிரச்சனையை கவனிக்கவும்: எங்கள் பகுதியில் உள்ள குப்பைத் தொட்டிகள் நிரம்பி வழிகின்றன தயவுசெய்து தேவையான நடவடிக்கை எடுக்கவும்.,Waste Management,High
I would like to complain that There are no computers in our government school Please take necessary action.,Education,Low
I would like to complain that Waste collection has been irregular in our neighborhood Kindly resolve this issue.,Waste Management,Medium
ദയവായി ഇത് പരിഹരിക്കുക. വെള്ള വിതരണ സമയക്രമം പാലിക്കുന്നില്ല ദയവായി ഈ വിഷയം പരിശോധിക്കുക.,Water Services,Medium
I would like to complain that The public building has damaged doors,Public Works,Medium
ഈ പ്രശ്നത്തെക്കുറിച്ച് പരാതി നൽകുന്നു: പഞ്ചായത്ത് വികസന ഫണ്ട് ഉപയോഗിച്ചിട്ടില്ല ദയവായി ഈ വിഷയം പരിശോധിക്കുക.,Rural Development / Panchayat,Low
ഈ പ്രശ്നം ശ്രദ്ധിക്കുക: കർഷകർക്ക് ജലസേചന വെള്ളം ലഭിക്കുന്നില്ല,Agriculture,Medium
हमारे स्कूल के पास खतरनाक तरीके से वाहन चलाए जा रहे हैं,Police,High
Kindly look into this: My vehicle has been stolen Please take necessary action.,Police,High
ദയവായി ഇത് പരിഹരിക്കുക. എനിക്ക് ഭവന പദ്ധതിയുടെ ആനുകൂല്യം ലഭിച്ചിട്ടില്ല ദയവായി ആവശ്യമായ നടപടി സ്വീകരിക്കുക.,Housing,Medium
ഹൈവേയുടെ ഉപരിതലം വളരെ മോശമായി കേടായിട്ടുണ്ട് ദയവായി ഈ പ്രശ്നം പരിഹരിക്കുക.,Roads & Highways,High
Farmers have not received crop insurance support Kindly resolve this issue.,Agriculture,Medium
ദയവായി ഇത് പരിഹരിക്കുക. വെള്ള വിതരണ സമയക്രമം പാലിക്കുന്നില്ല ദയവായി ആവശ്യമായ നടപടി സ്വീകരിക്കുക.,Water Services,High
ദയവായി ഇത് പരിഹരിക്കുക. റോഡിന്റെ അരികിൽ തുറന്ന മാലിന്യക്കൂമ്പാരം ഉണ്ട്,Waste Management,High
मैं शिकायत करना चाहता हूं कि मेरे श्रमिक कल्याण आवेदन पर कार्रवाई नहीं हुई है कृपया आवश्यक कार्रवाई करें।,Labour & Employment,Medium
ദയവായി ഇത് പരിഹരിക്കുക. വ്യവസായ മാലിന്യം സമീപത്തെ ജലാശയത്തിലേക്ക് ഒഴുകുന്നു ദയവായി ആവശ്യമായ നടപടി സ്വീകരിക്കുക.,Environment & Forest,Medium
I want to report that A major pothole is blocking traffic,Roads & Highways,Medium
தயவுசெய்து உதவுங்கள். மருத்துவமனை மருந்தகத்தில் மருந்துகள் இல்லை இந்த பிரச்சனையை கவனிக்கவும்.,Health,Medium
ദയവായി ഇത് പരിഹരിക്കുക. എന്റെ പോലീസ് പരാതിക്ക് ഇതുവരെ മറുപടി ലഭിച്ചിട്ടില്ല ദയവായി ഈ വിഷയം പരിശോധിക്കുക.,Police,High
കർഷകർക്ക് വിള ഇൻഷുറൻസ് സഹായം ലഭിച്ചിട്ടില്ല ദയവായി ഈ പ്രശ്നം പരിഹരിക്കുക.,Agriculture,High
I want to report that Dirty water is coming through the public pipeline Please take necessary action.,Water Services,High
इस समस्या पर ध्यान दें: हमारे गांव में बेहतर बुनियादी सुविधाओं की जरूरत है कृपया इस समस्या का समाधान करें।,Rural Development / Panchayat,Medium
ദയവായി ഇത് പരിഹരിക്കുക. ഞങ്ങളുടെ പ്രദേശത്ത് മതിയായ ബസ് സർവീസ് ഇല്ല ദയവായി ആവശ്യമായ നടപടി സ്വീകരിക്കുക.,Transport,Low
कृपया मदद करें। मुझे अपने भूमि दस्तावेज की प्रति चाहिए कृपया इस मामले को देखें।,Revenue & Land Records,Low
इस समस्या पर ध्यान दें: मेरे घर के पास स्ट्रीट लाइट का खंभा खराब है कृपया इस मामले को देखें।,Municipal Corporation,Medium
इस समस्या पर ध्यान दें: मुझे सामाजिक कल्याण योजनाओं की जानकारी चाहिए कृपया आवश्यक कार्रवाई करें।,Social Welfare,Medium
ഈ പ്രശ്നത്തെക്കുറിച്ച് പരാതി നൽകുന്നു: എന്റെ കുറഞ്ഞ ചെലവിലുള്ള ഭവന അപേക്ഷ പരിഗണനയിലാണ് ദയവായി ഈ പ്രശ്നം പരിഹരിക്കുക.,Housing,Low
ഈ പ്രശ്നത്തെക്കുറിച്ച് പരാതി നൽകുന്നു: ഗ്രാമ റോഡ് വികസന പ്രവർത്തനം പൂർത്തിയായിട്ടില്ല,Rural Development / Panchayat,High
தயவுசெய்து உதவுங்கள். கழிவுநீர் கால்வாய் நிரம்பியுள்ளது தயவுசெய்து தேவையான நடவடிக்கை எடுக்கவும்.,Drainage & Sewerage,Medium
मैं शिकायत करना चाहता हूं कि मेरा बेरोजगारी सहायता आवेदन लंबित है कृपया इस मामले को देखें।,Labour & Employment,Medium
ഈ പ്രശ്നത്തെക്കുറിച്ച് പരാതി നൽകുന്നു: വീട് നിർമ്മാണ സബ്സിഡി ഇതുവരെ ലഭിച്ചിട്ടില്ല ദയവായി ഈ വിഷയം പരിശോധിക്കുക.,Housing,Medium
मैं शिकायत करना चाहता हूं कि मेरे घर के बाहर बिजली का खंभा खराब है,Electricity,Low
कृपया इस समस्या को देखें: मेरे श्रमिक कल्याण आवेदन पर कार्रवाई नहीं हुई है,Labour & Employment,Low
ദയവായി സഹായിക്കണം. ഞങ്ങളുടെ പ്രദേശത്ത് മതിയായ ബസ് സർവീസ് ഇല്ല ദയവായി ഈ വിഷയം പരിശോധിക്കുക.,Transport,High
इस समस्या पर ध्यान दें: सरकारी वेबसाइट पर त्रुटि दिखाई दे रही है,e-Governance,Low
Please help. The online service keeps timing out Please take necessary action.,e-Governance,Medium
ഈ പ്രശ്നത്തെക്കുറിച്ച് പരാതി നൽകുന്നു: സർക്കാർ കെട്ടിടത്തിലെ ഡ്രെയിനേജ് നന്നാക്കണം ദയവായി ഈ പ്രശ്നം പരിഹരിക്കുക.,Public Works,High
I want to report that The government portal is very slow Please take necessary action.,e-Governance,High
इस समस्या पर ध्यान दें: बिना सूचना के बस मार्ग बदल दिया गया है,Transport,High
இந்த பிரச்சனையை கவனிக்கவும்: எனது மலிவு விலை வீட்டு விண்ணப்பம் நிலுவையில் உள்ளது,Housing,Medium
இந்த பிரச்சனை குறித்து புகார் அளிக்கிறேன்: எங்கள் பள்ளியில் சரியான வகுப்பறை வசதிகள் இல்லை தயவுசெய்து இந்த பிரச்சனையை தீர்க்கவும்.,Education,High
कृपया इस समस्या को देखें: मुझे अपना रोजगार लाभ नहीं मिला है कृपया इस समस्या का समाधान करें।,Labour & Employment,Medium
I would like to complain that Our area does not have enough bus services,Transport,High
எனது குழந்தை நல விண்ணப்பம் தாமதமாகியுள்ளது தயவுசெய்து தேவையான நடவடிக்கை எடுக்கவும்.,Women & Child Welfare,Medium
एक विवाद में पुलिस की सहायता चाहिए कृपया इस मामले को देखें।,Police,Medium
इस समस्या पर ध्यान दें: मुझे अपना रोजगार लाभ नहीं मिला है कृपया आवश्यक कार्रवाई करें।,Labour & Employment,Medium
कृपया मदद करें। मुख्य सड़क पर एक बड़ा गड्ढा है कृपया इस समस्या का समाधान करें।,Roads & Highways,High
இந்த பிரச்சனை குறித்து புகார் அளிக்கிறேன்: அரசு பேருந்து அட்டவணையை பின்பற்றவில்லை தயவுசெய்து தேவையான நடவடிக்கை எடுக்கவும்.,Transport,High
ഈ പ്രശ്നം ശ്രദ്ധിക്കുക: എന്റെ ഓൺലൈൻ അപേക്ഷയുടെ സ്ഥിതി മാറിയിട്ടില്ല,e-Governance,Medium
I want to report that There is a large pothole on the main road Please take necessary action.,Roads & Highways,Medium
ദയവായി ഇത് പരിഹരിക്കുക. ഗ്രാമ റോഡ് വികസന പ്രവർത്തനം പൂർത്തിയായിട്ടില്ല ദയവായി ഈ വിഷയം പരിശോധിക്കുക.,Rural Development / Panchayat,Medium
Please help. The school library does not have enough books,Education,Medium
ഈ പ്രശ്നം ശ്രദ്ധിക്കുക: മഴക്കാലത്ത് റോഡ് വളരെ അപകടകരമാണ് ദയവായി ഈ പ്രശ്നം പരിഹരിക്കുക.,Roads & Highways,Medium
ഈ പ്രശ്നം ശ്രദ്ധിക്കുക: മുനിസിപ്പൽ വെള്ള പൈപ്പ് കേടായിട്ടുണ്ട് ദയവായി ഈ പ്രശ്നം പരിഹരിക്കുക.,Water Services,Medium
இந்த பிரச்சனை குறித்து புகார் அளிக்கிறேன்: காட்டிற்கு அருகில் சட்டவிரோதமாக கழிவுகள் கொட்டப்படுகின்றன இந்த பிரச்சனையை கவனிக்கவும்.,Environment & Forest,Low
कृपया इस समस्या को देखें: पट्टा हस्तांतरण आवेदन लंबित है कृपया आवश्यक कार्रवाई करें।,Revenue & Land Records,High
Please help. The electric wire near the road is hanging dangerously Please take necessary action.,Electricity,High
தயவுசெய்து உதவுங்கள். சாக்கடை அடைத்துள்ளது,Drainage & Sewerage,High
இந்த பிரச்சனை குறித்து புகார் அளிக்கிறேன்: எனது கல்வி உதவித்தொகை விண்ணப்பம் நிலுவையில் உள்ளது தயவுசெய்து இந்த பிரச்சனையை தீர்க்கவும்.,Education,Low
ദയവായി ഇത് പരിഹരിക്കുക. ഞങ്ങളുടെ പ്രദേശത്ത് വിത്തുകളുടെ ക്ഷാമമുണ്ട് ദയവായി ഈ പ്രശ്നം പരിഹരിക്കുക.,Agriculture,Medium
தயவுசெய்து உதவுங்கள். எனது குடும்ப உறுப்பினர் ரேஷன் அட்டையில் இல்லை தயவுசெய்து இந்த பிரச்சனையை தீர்க்கவும்.,Food & Civil Supplies,High
தயவுசெய்து இதை சரி செய்யுங்கள். என் மின்சார கட்டணத்தில் தவறான அளவு காட்டப்பட்டுள்ளது தயவுசெய்து இந்த பிரச்சனையை தீர்க்கவும்.,Electricity,Medium
இந்த பிரச்சனையை கவனிக்கவும்: அரசு இணையதளம் மிகவும் மெதுவாக உள்ளது தயவுசெய்து இந்த பிரச்சனையை தீர்க்கவும்.,e-Governance,Medium
ഈ പ്രശ്നം ശ്രദ്ധിക്കുക: പൊതു കെട്ടിടത്തിന്റെ ചുമരുകളിൽ വിള്ളലുകൾ ഉണ്ട് ദയവായി ആവശ്യമായ നടപടി സ്വീകരിക്കുക.,Public Works,Medium
Please help. I have not received my monthly ration Please look into this matter.,Food & Civil Supplies,Medium
कृपया मदद करें। मुझे रोजगार योजनाओं की जानकारी चाहिए,Labour & Employment,Low
Kindly look into this: My land mutation application is pending Please look into this matter.,Revenue & Land Records,Medium
இந்த பிரச்சனை குறித்து புகார் அளிக்கிறேன்: எனது மாற்றுத்திறனாளர் உதவித்தொகை தாமதமாகியுள்ளது தயவுசெய்து தேவையான நடவடிக்கை எடுக்கவும்.,Social Welfare,Low
इस समस्या पर ध्यान दें: मुझे पुलिस में शिकायत दर्ज करनी है कृपया इस समस्या का समाधान करें।,Police,Low
कृपया इस समस्या को देखें: मुझे महिला कल्याण योजना में सहायता चाहिए कृपया इस समस्या का समाधान करें।,Women & Child Welfare,Low
தயவுசெய்து உதவுங்கள். தண்ணீர் இணைப்பு விண்ணப்பம் இன்னும் நிலுவையில் உள்ளது இந்த பிரச்சனையை கவனிக்கவும்.,Water Services,Medium
एम्बुलेंस सेवा जवाब नहीं दे रही है कृपया इस मामले को देखें।,Health,Medium
The government building needs urgent maintenance Kindly resolve this issue.,Public Works,Low
My employment certificate has been delayed Please take necessary action.,Labour & Employment,Medium
ദയവായി ഇത് പരിഹരിക്കുക. എന്റെ ക്ഷേമ സർട്ടിഫിക്കറ്റ് നൽകിയിട്ടില്ല,Social Welfare,High
எனது தொழிலாளர் நல விண்ணப்பம் செயல்படுத்தப்படவில்லை தயவுசெய்து இந்த பிரச்சனையை தீர்க்கவும்.,Labour & Employment,Medium
कृपया इस समस्या को देखें: मुझे पुलिस में शिकायत दर्ज करनी है कृपया इस मामले को देखें।,Police,High
இந்த பிரச்சனையை கவனிக்கவும்: எனது அரசு சான்றிதழை பதிவிறக்கம் செய்ய முடியவில்லை தயவுசெய்து தேவையான நடவடிக்கை எடுக்கவும்.,e-Governance,High
Kindly look into this: My beneficiary details are incorrect Please look into this matter.,Social Welfare,Medium
Please help. My online application status has not changed Kindly resolve this issue.,e-Governance,Medium
தயவுசெய்து இதை சரி செய்யுங்கள். எங்கள் பகுதியில் உள்ள பூங்கா சரியாக பராமரிக்கப்படவில்லை இந்த பிரச்சனையை கவனிக்கவும்.,Municipal Corporation,High
I want to report that I cannot submit my application online Kindly resolve this issue.,e-Governance,Low
Kindly look into this: The government facility roof is leaking Kindly resolve this issue.,Public Works,Medium
I want to report that I need a copy of the land survey map Please take necessary action.,Revenue & Land Records,High
இந்த பிரச்சனையை கவனிக்கவும்: அரசு ஆன்லைன் தளம் வேலை செய்யவில்லை தயவுசெய்து இந்த பிரச்சனையை தீர்க்கவும்.,e-Governance,High
कृपया मदद करें। घर निर्माण की सब्सिडी अभी तक नहीं मिली है,Housing,Medium
इस समस्या पर ध्यान दें: कचरा संग्रह कर्मचारी नियमित रूप से नहीं आ रहे हैं कृपया आवश्यक कार्रवाई करें।,Waste Management,Medium
ദയവായി ഇത് പരിഹരിക്കുക. എന്റെ പുതിയ റേഷൻ കാർഡ് നൽകിയിട്ടില്ല,Food & Civil Supplies,High
தயவுசெய்து உதவுங்கள். தண்ணீர் விநியோக அட்டவணை பின்பற்றப்படவில்லை தயவுசெய்து தேவையான நடவடிக்கை எடுக்கவும்.,Water Services,High
ഈ പ്രശ്നത്തെക്കുറിച്ച് പരാതി നൽകുന്നു: ഞങ്ങളുടെ പ്രദേശത്ത് കുടിവെള്ള വിതരണം ഇല്ല ദയവായി ഈ വിഷയം പരിശോധിക്കുക.,Water Services,Low
தயவுசெய்து உதவுங்கள். எங்கள் பகுதியில் நடந்த திருட்டை புகார் செய்ய விரும்புகிறேன் தயவுசெய்து தேவையான நடவடிக்கை எடுக்கவும்.,Police,Critical
Kindly look into this: My scholarship has not been credited Please take necessary action.,Education,Medium
Kindly look into this: My digital application has not been processed Please take necessary action.,e-Governance,Low
ദയവായി സഹായിക്കണം. ക്ഷേമ പദ്ധതിക്ക് അപേക്ഷിക്കാൻ സഹായം വേണം ദയവായി ഈ വിഷയം പരിശോധിക്കുക.,Social Welfare,Medium
ഈ പ്രശ്നത്തെക്കുറിച്ച് പരാതി നൽകുന്നു: ആരോ എന്റെ സ്വത്തിന് കേടുപാടുകൾ വരുത്തി,Police,High
मैं शिकायत करना चाहता हूं कि मेरे बच्चे का कल्याण लाभ नहीं मिला है,Women & Child Welfare,Medium
Please help. The public toilet in our locality is not maintained,Municipal Corporation,Medium
Please help. The government building needs urgent maintenance,Public Works,Low
I would like to complain that I need help with a women welfare scheme,Women & Child Welfare,Medium
ദയവായി ഇത് പരിഹരിക്കുക. ഞങ്ങളുടെ പ്രദേശത്ത് ദിവസവും വൈദ്യുതി മുടങ്ങുന്നു ദയവായി ഈ വിഷയം പരിശോധിക്കുക.,Electricity,High
ദയവായി സഹായിക്കണം. സർക്കാർ ഹോസ്റ്റലിൽ മികച്ച സൗകര്യങ്ങൾ ആവശ്യമാണ് ദയവായി ഈ പ്രശ്നം പരിഹരിക്കുക.,Education,Low
இந்த பிரச்சனையை கவனிக்கவும்: எங்கள் குடியிருப்பு பகுதியில் சந்தேகமான நபர் உள்ளார் இந்த பிரச்சனையை கவனிக்கவும்.,Police,Medium
தயவுசெய்து இதை சரி செய்யுங்கள். எங்கள் பகுதியில் உள்ள பூங்கா சரியாக பராமரிக்கப்படவில்லை தயவுசெய்து தேவையான நடவடிக்கை எடுக்கவும்.,Municipal Corporation,Medium
പൊതു പൈപ്പിലൂടെ മലിനമായ വെള്ളം വരുന്നു ദയവായി ആവശ്യമായ നടപടി സ്വീകരിക്കുക.,Water Services,Medium
தயவுசெய்து இதை சரி செய்யுங்கள். நலத்துறை அலுவலகம் பதிலளிக்கவில்லை இந்த பிரச்சனையை கவனிக்கவும்.,Social Welfare,Low
मैं शिकायत करना चाहता हूं कि डिजिटल सरकारी सेवा उपलब्ध नहीं है,e-Governance,High
कृपया मदद करें। कचरा वाहन हमारे इलाके में आना बंद कर चुका है,Waste Management,Medium
പട്ട കൈമാറ്റ അപേക്ഷ പരിഗണനയിലാണ്,Revenue & Land Records,High
I want to report that I have not received my monthly ration Kindly resolve this issue.,Food & Civil Supplies,Medium
ഈ പ്രശ്നത്തെക്കുറിച്ച് പരാതി നൽകുന്നു: എന്റെ തൊഴിലില്ലായ്മ സഹായ അപേക്ഷ പരിഗണനയിലാണ് ദയവായി ആവശ്യമായ നടപടി സ്വീകരിക്കുക.,Labour & Employment,Medium
தயவுசெய்து இதை சரி செய்யுங்கள். எனது டிஜிட்டல் விண்ணப்பம் செயல்படுத்தப்படவில்லை இந்த பிரச்சனையை கவனிக்கவும்.,e-Governance,Medium
ഈ പ്രശ്നത്തെക്കുറിച്ച് പരാതി നൽകുന്നു: എനിക്ക് ഭീഷണി സന്ദേശം ലഭിച്ചു ദയവായി ഈ വിഷയം പരിശോധിക്കുക.,Police,High
தயவுசெய்து உதவுங்கள். கல்லூரி எனது சான்றிதழை வழங்கவில்லை தயவுசெய்து தேவையான நடவடிக்கை எடுக்கவும்.,Education,Medium
कृपया मदद करें। सार्वजनिक पानी की पाइपलाइन में रिसाव है,Water Services,Medium
എനിക്ക് ഈ മാസത്തെ പെൻഷൻ ലഭിച്ചിട്ടില്ല ദയവായി ഈ പ്രശ്നം പരിഹരിക്കുക.,Social Welfare,Medium
എനിക്ക് പോലീസിൽ പരാതി നൽകണം ദയവായി ആവശ്യമായ നടപടി സ്വീകരിക്കുക.,Police,Medium
இந்த பிரச்சனையை கவனிக்கவும்: டிஜிட்டல் அரசு சேவை கிடைக்கவில்லை இந்த பிரச்சனையை கவனிக்கவும்.,e-Governance,Medium
Please help. I have not received my worker welfare payment Kindly resolve this issue.,Labour & Employment,High
தயவுசெய்து இதை சரி செய்யுங்கள். எனது கல்வி உதவித்தொகை விண்ணப்பம் நிலுவையில் உள்ளது இந்த பிரச்சனையை கவனிக்கவும்.,Education,Medium
எங்கள் பகுதியில் கழிவுநீர் குழாய் அடைத்துள்ளது இந்த பிரச்சனையை கவனிக்கவும்.,Drainage & Sewerage,High
இந்த பிரச்சனையை கவனிக்கவும்: நான் காவல்துறையில் புகார் அளிக்க வேண்டும் இந்த பிரச்சனையை கவனிக்கவும்.,Police,Low
I want to report that My student scholarship application is pending,Education,Medium
Please help. The road surface becomes dangerous during rain Please look into this matter.,Roads & Highways,Critical
நேற்று முதல் எங்கள் தெருவிற்கு தண்ணீர் வரவில்லை தயவுசெய்து இந்த பிரச்சனையை தீர்க்கவும்.,Water Services,Low
தயவுசெய்து இதை சரி செய்யுங்கள். எங்கள் தெருவின் அருகே கழிவுநீர் குழாய் உடைந்துள்ளது,Drainage & Sewerage,High
எங்கள் அரசுப் பள்ளியில் கணினிகள் இல்லை தயவுசெய்து இந்த பிரச்சனையை தீர்க்கவும்.,Education,High
ഈ പ്രശ്നത്തെക്കുറിച്ച് പരാതി നൽകുന്നു: അനധികൃത മരം മുറിക്കൽ റിപ്പോർട്ട് ചെയ്യണം ദയവായി ആവശ്യമായ നടപടി സ്വീകരിക്കുക.,Environment & Forest,High
Kindly look into this: Our water pressure is extremely low Kindly resolve this issue.,Water Services,Medium
I want to report that The public infrastructure is poorly maintained Please look into this matter.,Public Works,Medium
இந்த பிரச்சனை குறித்து புகார் அளிக்கிறேன்: எங்கள் பகுதியில் குப்பை சேகரிப்பு சீராக இல்லை தயவுசெய்து தேவையான நடவடிக்கை எடுக்கவும்.,Waste Management,Low
कृपया इस समस्या को देखें: सड़क के पास बिजली का तार खतरनाक तरीके से लटक रहा है कृपया इस समस्या का समाधान करें।,Electricity,High
ഈ പ്രശ്നം ശ്രദ്ധിക്കുക: ഇന്നലെ മുതൽ ഞങ്ങളുടെ തെരുവിൽ വെള്ളം എത്തിയിട്ടില്ല ദയവായി ആവശ്യമായ നടപടി സ്വീകരിക്കുക.,Water Services,High
இந்த பிரச்சனை குறித்து புகார் அளிக்கிறேன்: எங்கள் பள்ளியில் சரியான வகுப்பறை வசதிகள் இல்லை,Education,Medium
ദയവായി ഇത് പരിഹരിക്കുക. വെള്ള കണക്ഷൻ അപേക്ഷ ഇപ്പോഴും പരിഗണനയിലാണ്,Water Services,Low
I would like to complain that The government building needs urgent maintenance Please look into this matter.,Public Works,Low
मैं शिकायत करना चाहता हूं कि आवास विभाग ने जवाब नहीं दिया है कृपया इस मामले को देखें।,Housing,High
Kindly look into this: The school library does not have enough books Please take necessary action.,Education,High
ദയവായി ഇത് പരിഹരിക്കുക. എന്റെ ഡിജിറ്റൽ അപേക്ഷയിൽ നടപടി ഉണ്ടായിട്ടില്ല,e-Governance,High
എന്റെ റേഷൻ കാർഡ് അപേക്ഷ പരിഗണനയിലാണ് ദയവായി ഈ വിഷയം പരിശോധിക്കുക.,Food & Civil Supplies,Medium
எனது ஆன்லைன் விண்ணப்ப நிலை மாறவில்லை,e-Governance,Low
इस समस्या पर ध्यान दें: भूमिगत जल निकासी व्यवस्था बंद है कृपया इस मामले को देखें।,Drainage & Sewerage,High
ഈ പ്രശ്നത്തെക്കുറിച്ച് പരാതി നൽകുന്നു: എന്റെ തൊഴിലാളി രജിസ്ട്രേഷൻ അപേക്ഷ പരിഗണനയിലാണ് ദയവായി ആവശ്യമായ നടപടി സ്വീകരിക്കുക.,Labour & Employment,Medium
Kindly look into this: The ambulance service is not responding Please look into this matter.,Health,Medium
इस समस्या पर ध्यान दें: फसल के नुकसान के लिए सहायता चाहिए,Agriculture,High
इस समस्या पर ध्यान दें: मुझे रोजगार योजनाओं की जानकारी चाहिए कृपया इस मामले को देखें।,Labour & Employment,Medium
ദയവായി സഹായിക്കണം. ഭൂഗർഭ ഡ്രെയിനേജ് സംവിധാനം അടഞ്ഞിരിക്കുന്നു ദയവായി ഈ പ്രശ്നം പരിഹരിക്കുക.,Drainage & Sewerage,High
I want to report that The hospital pharmacy has no medicines Please take necessary action.,Health,High
ഈ പ്രശ്നത്തെക്കുറിച്ച് പരാതി നൽകുന്നു: എന്റെ ഭൂമി മ്യൂട്ടേഷൻ അപേക്ഷ പരിഗണനയിലാണ് ദയവായി ഈ പ്രശ്നം പരിഹരിക്കുക.,Revenue & Land Records,Medium
ഈ പ്രശ്നം ശ്രദ്ധിക്കുക: എന്റെ ഗുണഭോക്തൃ വിവരങ്ങൾ തെറ്റാണ് ദയവായി ആവശ്യമായ നടപടി സ്വീകരിക്കുക.,Social Welfare,Medium
ഈ പ്രശ്നം ശ്രദ്ധിക്കുക: എനിക്ക് തൊഴിൽ ആനുകൂല്യം ലഭിച്ചിട്ടില്ല ദയവായി ഈ വിഷയം പരിശോധിക്കുക.,Labour & Employment,Low
ഈ പ്രശ്നം ശ്രദ്ധിക്കുക: എന്റെ മെഡിക്കൽ റിപ്പോർട്ട് വൈകിയിരിക്കുന്നു,Health,Low
ഈ പ്രശ്നത്തെക്കുറിച്ച് പരാതി നൽകുന്നു: ഞങ്ങളുടെ പ്രദേശത്തെ മാലിന്യപ്പെട്ടികൾ നിറഞ്ഞുകവിഞ്ഞു ദയവായി ആവശ്യമായ നടപടി സ്വീകരിക്കുക.,Waste Management,Low
ദയവായി ഇത് പരിഹരിക്കുക. മാലിന്യ ശേഖരണ തൊഴിലാളികൾ പതിവായി വരുന്നില്ല ദയവായി ഈ വിഷയം പരിശോധിക്കുക.,Waste Management,Medium
தயவுசெய்து உதவுங்கள். முக்கிய சாலையில் பெரிய பள்ளம் உள்ளது இந்த பிரச்சனையை கவனிக்கவும்.,Roads & Highways,Medium
இந்த பிரச்சனை குறித்து புகார் அளிக்கிறேன்: தண்ணீர் இணைப்பு விண்ணப்பம் இன்னும் நிலுவையில் உள்ளது,Water Services,Medium
The government hostel needs better facilities Please take necessary action.,Education,High
Please help. Government buses are not operating regularly Please take necessary action.,Transport,High
இந்த பிரச்சனையை கவனிக்கவும்: குப்பை வாகனம் எங்கள் பகுதிக்கு வருவதை நிறுத்திவிட்டது தயவுசெய்து தேவையான நடவடிக்கை எடுக்கவும்.,Waste Management,Low
ദയവായി സഹായിക്കണം. എന്റെ വൈദ്യുതി ബില്ലിൽ തെറ്റായ റീഡിംഗ് കാണിക്കുന്നു ദയവായി ആവശ്യമായ നടപടി സ്വീകരിക്കുക.,Electricity,High
I want to report that My medical report has been delayed Please take necessary action.,Health,Medium
मैं शिकायत करना चाहता हूं कि मैं अवैध पेड़ कटाई की शिकायत करना चाहता हूं,Environment & Forest,Medium
இந்த பிரச்சனையை கவனிக்கவும்: எங்கள் கிராமத்திற்கு அருகிலுள்ள ஆறு மாசடைந்துள்ளது தயவுசெய்து இந்த பிரச்சனையை தீர்க்கவும்.,Environment & Forest,High
ശേഖരിക്കാത്ത മാലിന്യം ദുർഗന്ധം ഉണ്ടാക്കുന്നു ദയവായി ഈ വിഷയം പരിശോധിക്കുക.,Waste Management,High
இந்த பிரச்சனை குறித்து புகார் அளிக்கிறேன்: எனக்கு மிரட்டல் செய்தி வந்துள்ளது தயவுசெய்து தேவையான நடவடிக்கை எடுக்கவும்.,Police,Low
தயவுசெய்து உதவுங்கள். என் வீட்டின் அருகிலுள்ள கழிவுநீர் குழாய் அடைத்துள்ளது,Drainage & Sewerage,Medium
ദയവായി സഹായിക്കണം. ഒരു ഫാക്ടറി ഗുരുതരമായ വായു മലിനീകരണം ഉണ്ടാക്കുന്നു ദയവായി ഈ പ്രശ്നം പരിഹരിക്കുക.,Environment & Forest,High
எனது வாகனம் திருடப்பட்டுள்ளது தயவுசெய்து இந்த பிரச்சனையை தீர்க்கவும்.,Police,High
Kindly look into this: The electricity meter is not functioning correctly Please take necessary action.,Electricity,High
இந்த பிரச்சனை குறித்து புகார் அளிக்கிறேன்: எங்கள் கிராமத்திற்கு அருகிலுள்ள ஆறு மாசடைந்துள்ளது,Environment & Forest,Low
தயவுசெய்து இதை சரி செய்யுங்கள். எனது வீட்டு திட்ட உதவி இன்னும் கிடைக்கவில்லை,Housing,High
இந்த பிரச்சனையை கவனிக்கவும்: நியாய விலைக் கடை வேலை நேரத்தில் திறக்கப்படவில்லை தயவுசெய்து தேவையான நடவடிக்கை எடுக்கவும்.,Food & Civil Supplies,Low
बाजार के पास कचरे का डिब्बा भर गया है कृपया इस समस्या का समाधान करें।,Waste Management,High
വ്യവസായ യൂണിറ്റിൽ നിന്ന് അമിതമായ പുക വരുന്നു ദയവായി ഈ വിഷയം പരിശോധിക്കുക.,Environment & Forest,Low
தயவுசெய்து உதவுங்கள். எனது வீட்டு உதவி விண்ணப்பம் நிலுவையில் உள்ளது தயவுசெய்து தேவையான நடவடிக்கை எடுக்கவும்.,Housing,Medium
There is sewage water outside our house,Drainage & Sewerage,High
എന്റെ ക്ഷേമ സർട്ടിഫിക്കറ്റ് നൽകിയിട്ടില്ല ദയവായി ഈ പ്രശ്നം പരിഹരിക്കുക.,Social Welfare,High
सरकारी भवन की छत से पानी टपक रहा है कृपया आवश्यक कार्रवाई करें।,Public Works,Medium
இந்த பிரச்சனையை கவனிக்கவும்: மின் மீட்டர் சரியாக வேலை செய்யவில்லை,Electricity,Medium
ദയവായി സഹായിക്കണം. മാർക്കറ്റിന് സമീപമുള്ള മാലിന്യപ്പെട്ടി നിറഞ്ഞു,Waste Management,High
இந்த பிரச்சனை குறித்து புகார் அளிக்கிறேன்: யாரோ எனது சொத்தை சேதப்படுத்தியுள்ளனர்,Police,Medium
இந்த பிரச்சனையை கவனிக்கவும்: பெண்கள் நலத்துறையின் உதவி வேண்டும் தயவுசெய்து இந்த பிரச்சனையை தீர்க்கவும்.,Women & Child Welfare,High
இந்த பிரச்சனை குறித்து புகார் அளிக்கிறேன்: எங்கள் கிராமத்திற்கு அருகிலுள்ள ஆறு மாசடைந்துள்ளது இந்த பிரச்சனையை கவனிக்கவும்.,Environment & Forest,Low
தயவுசெய்து உதவுங்கள். ஊராட்சி அலுவலகம் எங்கள் புகாருக்கு பதிலளிக்கவில்லை தயவுசெய்து இந்த பிரச்சனையை தீர்க்கவும்.,Rural Development / Panchayat,Medium
தயவுசெய்து உதவுங்கள். காட்டிற்கு அருகில் சட்டவிரோதமாக கழிவுகள் கொட்டப்படுகின்றன தயவுசெய்து தேவையான நடவடிக்கை எடுக்கவும்.,Environment & Forest,Medium
मैं शिकायत करना चाहता हूं कि किसानों को सिंचाई का पानी नहीं मिल रहा है कृपया आवश्यक कार्रवाई करें।,Agriculture,Critical
मैं शिकायत करना चाहता हूं कि मेरे घर के बाहर बिजली का खंभा खराब है कृपया आवश्यक कार्रवाई करें।,Electricity,Low
ഹൈവേയുടെ ഉപരിതലം വളരെ മോശമായി കേടായിട്ടുണ്ട്,Roads & Highways,Low
கிராம வளர்ச்சி பணி தாமதமாகியுள்ளது இந்த பிரச்சனையை கவனிக்கவும்.,Rural Development / Panchayat,Medium
मैं शिकायत करना चाहता हूं कि स्वास्थ्य केंद्र में बहुत ज्यादा भीड़ है कृपया आवश्यक कार्रवाई करें।,Health,Low
कृपया मदद करें। उर्वरक की आपूर्ति में देरी हो रही है,Agriculture,High
தயவுசெய்து இதை சரி செய்யுங்கள். எனது குழந்தை நல விண்ணப்பம் தாமதமாகியுள்ளது தயவுசெய்து இந்த பிரச்சனையை தீர்க்கவும்.,Women & Child Welfare,High
The vaccination service is unavailable Please look into this matter.,Health,Medium
മാർക്കറ്റിന് സമീപമുള്ള മാലിന്യപ്പെട്ടി നിറഞ്ഞു,Waste Management,High
I want to report that The garbage container near the market is overflowing Please look into this matter.,Waste Management,Medium
Please help. A sewage manhole is overflowing Please take necessary action.,Drainage & Sewerage,High
ഈ പ്രശ്നത്തെക്കുറിച്ച് പരാതി നൽകുന്നു: എന്റെ പ്രസവാനുകൂല്യ അപേക്ഷ പരിഗണനയിലാണ് ദയവായി ഈ വിഷയം പരിശോധിക്കുക.,Women & Child Welfare,High
ദയവായി ഇത് പരിഹരിക്കുക. എന്റെ ഭൂമി രേഖയിൽ തെറ്റായ വിവരമുണ്ട്,Revenue & Land Records,High
कृपया इस समस्या को देखें: मेरा प्रवेश आवेदन अभी भी लंबित है कृपया इस मामले को देखें।,Education,Low
ദയവായി ഇത് പരിഹരിക്കുക. ന്യായവില കട ജോലി സമയത്ത് തുറക്കുന്നില്ല,Food & Civil Supplies,Low
இந்த பிரச்சனையை கவனிக்கவும்: சாலை பழுதுபார்ப்பு பணி தாமதமாகியுள்ளது இந்த பிரச்சனையை கவனிக்கவும்.,Roads & Highways,Low
The government office building needs repair Please take necessary action.,Public Works,High
ദയവായി സഹായിക്കണം. മഴയ്ക്ക് ശേഷം സീവർ വെള്ളം പുറത്തേക്ക് ഒഴുകുന്നു ദയവായി ഈ വിഷയം പരിശോധിക്കുക.,Drainage & Sewerage,Medium
I would like to complain that The water connection application is still pending Please take necessary action.,Water Services,High
ദയവായി ഇത് പരിഹരിക്കുക. ഞങ്ങളുടെ താമസ പ്രദേശത്ത് മികച്ച മുനിസിപ്പൽ സേവനങ്ങൾ ആവശ്യമാണ് ദയവായി ഈ വിഷയം പരിശോധിക്കുക.,Municipal Corporation,Low
தயவுசெய்து உதவுங்கள். எனது குழந்தை நலத்தொகை கிடைக்கவில்லை,Women & Child Welfare,High
I would like to complain that The bus service to our village has been reduced Please take necessary action.,Transport,Low
सरकारी अस्पताल में बेड उपलब्ध नहीं हैं कृपया आवश्यक कार्रवाई करें।,Health,High
ഈ പ്രശ്നത്തെക്കുറിച്ച് പരാതി നൽകുന്നു: സർക്കാർ ആശുപത്രിയിൽ ആവശ്യമായ മരുന്നുകൾ ലഭ്യമല്ല,Health,High
Kindly look into this: The government office requires electrical repairs Please look into this matter.,Public Works,Medium
मेरी मेडिकल रिपोर्ट में देरी हो रही है कृपया आवश्यक कार्रवाई करें।,Health,Medium
I want to report that The public tap has stopped working Please look into this matter.,Water Services,Medium
कृपया इस समस्या को देखें: सरकारी भवन की छत से पानी टपक रहा है कृपया इस मामले को देखें।,Public Works,Medium
ഞങ്ങളുടെ വാർഡിലെ പൊതു സൗകര്യത്തിന് അറ്റകുറ്റപ്പണി ആവശ്യമാണ് ദയവായി ഈ വിഷയം പരിശോധിക്കുക.,Municipal Corporation,Low
இந்த பிரச்சனையை கவனிக்கவும்: எனது வேலை இழப்பு உதவி விண்ணப்பம் நிலுவையில் உள்ளது தயவுசெய்து இந்த பிரச்சனையை தீர்க்கவும்.,Labour & Employment,Medium
ദയവായി സഹായിക്കണം. എന്റെ പ്രവേശന അപേക്ഷ ഇപ്പോഴും പരിഗണനയിലാണ് ദയവായി ഈ വിഷയം പരിശോധിക്കുക.,Education,Low
ഈ പ്രശ്നം ശ്രദ്ധിക്കുക: ഞങ്ങളുടെ താമസ പ്രദേശത്ത് മികച്ച മുനിസിപ്പൽ സേവനങ്ങൾ ആവശ്യമാണ് ദയവായി ആവശ്യമായ നടപടി സ്വീകരിക്കുക.,Municipal Corporation,Medium
कृपया इस समस्या को देखें: राजमार्ग पर कई दरारें हैं कृपया इस समस्या का समाधान करें।,Roads & Highways,Low
எங்கள் தெருவில் குப்பை சேகரிக்கப்படவில்லை இந்த பிரச்சனையை கவனிக்கவும்.,Waste Management,High
Kindly look into this: I am unable to access the online citizen service,e-Governance,High
தயவுசெய்து உதவுங்கள். நகராட்சி அலுவலகம் எங்கள் புகாருக்கு பதிலளிக்கவில்லை,Municipal Corporation,Medium
ദയവായി ഇത് പരിഹരിക്കുക. പൊതു ബസിൽ പതിവായി വലിയ തിരക്കാണ്,Transport,Medium
இந்த பிரச்சனையை கவனிக்கவும்: தொழிற்சாலையில் இருந்து அதிக புகை வருகிறது தயவுசெய்து இந்த பிரச்சனையை தீர்க்கவும்.,Environment & Forest,Medium
இந்த பிரச்சனை குறித்து புகார் அளிக்கிறேன்: அரசு வீட்டு ஒதுக்கீடு தாமதமாகியுள்ளது தயவுசெய்து தேவையான நடவடிக்கை எடுக்கவும்.,Housing,High
कृपया मदद करें। मैं अपने इलाके में हुई चोरी की शिकायत करना चाहता हूं कृपया इस मामले को देखें।,Police,Critical
ദയവായി സഹായിക്കണം. എന്റെ ഭൂമി രേഖയിൽ തെറ്റായ വിവരമുണ്ട് ദയവായി ആവശ്യമായ നടപടി സ്വീകരിക്കുക.,Revenue & Land Records,Low
I want to report that The bus route has been changed without notice Kindly resolve this issue.,Transport,High
Kindly look into this: The government child support payment is pending Kindly resolve this issue.,Women & Child Welfare,High
इस समस्या पर ध्यान दें: हमारे घर के बाहर सीवेज का पानी जमा है,Drainage & Sewerage,Medium
எனது நில பதிவில் தவறான தகவல் உள்ளது,Revenue & Land Records,Low
My social welfare pension has not been credited Kindly resolve this issue.,Social Welfare,Medium
I want to report that I have not received my employment benefit,Labour & Employment,Low
ദയവായി ഇത് പരിഹരിക്കുക. ഡിജിറ്റൽ സർക്കാർ സേവനം ലഭ്യമല്ല,e-Governance,Medium
இந்த பிரச்சனை குறித்து புகார் அளிக்கிறேன்: அரசு வீட்டு ஒதுக்கீடு தாமதமாகியுள்ளது இந்த பிரச்சனையை கவனிக்கவும்.,Housing,High
ദയവായി സഹായിക്കണം. സ്കൂൾ ലൈബ്രറിയിൽ മതിയായ പുസ്തകങ്ങൾ ഇല്ല ദയവായി ആവശ്യമായ നടപടി സ്വീകരിക്കുക.,Education,Low
இந்த பிரச்சனை குறித்து புகார் அளிக்கிறேன்: பொது அலுவலக கட்டிடத்தில் கட்டமைப்பு சேதம் உள்ளது தயவுசெய்து இந்த பிரச்சனையை தீர்க்கவும்.,Public Works,High
मैं शिकायत करना चाहता हूं कि आवास विभाग ने जवाब नहीं दिया है कृपया इस समस्या का समाधान करें।,Housing,Medium
இந்த பிரச்சனை குறித்து புகார் அளிக்கிறேன்: எங்கள் பகுதியில் தண்ணீர் விநியோகம் நிறுத்தப்பட்டுள்ளது தயவுசெய்து இந்த பிரச்சனையை தீர்க்கவும்.,Water Services,Medium
I want to report that Industrial waste is entering the nearby water body Kindly resolve this issue.,Environment & Forest,High
I want to report that My crop has been damaged by pests Kindly resolve this issue.,Agriculture,Medium
இந்த பிரச்சனையை கவனிக்கவும்: எங்கள் பகுதியில் குடிநீர் பற்றாக்குறை உள்ளது தயவுசெய்து இந்த பிரச்சனையை தீர்க்கவும்.,Water Services,Medium
Kindly look into this: The government hostel needs better facilities Please look into this matter.,Education,Medium
எங்கள் கிராமத்திற்கு சிறந்த பொது வசதிகள் தேவை,Rural Development / Panchayat,Medium
இந்த பிரச்சனை குறித்து புகார் அளிக்கிறேன்: எனது மாற்றுத்திறனாளர் உதவித்தொகை தாமதமாகியுள்ளது,Social Welfare,Low
இந்த பிரச்சனையை கவனிக்கவும்: அரசின் குழந்தை உதவித்தொகை நிலுவையில் உள்ளது தயவுசெய்து தேவையான நடவடிக்கை எடுக்கவும்.,Women & Child Welfare,Medium
எங்கள் வார்டில் உள்ள பொது வசதிக்கு பராமரிப்பு தேவை இந்த பிரச்சனையை கவனிக்கவும்.,Municipal Corporation,Low
I need a copy of my land document Please look into this matter.,Revenue & Land Records,Low
मैं शिकायत करना चाहता हूं कि सार्वजनिक भवन की दीवारों में दरारें हैं कृपया इस मामले को देखें।,Public Works,Low
ഞങ്ങളുടെ പ്രദേശത്ത് കുടിവെള്ള വിതരണം ഇല്ല ദയവായി ആവശ്യമായ നടപടി സ്വീകരിക്കുക.,Water Services,Medium
ഈ പ്രശ്നത്തെക്കുറിച്ച് പരാതി നൽകുന്നു: സർക്കാർ കുട്ടി സഹായ തുക പരിഗണനയിലാണ് ദയവായി ഈ പ്രശ്നം പരിഹരിക്കുക.,Women & Child Welfare,Medium
ഈ പ്രശ്നത്തെക്കുറിച്ച് പരാതി നൽകുന്നു: എന്റെ വീടിന് സമീപമുള്ള തെരുവ് വിളക്ക് തൂൺ കേടായിട്ടുണ്ട്,Municipal Corporation,High
इस समस्या पर ध्यान दें: टीकाकरण सेवा उपलब्ध नहीं है कृपया इस मामले को देखें।,Health,Low
Please help. The public water pipeline is leaking Please look into this matter.,Water Services,Medium
इस समस्या पर ध्यान दें: हमारे क्षेत्र में बीजों की कमी है कृपया इस समस्या का समाधान करें।,Agriculture,High
कृपया मदद करें। कचरा संग्रह कर्मचारी नियमित रूप से नहीं आ रहे हैं कृपया इस मामले को देखें।,Waste Management,Medium
Kindly look into this: I want to report illegal tree cutting,Environment & Forest,Low
मैं शिकायत करना चाहता हूं कि नगर निगम के कर्मचारी हमारी सड़क की सफाई नहीं कर रहे हैं कृपया इस मामले को देखें।,Municipal Corporation,High
தயவுசெய்து உதவுங்கள். ஆன்லைன் சேவை அடிக்கடி செயலிழக்கிறது,e-Governance,Medium
कृपया इस समस्या को देखें: मुझे आवास योजना का लाभ अभी तक नहीं मिला है कृपया इस समस्या का समाधान करें।,Housing,Medium
இந்த பிரச்சனை குறித்து புகார் அளிக்கிறேன்: எங்கள் பகுதியில் அடிக்கடி மின்னழுத்த ஏற்ற இறக்கம் ஏற்படுகிறது தயவுசெய்து இந்த பிரச்சனையை தீர்க்கவும்.,Electricity,Medium
தயவுசெய்து இதை சரி செய்யுங்கள். எங்கள் வீட்டருகே உள்ள தெருவிளக்கு கம்பம் சேதமடைந்துள்ளது தயவுசெய்து இந்த பிரச்சனையை தீர்க்கவும்.,Municipal Corporation,High
मैं शिकायत करना चाहता हूं कि सरकारी आवास आवंटन में देरी हो रही है कृपया इस मामले को देखें।,Housing,Medium
இந்த பிரச்சனையை கவனிக்கவும்: வேளாண் அதிகாரி எங்கள் கிராமத்திற்கு வரவில்லை தயவுசெய்து தேவையான நடவடிக்கை எடுக்கவும்.,Agriculture,High
इस समस्या पर ध्यान दें: मेरा श्रमिक पंजीकरण आवेदन लंबित है कृपया इस समस्या का समाधान करें।,Labour & Employment,Medium
இந்த பிரச்சனை குறித்து புகார் அளிக்கிறேன்: எனது காவல் புகாருக்கு இன்னும் பதில் கிடைக்கவில்லை தயவுசெய்து தேவையான நடவடிக்கை எடுக்கவும்.,Police,Medium
இந்த பிரச்சனையை கவனிக்கவும்: கிராம நலத்திட்டம் நிலுவையில் உள்ளது தயவுசெய்து இந்த பிரச்சனையை தீர்க்கவும்.,Rural Development / Panchayat,Low
நெடுஞ்சாலை மிகவும் சேதமடைந்துள்ளது தயவுசெய்து தேவையான நடவடிக்கை எடுக்கவும்.,Roads & Highways,Medium
I want to report that The public building has damaged doors Please take necessary action.,Public Works,Low
தயவுசெய்து இதை சரி செய்யுங்கள். எனது சமூக நல ஓய்வூதியம் வரவில்லை,Social Welfare,Medium
இந்த பிரச்சனை குறித்து புகார் அளிக்கிறேன்: எனது மலிவு விலை வீட்டு விண்ணப்பம் நிலுவையில் உள்ளது இந்த பிரச்சனையை கவனிக்கவும்.,Housing,High
தயவுசெய்து இதை சரி செய்யுங்கள். எனது நலச் சான்றிதழ் வழங்கப்படவில்லை தயவுசெய்து தேவையான நடவடிக்கை எடுக்கவும்.,Social Welfare,Medium
Kindly look into this: I need help with a women welfare scheme Please look into this matter.,Women & Child Welfare,Medium
Please help. The government website is showing an error Please take necessary action.,e-Governance,Medium
मैं शिकायत करना चाहता हूं कि एक विवाद में पुलिस की सहायता चाहिए,Police,Low
कृपया इस समस्या को देखें: सरकारी बस अपने समय का पालन नहीं कर रही है कृपया इस मामले को देखें।,Transport,Low
इस समस्या पर ध्यान दें: पानी के कनेक्शन का आवेदन अभी लंबित है,Water Services,Low
I want to report that I received a threatening message,Police,High
कृपया इस समस्या को देखें: मेरी छात्रवृत्ति का आवेदन लंबित है कृपया इस मामले को देखें।,Education,Low
The government clinic is not open during working hours Kindly resolve this issue.,Health,Medium
ഈ പ്രശ്നം ശ്രദ്ധിക്കുക: സർക്കാർ തൊഴിൽ പദ്ധതിയിൽ ജോലി ലഭിച്ചിട്ടില്ല ദയവായി ആവശ്യമായ നടപടി സ്വീകരിക്കുക.,Labour & Employment,Low
இந்த பிரச்சனையை கவனிக்கவும்: வேளாண் அதிகாரி எங்கள் கிராமத்திற்கு வரவில்லை தயவுசெய்து இந்த பிரச்சனையை தீர்க்கவும்.,Agriculture,Medium
कृपया मदद करें। बिना सूचना के बस मार्ग बदल दिया गया है कृपया इस समस्या का समाधान करें।,Transport,Low
தயவுசெய்து இதை சரி செய்யுங்கள். மின்தடைக்குப் பிறகு மின்சாரம் மீண்டும் வழங்கப்படவில்லை இந்த பிரச்சனையை கவனிக்கவும்.,Electricity,Low
ദയവായി ഇത് പരിഹരിക്കുക. സർക്കാർ ആശുപത്രിയിൽ കിടക്കകൾ ലഭ്യമല്ല ദയവായി ഈ പ്രശ്നം പരിഹരിക്കുക.,Health,High
தயவுசெய்து இதை சரி செய்யுங்கள். எனது வீட்டு உதவி விண்ணப்பம் நிலுவையில் உள்ளது தயவுசெய்து தேவையான நடவடிக்கை எடுக்கவும்.,Housing,Medium
My child welfare application has been delayed Please look into this matter.,Women & Child Welfare,Medium
தயவுசெய்து இதை சரி செய்யுங்கள். எங்கள் கிராமத்திற்கான பேருந்து சேவை குறைக்கப்பட்டுள்ளது தயவுசெய்து இந்த பிரச்சனையை தீர்க்கவும்.,Transport,Medium
I would like to complain that The road surface becomes dangerous during rain Please look into this matter.,Roads & Highways,Critical
मैं शिकायत करना चाहता हूं कि मुझे सार्वजनिक परिवहन सेवाओं की जानकारी चाहिए कृपया आवश्यक कार्रवाई करें।,Transport,Medium
Please help. The municipal office has not responded to our complaint Please look into this matter.,Municipal Corporation,Medium
இந்த பிரச்சனை குறித்து புகார் அளிக்கிறேன்: எங்கள் வீட்டிற்கு வெளியே உள்ள மின்கம்பம் சேதமடைந்துள்ளது இந்த பிரச்சனையை கவனிக்கவும்.,Electricity,Medium
इस समस्या पर ध्यान दें: नगरपालिका की पानी की पाइपलाइन खराब है कृपया इस समस्या का समाधान करें।,Water Services,High
ദയവായി ഇത് പരിഹരിക്കുക. സർക്കാർ കെട്ടിടത്തിലെ ഡ്രെയിനേജ് നന്നാക്കണം,Public Works,Medium
The rural welfare project is pending Please take necessary action.,Rural Development / Panchayat,Low
இந்த பிரச்சனையை கவனிக்கவும்: எங்கள் பகுதியில் சட்டவிரோதமாக மரங்கள் வெட்டப்படுகின்றன இந்த பிரச்சனையை கவனிக்கவும்.,Environment & Forest,High
I would like to complain that The bus route has been changed without notice Please look into this matter.,Transport,Low
தயவுசெய்து உதவுங்கள். சாலையின் ஓரம் இடிந்து விழுந்துள்ளது,Roads & Highways,High
ദയവായി സഹായിക്കണം. ഞങ്ങളുടെ വാർഡിലെ പൊതു സൗകര്യത്തിന് അറ്റകുറ്റപ്പണി ആവശ്യമാണ്,Municipal Corporation,High
வேலைவாய்ப்பு திட்டங்கள் குறித்து தகவல் வேண்டும்,Labour & Employment,Low
I would like to complain that My ration card application is pending,Food & Civil Supplies,Low
Please help. There is a shortage of seeds in our area Kindly resolve this issue.,Agriculture,Medium
ദയവായി ഇത് പരിഹരിക്കുക. കോളേജ് എന്റെ സർട്ടിഫിക്കറ്റ് നൽകിയിട്ടില്ല ദയവായി ആവശ്യമായ നടപടി സ്വീകരിക്കുക.,Education,Medium
सार्वजनिक बुनियादी ढांचे का रखरखाव खराब है कृपया इस समस्या का समाधान करें।,Public Works,High
Please help. There are no computers in our government school Kindly resolve this issue.,Education,Medium
The municipal workers have not cleaned our street Please look into this matter.,Municipal Corporation,Medium
ദയവായി സഹായിക്കണം. സർക്കാർ ഓൺലൈൻ പോർട്ടൽ പ്രവർത്തിക്കുന്നില്ല,e-Governance,High
I would like to complain that The government clinic is not open during working hours Please look into this matter.,Health,Low
ഈ പ്രശ്നത്തെക്കുറിച്ച് പരാതി നൽകുന്നു: എന്റെ ഗുണഭോക്തൃ വിവരങ്ങൾ തെറ്റാണ് ദയവായി ഈ പ്രശ്നം പരിഹരിക്കുക.,Social Welfare,Low
இந்த பிரச்சனையை கவனிக்கவும்: எனது புதிய ரேஷன் அட்டை வழங்கப்படவில்லை தயவுசெய்து தேவையான நடவடிக்கை எடுக்கவும்.,Food & Civil Supplies,Medium
ദയവായി സഹായിക്കണം. ഞങ്ങളുടെ താമസ പ്രദേശത്തിന് സമീപം സംശയാസ്പദനായ ഒരാൾ ഉണ്ട് ദയവായി ഈ പ്രശ്നം പരിഹരിക്കുക.,Police,Low
मैं शिकायत करना चाहता हूं कि मेरा रोजगार प्रमाणपत्र देर से मिला है कृपया इस मामले को देखें।,Labour & Employment,Medium
कृपया इस समस्या को देखें: हमारा बिजली कनेक्शन बार बार बंद हो रहा है,Electricity,High
कृपया इस समस्या को देखें: हमारे आवासीय क्षेत्र में बेहतर नगर निगम सेवाओं की जरूरत है,Municipal Corporation,High
இந்த பிரச்சனையை கவனிக்கவும்: பெண்கள் நலத்திட்டங்கள் குறித்து தகவல் வேண்டும்,Women & Child Welfare,Low
A damaged road is causing accidents Kindly resolve this issue.,Roads & Highways,Critical
ഈ പ്രശ്നത്തെക്കുറിച്ച് പരാതി നൽകുന്നു: വലിയ കുഴി ഗതാഗതത്തെ തടസ്സപ്പെടുത്തുന്നു ദയവായി ഈ പ്രശ്നം പരിഹരിക്കുക.,Roads & Highways,Low
The government website is showing an error Kindly resolve this issue.,e-Governance,Medium
இந்த பிரச்சனை குறித்து புகார் அளிக்கிறேன்: பெண்கள் நலத்திட்டத்தில் உதவி வேண்டும்,Women & Child Welfare,Low
தயவுசெய்து உதவுங்கள். எனது நில மாற்ற விண்ணப்பம் நிலுவையில் உள்ளது,Revenue & Land Records,Medium
தயவுசெய்து உதவுங்கள். நியாய விலைக் கடை வேலை நேரத்தில் திறக்கப்படவில்லை தயவுசெய்து இந்த பிரச்சனையை தீர்க்கவும்.,Food & Civil Supplies,Medium
இந்த பிரச்சனையை கவனிக்கவும்: பெண்கள் நலத்திட்டங்கள் குறித்து தகவல் வேண்டும் தயவுசெய்து தேவையான நடவடிக்கை எடுக்கவும்.,Women & Child Welfare,Medium
मैं शिकायत करना चाहता हूं कि आवास विभाग ने जवाब नहीं दिया है,Housing,High
सरकारी अस्पताल में जरूरी दवाइयां उपलब्ध नहीं हैं कृपया इस मामले को देखें।,Health,Low
इस समस्या पर ध्यान दें: सार्वजनिक भवन की दीवारों में दरारें हैं,Public Works,Medium
The streetlight pole near my house is damaged Kindly resolve this issue.,Municipal Corporation,Low
Kindly look into this: My beneficiary details are incorrect,Social Welfare,Medium
I would like to complain that I have not received my employment benefit Kindly resolve this issue.,Labour & Employment,Low
The ration shop is not providing rice Please look into this matter.,Food & Civil Supplies,High
ഈ പ്രശ്നം ശ്രദ്ധിക്കുക: സർക്കാർ ഭവന പദ്ധതിയെക്കുറിച്ച് വിവരം വേണം,Housing,Low
सरकारी आवास आवंटन में देरी हो रही है कृपया इस समस्या का समाधान करें।,Housing,High
ഈ പ്രശ്നത്തെക്കുറിച്ച് പരാതി നൽകുന്നു: പൊതു ബസിൽ പതിവായി വലിയ തിരക്കാണ് ദയവായി ഈ വിഷയം പരിശോധിക്കുക.,Transport,Medium
हमारे इलाके की स्ट्रीट लाइटें काम नहीं कर रही हैं कृपया इस समस्या का समाधान करें।,Municipal Corporation,Medium
Kindly look into this: There is a strong chemical smell near our locality,Environment & Forest,Low
ओवरहेड पानी की टंकी में पानी नहीं आ रहा है,Water Services,High
இந்த பிரச்சனை குறித்து புகார் அளிக்கிறேன்: எனது மூத்த குடிமக்கள் நலத்தொகை நிலுவையில் உள்ளது,Social Welfare,Medium
I want to report that The water supply schedule is not being followed,Water Services,Low
എന്റെ ഭിന്നശേഷി സഹായ തുക വൈകിയിരിക്കുന്നു,Social Welfare,Medium
The government hospital does not have essential medicines Kindly resolve this issue.,Health,Low
Kindly look into this: My welfare scheme application is pending Please take necessary action.,Social Welfare,High
Please help. There is a dispute that requires police assistance Please take necessary action.,Police,Medium
इस समस्या पर ध्यान दें: सार्वजनिक भवन के दरवाजे खराब हैं कृपया इस समस्या का समाधान करें।,Public Works,Low
தயவுசெய்து உதவுங்கள். எனது வீட்டு திட்ட உதவி இன்னும் கிடைக்கவில்லை இந்த பிரச்சனையை கவனிக்கவும்.,Housing,Medium
இந்த பிரச்சனையை கவனிக்கவும்: அரசு வீட்டு ஒதுக்கீடு தாமதமாகியுள்ளது தயவுசெய்து தேவையான நடவடிக்கை எடுக்கவும்.,Housing,Medium
Kindly look into this: I need information about social welfare schemes,Social Welfare,High
எங்கள் தெருவிற்கு குடிநீர் வரவில்லை,Water Services,Medium
இந்த பிரச்சனை குறித்து புகார் அளிக்கிறேன்: எங்கள் மின் இணைப்பு அடிக்கடி துண்டிக்கப்படுகிறது இந்த பிரச்சனையை கவனிக்கவும்.,Electricity,Low
இந்த பிரச்சனை குறித்து புகார் அளிக்கிறேன்: அரசு மருத்துவமனையில் படுக்கைகள் இல்லை தயவுசெய்து இந்த பிரச்சனையை தீர்க்கவும்.,Health,Medium
Please help. The ambulance service is not responding Kindly resolve this issue.,Health,Low
தயவுசெய்து உதவுங்கள். எனது வீட்டு திட்ட உதவி இன்னும் கிடைக்கவில்லை தயவுசெய்து தேவையான நடவடிக்கை எடுக்கவும்.,Housing,Medium
इस समस्या पर ध्यान दें: मेरी संपत्ति के सर्वेक्षण विवरण गलत हैं कृपया आवश्यक कार्रवाई करें।,Revenue & Land Records,Medium
പൊതു ഗതാഗത സേവനങ്ങളെക്കുറിച്ച് വിവരം വേണം,Transport,High
The waste collection workers are not coming regularly,Waste Management,Medium
The bus stop in our area needs maintenance Please take necessary action.,Transport,Medium
हमारे खेत की सिंचाई नहर खराब हो गई है कृपया आवश्यक कार्रवाई करें।,Agriculture,Medium
ഈ പ്രശ്നം ശ്രദ്ധിക്കുക: പഞ്ചായത്ത് ഗ്രാമത്തിലെ സൗകര്യങ്ങൾ നന്നാക്കിയിട്ടില്ല,Rural Development / Panchayat,High
कृपया इस समस्या को देखें: मुझे आवास योजना का लाभ अभी तक नहीं मिला है कृपया आवश्यक कार्रवाई करें।,Housing,High
Kindly look into this: My police complaint has not received a response Please take necessary action.,Police,Medium
इस समस्या पर ध्यान दें: सड़क के किनारे खुले में कचरा पड़ा है कृपया इस मामले को देखें।,Waste Management,Low
कृपया मदद करें। सरकारी भवन के जल निकासी सिस्टम की मरम्मत चाहिए,Public Works,High
எனது மருத்துவ அறிக்கை தாமதமாகியுள்ளது இந்த பிரச்சனையை கவனிக்கவும்.,Health,Low
ഈ പ്രശ്നം ശ്രദ്ധിക്കുക: ആശുപത്രിയിലെ ഫാർമസിയിൽ മരുന്നുകൾ ഇല്ല,Health,Medium
சாலையின் அருகே மின்கம்பி ஆபத்தான நிலையில் தொங்குகிறது இந்த பிரச்சனையை கவனிக்கவும்.,Electricity,Low
தயவுசெய்து இதை சரி செய்யுங்கள். மின்தடைக்குப் பிறகு மின்சாரம் மீண்டும் வழங்கப்படவில்லை,Electricity,Low
குடிநீர் விநியோகம் சரியாக இல்லை தயவுசெய்து இந்த பிரச்சனையை தீர்க்கவும்.,Water Services,High
വനിതാ ക്ഷേമ പദ്ധതികളെക്കുറിച്ച് വിവരം വേണം ദയവായി ആവശ്യമായ നടപടി സ്വീകരിക്കുക.,Women & Child Welfare,Medium
ദയവായി സഹായിക്കണം. ഡിജിറ്റൽ സർക്കാർ സേവനം ലഭ്യമല്ല,e-Governance,Medium
ഈ പ്രശ്നം ശ്രദ്ധിക്കുക: മാലിന്യ വാഹനം ഞങ്ങളുടെ പ്രദേശത്ത് വരുന്നത് നിർത്തി ദയവായി ഈ വിഷയം പരിശോധിക്കുക.,Waste Management,Low
I would like to complain that The streetlight pole near my house is damaged,Municipal Corporation,High
தயவுசெய்து இதை சரி செய்யுங்கள். எனது மலிவு விலை வீட்டு விண்ணப்பம் நிலுவையில் உள்ளது தயவுசெய்து தேவையான நடவடிக்கை எடுக்கவும்.,Housing,Medium
कृपया मदद करें। जमा कचरे से बहुत बदबू आ रही है कृपया इस मामले को देखें।,Waste Management,Medium
I want to report that We need assistance for crop loss Kindly resolve this issue.,Agriculture,High
मैं शिकायत करना चाहता हूं कि हमारे इलाके में अवैध रूप से पेड़ काटे जा रहे हैं,Environment & Forest,Medium
இந்த பிரச்சனையை கவனிக்கவும்: பொது கட்டிடத்தின் ஜன்னல்கள் உடைந்துள்ளன தயவுசெய்து தேவையான நடவடிக்கை எடுக்கவும்.,Public Works,Low
ദയവായി സഹായിക്കണം. സർക്കാർ കെട്ടിടത്തിലെ ഡ്രെയിനേജ് നന്നാക്കണം ദയവായി ഈ വിഷയം പരിശോധിക്കുക.,Public Works,High
ദയവായി ഇത് പരിഹരിക്കുക. എന്റെ തൊഴിൽ സർട്ടിഫിക്കറ്റ് വൈകിയിരിക്കുന്നു,Labour & Employment,High
ഈ പ്രശ്നത്തെക്കുറിച്ച് പരാതി നൽകുന്നു: എനിക്ക് വനിതാ ക്ഷേമ വകുപ്പിന്റെ സഹായം വേണം ദയവായി ഈ പ്രശ്നം പരിഹരിക്കുക.,Women & Child Welfare,High
எனது விவசாய மானிய விண்ணப்பம் நிலுவையில் உள்ளது,Agriculture,Low
ദയവായി സഹായിക്കണം. ആരോഗ്യ കേന്ദ്രത്തിൽ വളരെ അധികം തിരക്കുണ്ട് ദയവായി ആവശ്യമായ നടപടി സ്വീകരിക്കുക.,Health,Low
मैं शिकायत करना चाहता हूं कि नगर निगम कार्यालय ने हमारी शिकायत का जवाब नहीं दिया कृपया इस समस्या का समाधान करें।,Municipal Corporation,Medium
कृपया इस समस्या को देखें: कचरा संग्रह कर्मचारी नियमित रूप से नहीं आ रहे हैं,Waste Management,Low
தயவுசெய்து இதை சரி செய்யுங்கள். எங்கள் கிராமத்திற்கு சிறந்த பொது வசதிகள் தேவை,Rural Development / Panchayat,Low
इस समस्या पर ध्यान दें: कल्याण कार्यालय ने जवाब नहीं दिया है कृपया आवश्यक कार्रवाई करें।,Social Welfare,Low
कृपया इस समस्या को देखें: सरकारी स्कूल में पर्याप्त शिक्षक नहीं हैं,Education,Medium
मैं शिकायत करना चाहता हूं कि किसी ने मेरी संपत्ति को नुकसान पहुंचाया है कृपया इस समस्या का समाधान करें।,Police,Medium
मैं शिकायत करना चाहता हूं कि मेरा मातृत्व लाभ आवेदन लंबित है,Women & Child Welfare,Medium
मैं शिकायत करना चाहता हूं कि मुझे सार्वजनिक परिवहन सेवाओं की जानकारी चाहिए कृपया इस समस्या का समाधान करें।,Transport,Medium
I want to report that There is a suspicious person near our residential area Please take necessary action.,Police,Medium
இந்த பிரச்சனையை கவனிக்கவும்: முக்கிய சாலையில் பெரிய பள்ளம் உள்ளது தயவுசெய்து இந்த பிரச்சனையை தீர்க்கவும்.,Roads & Highways,Medium
ഈ പ്രശ്നം ശ്രദ്ധിക്കുക: ആംബുലൻസ് സേവനം പ്രതികരിക്കുന്നില്ല ദയവായി ആവശ്യമായ നടപടി സ്വീകരിക്കുക.,Health,Medium
Kindly look into this: My affordable housing application is pending Please look into this matter.,Housing,Medium
தயவுசெய்து இதை சரி செய்யுங்கள். எனது ஆன்லைன் விண்ணப்ப நிலை மாறவில்லை இந்த பிரச்சனையை கவனிக்கவும்.,e-Governance,High
இந்த பிரச்சனை குறித்து புகார் அளிக்கிறேன்: எனது வருவாய் சான்றிதழ் வழங்கப்படவில்லை தயவுசெய்து இந்த பிரச்சனையை தீர்க்கவும்.,Revenue & Land Records,Medium
I want to report that The fertilizer supply has been delayed Please look into this matter.,Agriculture,High
Please help. The health centre is overcrowded Please take necessary action.,Health,Low
I would like to complain that The patta transfer application is pending,Revenue & Land Records,High
Please help. The public facility in our ward requires maintenance Kindly resolve this issue.,Municipal Corporation,Medium
மழைக்குப் பிறகு கழிவுநீர் நிரம்பி வழிகிறது,Drainage & Sewerage,Medium
ഈ പ്രശ്നം ശ്രദ്ധിക്കുക: എന്റെ തൊഴിൽ സർട്ടിഫിക്കറ്റ് വൈകിയിരിക്കുന്നു ദയവായി ആവശ്യമായ നടപടി സ്വീകരിക്കുക.,Labour & Employment,Low
कृपया इस समस्या को देखें: मेरी संपत्ति के सर्वेक्षण विवरण गलत हैं कृपया इस समस्या का समाधान करें।,Revenue & Land Records,Medium
ഈ പ്രശ്നം ശ്രദ്ധിക്കുക: എനിക്ക് ഭീഷണി സന്ദേശം ലഭിച്ചു ദയവായി ആവശ്യമായ നടപടി സ്വീകരിക്കുക.,Police,High
मुझे इस महीने की पेंशन नहीं मिली है,Social Welfare,Medium
ഈ പ്രശ്നത്തെക്കുറിച്ച് പരാതി നൽകുന്നു: ഒരു ഫാക്ടറി ഗുരുതരമായ വായു മലിനീകരണം ഉണ്ടാക്കുന്നു,Environment & Forest,Medium
इस समस्या पर ध्यान दें: मैं अपना आवेदन ऑनलाइन जमा नहीं कर सकता,e-Governance,Medium
हमारे गांव के पास की सड़क गड्ढों से भरी है कृपया इस मामले को देखें।,Roads & Highways,Medium
I would like to complain that The government building drainage needs repair,Public Works,High
My police complaint has not received a response Please look into this matter.,Police,Low
ഈ പ്രശ്നത്തെക്കുറിച്ച് പരാതി നൽകുന്നു: പൊതു ബസിൽ പതിവായി വലിയ തിരക്കാണ് ദയവായി ആവശ്യമായ നടപടി സ്വീകരിക്കുക.,Transport,High
தயவுசெய்து உதவுங்கள். எனது வேலைவாய்ப்பு சான்றிதழ் தாமதமாகியுள்ளது,Labour & Employment,High
Please help. Our water pressure is extremely low Kindly resolve this issue.,Water Services,High
I would like to complain that The welfare office has not responded Please take necessary action.,Social Welfare,Medium
कृपया मदद करें। बिना सूचना के बस मार्ग बदल दिया गया है,Transport,Medium
इस समस्या पर ध्यान दें: मुझे सार्वजनिक परिवहन सेवाओं की जानकारी चाहिए कृपया इस समस्या का समाधान करें।,Transport,Medium
मैं शिकायत करना चाहता हूं कि सार्वजनिक बस में अक्सर बहुत भीड़ होती है,Transport,High
இந்த பிரச்சனையை கவனிக்கவும்: என் வீட்டின் அருகிலுள்ள கழிவுநீர் குழாய் அடைத்துள்ளது இந்த பிரச்சனையை கவனிக்கவும்.,Drainage & Sewerage,Low
ദയവായി ഇത് പരിഹരിക്കുക. സർക്കാർ ഭവന പദ്ധതിയെക്കുറിച്ച് വിവരം വേണം ദയവായി ആവശ്യമായ നടപടി സ്വീകരിക്കുക.,Housing,High
Please help. The ration dealer is charging extra money Kindly resolve this issue.,Food & Civil Supplies,Low
कृपया मदद करें। सरकारी भवन की छत से पानी टपक रहा है कृपया आवश्यक कार्रवाई करें।,Public Works,Medium
ഈ പ്രശ്നത്തെക്കുറിച്ച് പരാതി നൽകുന്നു: ആശുപത്രിയിലെ ഫാർമസിയിൽ മരുന്നുകൾ ഇല്ല ദയവായി ഈ വിഷയം പരിശോധിക്കുക.,Health,Medium
कृपया इस समस्या को देखें: मैं अपना आवेदन ऑनलाइन जमा नहीं कर सकता कृपया आवश्यक कार्रवाई करें।,e-Governance,Low
ഈ പ്രശ്നം ശ്രദ്ധിക്കുക: ഞങ്ങളുടെ പ്രദേശത്തെ പൊതു പാർക്ക് ശരിയായി പരിപാലിക്കുന്നില്ല ദയവായി ഈ വിഷയം പരിശോധിക്കുക.,Municipal Corporation,High
இந்த பிரச்சனையை கவனிக்கவும்: முக்கிய சாலைக்கு புதிய தார் போட வேண்டும்,Roads & Highways,Medium
தயவுசெய்து உதவுங்கள். நேற்று முதல் எங்கள் தெருவிற்கு தண்ணீர் வரவில்லை தயவுசெய்து இந்த பிரச்சனையை தீர்க்கவும்.,Water Services,High
ഈ പ്രശ്നത്തെക്കുറിച്ച് പരാതി നൽകുന്നു: എന്റെ പുതിയ റേഷൻ കാർഡ് നൽകിയിട്ടില്ല ദയവായി ഈ പ്രശ്നം പരിഹരിക്കുക.,Food & Civil Supplies,Low
कृपया इस समस्या को देखें: खराब सड़क के कारण दुर्घटनाएं हो रही हैं,Roads & Highways,High
സർക്കാർ ഓഫീസിൽ വൈദ്യുതി അറ്റകുറ്റപ്പണി വേണം ദയവായി ആവശ്യമായ നടപടി സ്വീകരിക്കുക.,Public Works,Medium
எங்கள் பள்ளியில் சரியான வகுப்பறை வசதிகள் இல்லை,Education,Low
मैं शिकायत करना चाहता हूं कि मुझे आवास योजना का लाभ अभी तक नहीं मिला है कृपया आवश्यक कार्रवाई करें।,Housing,Medium
ഈ പ്രശ്നത്തെക്കുറിച്ച് പരാതി നൽകുന്നു: എന്റെ ഭൂമി രേഖയുടെ പകർപ്പ് വേണം,Revenue & Land Records,High
कृपया इस समस्या को देखें: मुझे अपना रोजगार लाभ नहीं मिला है कृपया आवश्यक कार्रवाई करें।,Labour & Employment,Medium
ग्रामीण कल्याण परियोजना लंबित है कृपया इस मामले को देखें।,Rural Development / Panchayat,Medium
I would like to complain that My police complaint has not received a response Kindly resolve this issue.,Police,Medium
Please help. I need a copy of my land document Kindly resolve this issue.,Revenue & Land Records,High
ദയവായി ഇത് പരിഹരിക്കുക. ഗ്രാമ വികസന പദ്ധതി നിർത്തിവച്ചിരിക്കുന്നു ദയവായി ഈ പ്രശ്നം പരിഹരിക്കുക.,Rural Development / Panchayat,High
தயவுசெய்து இதை சரி செய்யுங்கள். என் வீட்டின் அருகிலுள்ள கழிவுநீர் குழாய் அடைத்துள்ளது தயவுசெய்து இந்த பிரச்சனையை தீர்க்கவும்.,Drainage & Sewerage,Medium
Please help. Waste collection has been irregular in our neighborhood Kindly resolve this issue.,Waste Management,Low
எனக்கு மிரட்டல் செய்தி வந்துள்ளது தயவுசெய்து இந்த பிரச்சனையை தீர்க்கவும்.,Police,Low
ഞങ്ങളുടെ ഗ്രാമത്തിന് സമീപമുള്ള നദി മലിനമായി ദയവായി ഈ വിഷയം പരിശോധിക്കുക.,Environment & Forest,High
I would like to complain that The government bus is not following its schedule Please look into this matter.,Transport,Low
ദയവായി ഇത് പരിഹരിക്കുക. എന്റെ വൈദ്യുതി ബില്ലിൽ തെറ്റായ റീഡിംഗ് കാണിക്കുന്നു ദയവായി ഈ പ്രശ്നം പരിഹരിക്കുക.,Electricity,High
I want to report that The forest area is being encroached Kindly resolve this issue.,Environment & Forest,Medium
Please help. My medical report has been delayed Kindly resolve this issue.,Health,Low
Kindly look into this: There are no computers in our government school,Education,High
सरकारी भवन के जल निकासी सिस्टम की मरम्मत चाहिए कृपया इस समस्या का समाधान करें।,Public Works,Medium
मैं शिकायत करना चाहता हूं कि हमारी सड़क के पास अवैध गतिविधियां हो रही हैं कृपया इस मामले को देखें।,Police,Medium
എന്റെ ഗുണഭോക്തൃ വിവരങ്ങൾ തെറ്റാണ് ദയവായി ഈ വിഷയം പരിശോധിക്കുക.,Social Welfare,High
सार्वजनिक बुनियादी ढांचे का रखरखाव खराब है,Public Works,Low
ദയവായി സഹായിക്കണം. കൃഷി ഓഫീസർ ഞങ്ങളുടെ ഗ്രാമത്തിൽ വന്നിട്ടില്ല ദയവായി ഈ വിഷയം പരിശോധിക്കുക.,Agriculture,Medium
इस समस्या पर ध्यान दें: खराब सड़क के कारण दुर्घटनाएं हो रही हैं,Roads & Highways,Medium
ഈ പ്രശ്നം ശ്രദ്ധിക്കുക: കോളേജ് എന്റെ സർട്ടിഫിക്കറ്റ് നൽകിയിട്ടില്ല ദയവായി ഈ വിഷയം പരിശോധിക്കുക.,Education,Low
ദയവായി ഇത് പരിഹരിക്കുക. ഞങ്ങളുടെ പ്രദേശത്തെ പൊതു പാർക്ക് ശരിയായി പരിപാലിക്കുന്നില്ല ദയവായി ആവശ്യമായ നടപടി സ്വീകരിക്കുക.,Municipal Corporation,Medium
I would like to complain that The panchayat development fund has not been used Please look into this matter.,Rural Development / Panchayat,High
I want to report that My senior citizen benefit is pending,Social Welfare,Medium
मैं शिकायत करना चाहता हूं कि गंदा पानी सड़क पर बह रहा है कृपया इस समस्या का समाधान करें।,Drainage & Sewerage,Medium
इस समस्या पर ध्यान दें: हमारी सड़क से कचरा नहीं उठाया गया है,Waste Management,Low
मैं शिकायत करना चाहता हूं कि बिजली कटने के बाद आपूर्ति अभी तक बहाल नहीं हुई है कृपया इस मामले को देखें।,Electricity,Medium
இந்த பிரச்சனையை கவனிக்கவும்: எங்கள் பகுதியில் குப்பை சேகரிப்பு சீராக இல்லை தயவுசெய்து இந்த பிரச்சனையை தீர்க்கவும்.,Waste Management,Medium
ഈ പ്രശ്നത്തെക്കുറിച്ച് പരാതി നൽകുന്നു: പ്രധാന റോഡിൽ വലിയ കുഴിയുണ്ട് ദയവായി ആവശ്യമായ നടപടി സ്വീകരിക്കുക.,Roads & Highways,Medium
इस समस्या पर ध्यान दें: हमारे क्षेत्र के पास तेज रासायनिक गंध है कृपया इस समस्या का समाधान करें।,Environment & Forest,Low
मेरी मेडिकल रिपोर्ट में देरी हो रही है,Health,High
എന്റെ പുതിയ റേഷൻ കാർഡ് നൽകിയിട്ടില്ല,Food & Civil Supplies,Medium
தயவுசெய்து இதை சரி செய்யுங்கள். நலத்துறை அலுவலகம் பதிலளிக்கவில்லை தயவுசெய்து இந்த பிரச்சனையை தீர்க்கவும்.,Social Welfare,Medium
Wastewater is overflowing onto the street Please look into this matter.,Drainage & Sewerage,Medium
ദയവായി സഹായിക്കണം. റേഷൻ കടയിലെ ഭക്ഷ്യസാധനങ്ങൾ മതിയായിട്ടില്ല ദയവായി ആവശ്യമായ നടപടി സ്വീകരിക്കുക.,Food & Civil Supplies,Low
தயவுசெய்து உதவுங்கள். குப்பை சேகரிப்பு பணியாளர்கள் முறையாக வரவில்லை இந்த பிரச்சனையை கவனிக்கவும்.,Waste Management,Low
मैं शिकायत करना चाहता हूं कि हमारे आवासीय क्षेत्र के पास एक संदिग्ध व्यक्ति है,Police,Medium
ദയവായി ഇത് പരിഹരിക്കുക. ഭവന വകുപ്പ് മറുപടി നൽകിയിട്ടില്ല ദയവായി ഈ വിഷയം പരിശോധിക്കുക.,Housing,Medium
I would like to complain that The bus shelter is damaged,Transport,Low
I want to report that There is a strong chemical smell near our locality,Environment & Forest,Medium
I would like to complain that The public building has cracks in its walls Please take necessary action.,Public Works,Medium
தயவுசெய்து இதை சரி செய்யுங்கள். ரேஷன் அட்டை விவரங்களை புதுப்பிக்க வேண்டும் இந்த பிரச்சனையை கவனிக்கவும்.,Food & Civil Supplies,Medium
எங்கள் பகுதியில் உள்ள பூங்கா பயன்படுத்த முடியாத நிலையில் உள்ளது தயவுசெய்து இந்த பிரச்சனையை தீர்க்கவும்.,Municipal Corporation,Medium
தயவுசெய்து உதவுங்கள். எனது நலத்திட்ட விண்ணப்பம் நிலுவையில் உள்ளது தயவுசெய்து இந்த பிரச்சனையை தீர்க்கவும்.,Social Welfare,High
मैं शिकायत करना चाहता हूं कि कृषि अधिकारी हमारे गांव में नहीं आए हैं,Agriculture,High
I want to report that My student scholarship application is pending Kindly resolve this issue.,Education,Medium
കോളേജ് എന്റെ സർട്ടിഫിക്കറ്റ് നൽകിയിട്ടില്ല ദയവായി ഈ വിഷയം പരിശോധിക്കുക.,Education,Medium
ദയവായി സഹായിക്കണം. ട്രാൻസ്പോർട്ട് പാസ് അപേക്ഷ വൈകുകയാണ് ദയവായി ഈ വിഷയം പരിശോധിക്കുക.,Transport,Medium
ദയവായി സഹായിക്കണം. ഗ്രാമ വികസന പദ്ധതി നിർത്തിവച്ചിരിക്കുന്നു ദയവായി ഈ വിഷയം പരിശോധിക്കുക.,Rural Development / Panchayat,High
ദയവായി സഹായിക്കണം. വാക്സിനേഷൻ സേവനം ലഭ്യമല്ല ദയവായി ഈ പ്രശ്നം പരിഹരിക്കുക.,Health,Medium
ദയവായി സഹായിക്കണം. റേഷൻ കടയിൽ അരി നൽകുന്നില്ല ദയവായി ഈ വിഷയം പരിശോധിക്കുക.,Food & Civil Supplies,Medium
தயவுசெய்து இதை சரி செய்யுங்கள். அரசு சுகாதார மையத்தில் மருத்துவர் இல்லை,Health,Low
தயவுசெய்து உதவுங்கள். அரசு இணையதளத்தில் பிழை வருகிறது,e-Governance,High
ദയവായി സഹായിക്കണം. സർക്കാർ തൊഴിൽ പദ്ധതിയിൽ ജോലി ലഭിച്ചിട്ടില്ല ദയവായി ഈ പ്രശ്നം പരിഹരിക്കുക.,Labour & Employment,Medium
தயவுசெய்து உதவுங்கள். எனது தொழிலாளர் நல விண்ணப்பம் செயல்படுத்தப்படவில்லை,Labour & Employment,Medium
ദയവായി ഇത് പരിഹരിക്കുക. എന്റെ വിദ്യാഭ്യാസ സർട്ടിഫിക്കറ്റ് ഇതുവരെ ലഭിച്ചിട്ടില്ല ദയവായി ഈ വിഷയം പരിശോധിക്കുക.,Education,High
I want to report that The digital government service is unavailable Please look into this matter.,e-Governance,Medium
Please help. Our village needs better public facilities Kindly resolve this issue.,Rural Development / Panchayat,Low
I would like to complain that The hospital lacks basic medical equipment,Health,Medium
हमारे गांव में बेहतर सार्वजनिक सुविधाओं की जरूरत है,Rural Development / Panchayat,Low
कृपया इस समस्या को देखें: मुझे पुलिस में शिकायत दर्ज करनी है,Police,Medium
இந்த பிரச்சனை குறித்து புகார் அளிக்கிறேன்: எங்கள் பகுதியில் உள்ள குழந்தை பராமரிப்பு மையம் செயல்படவில்லை இந்த பிரச்சனையை கவனிக்கவும்.,Women & Child Welfare,Low
ഈ പ്രശ്നം ശ്രദ്ധിക്കുക: പൊതു ഓഫീസ് കെട്ടിടത്തിൽ ഘടനാപരമായ കേടുപാടുണ്ട്,Public Works,High
தயவுசெய்து உதவுங்கள். எனது கல்வி உதவித்தொகை விண்ணப்பம் நிலுவையில் உள்ளது தயவுசெய்து தேவையான நடவடிக்கை எடுக்கவும்.,Education,Medium
எனது மகப்பேறு உதவி விண்ணப்பம் நிலுவையில் உள்ளது,Women & Child Welfare,Medium
இந்த பிரச்சனையை கவனிக்கவும்: மின்தடைக்குப் பிறகு மின்சாரம் மீண்டும் வழங்கப்படவில்லை தயவுசெய்து இந்த பிரச்சனையை தீர்க்கவும்.,Electricity,High
My worker registration details are incorrect Kindly resolve this issue.,Labour & Employment,Medium
कृपया इस समस्या को देखें: एम्बुलेंस सेवा जवाब नहीं दे रही है कृपया इस मामले को देखें।,Health,Low
My labour welfare application has not been processed Please look into this matter.,Labour & Employment,Medium
இந்த பிரச்சனையை கவனிக்கவும்: மின்தடைக்குப் பிறகு மின்சாரம் மீண்டும் வழங்கப்படவில்லை இந்த பிரச்சனையை கவனிக்கவும்.,Electricity,High
എനിക്ക് ഭീഷണി സന്ദേശം ലഭിച്ചു ദയവായി ആവശ്യമായ നടപടി സ്വീകരിക്കുക.,Police,Critical
कृपया मदद करें। सरकारी कार्यालय की इमारत की मरम्मत की जरूरत है कृपया इस समस्या का समाधान करें।,Public Works,Medium
Please help. My land record has an incorrect entry,Revenue & Land Records,High
ദയവായി സഹായിക്കണം. പൊതു അടിസ്ഥാന സൗകര്യങ്ങൾ ശരിയായി പരിപാലിക്കുന്നില്ല ദയവായി ഈ വിഷയം പരിശോധിക്കുക.,Public Works,High
എനിക്ക് തൊഴിലാളി ക്ഷേമ തുക ലഭിച്ചിട്ടില്ല ദയവായി ഈ വിഷയം പരിശോധിക്കുക.,Labour & Employment,High
ഈ പ്രശ്നത്തെക്കുറിച്ച് പരാതി നൽകുന്നു: എന്റെ സാമൂഹിക ക്ഷേമ പെൻഷൻ ലഭിച്ചിട്ടില്ല ദയവായി ആവശ്യമായ നടപടി സ്വീകരിക്കുക.,Social Welfare,Low
Kindly look into this: The government office requires electrical repairs,Public Works,High
ദയവായി സഹായിക്കണം. റോഡിന്റെ വശം ഇടിഞ്ഞുപോയി ദയവായി ആവശ്യമായ നടപടി സ്വീകരിക്കുക.,Roads & Highways,High
ഈ പ്രശ്നം ശ്രദ്ധിക്കുക: സർക്കാർ ഹോസ്റ്റലിൽ മികച്ച സൗകര്യങ്ങൾ ആവശ്യമാണ് ദയവായി ആവശ്യമായ നടപടി സ്വീകരിക്കുക.,Education,Low
मेरा किसान सब्सिडी आवेदन लंबित है कृपया इस मामले को देखें।,Agriculture,Medium
Please help. My land mutation application is pending,Revenue & Land Records,High
कृपया इस समस्या को देखें: कल से हमारी सड़क पर पानी नहीं आया है कृपया इस समस्या का समाधान करें।,Water Services,High
I would like to complain that Our village needs better public facilities Kindly resolve this issue.,Rural Development / Panchayat,High
இந்த பிரச்சனை குறித்து புகார் அளிக்கிறேன்: முக்கிய சாலைக்கு புதிய தார் போட வேண்டும்,Roads & Highways,Medium
ദയവായി സഹായിക്കണം. എന്റെ പോലീസ് പരാതിക്ക് ഇതുവരെ മറുപടി ലഭിച്ചിട്ടില്ല ദയവായി ഈ വിഷയം പരിശോധിക്കുക.,Police,Medium
इस समस्या पर ध्यान दें: आवास योजना की लाभार्थी सूची गलत है कृपया आवश्यक कार्रवाई करें।,Housing,Medium
ഈ പ്രശ്നം ശ്രദ്ധിക്കുക: എന്റെ ഭൂമി മ്യൂട്ടേഷൻ അപേക്ഷ പരിഗണനയിലാണ് ദയവായി ഈ പ്രശ്നം പരിഹരിക്കുക.,Revenue & Land Records,Medium
ഈ പ്രശ്നത്തെക്കുറിച്ച് പരാതി നൽകുന്നു: ഞങ്ങളുടെ താമസ പ്രദേശത്ത് മികച്ച മുനിസിപ്പൽ സേവനങ്ങൾ ആവശ്യമാണ് ദയവായി ഈ വിഷയം പരിശോധിക്കുക.,Municipal Corporation,High
Kindly look into this: Our village needs better basic infrastructure Please take necessary action.,Rural Development / Panchayat,Medium
I want to report that There is noise pollution from a factory Please take necessary action.,Environment & Forest,Medium
इस समस्या पर ध्यान दें: हमारी सड़क के पास ड्रेनेज पाइप टूट गया है कृपया इस समस्या का समाधान करें।,Drainage & Sewerage,Medium
Kindly look into this: Our village needs better public facilities,Rural Development / Panchayat,Low
मैं शिकायत करना चाहता हूं कि जंगल के पास अवैध रूप से कचरा डाला जा रहा है कृपया आवश्यक कार्रवाई करें।,Environment & Forest,Low
இந்த பிரச்சனை குறித்து புகார் அளிக்கிறேன்: எனது ரேஷன் அட்டை விண்ணப்பம் நிலுவையில் உள்ளது,Food & Civil Supplies,Medium
मेरा आवास सहायता आवेदन लंबित है,Housing,High
I want to report that The electric wire near the road is hanging dangerously Please take necessary action.,Electricity,High
ദയവായി സഹായിക്കണം. ഒരു ഫാക്ടറി ഗുരുതരമായ വായു മലിനീകരണം ഉണ്ടാക്കുന്നു ദയവായി ഈ വിഷയം പരിശോധിക്കുക.,Environment & Forest,Low
ഈ പ്രശ്നം ശ്രദ്ധിക്കുക: ഓവർഹെഡ് ടാങ്കിൽ വെള്ളം എത്തുന്നില്ല ദയവായി ഈ വിഷയം പരിശോധിക്കുക.,Water Services,High
ഈ പ്രശ്നം ശ്രദ്ധിക്കുക: ബസ് ഷെൽട്ടർ കേടായിട്ടുണ്ട് ദയവായി ഈ വിഷയം പരിശോധിക്കുക.,Transport,Medium
தயவுசெய்து உதவுங்கள். எனது சமூக நல ஓய்வூதியம் வரவில்லை இந்த பிரச்சனையை கவனிக்கவும்.,Social Welfare,Medium
कृपया मदद करें। पंचायत कार्यालय ने हमारी शिकायत का जवाब नहीं दिया कृपया इस समस्या का समाधान करें।,Rural Development / Panchayat,High
അനുവദിച്ച ഭവന തുക ഇതുവരെ ലഭിച്ചിട്ടില്ല,Housing,Low
I want to report that My ration card contains incorrect details Kindly resolve this issue.,Food & Civil Supplies,Low
இந்த பிரச்சனை குறித்து புகார் அளிக்கிறேன்: விவசாய மானியங்கள் குறித்து தகவல் வேண்டும் இந்த பிரச்சனையை கவனிக்கவும்.,Agriculture,Medium
नगर निगम के कर्मचारी हमारी सड़क की सफाई नहीं कर रहे हैं कृपया आवश्यक कार्रवाई करें।,Municipal Corporation,Medium
ദയവായി ഇത് പരിഹരിക്കുക. മലിനജലം തെരുവിലേക്ക് ഒഴുകുന്നു ദയവായി ഈ വിഷയം പരിശോധിക്കുക.,Drainage & Sewerage,Low
Kindly look into this: I want to report illegal tree cutting Please take necessary action.,Environment & Forest,Medium
Kindly look into this: We need assistance for crop loss,Agriculture,High
मैं शिकायत करना चाहता हूं कि सार्वजनिक पाइपलाइन से गंदा पानी आ रहा है,Water Services,Medium
I have not received my monthly ration,Food & Civil Supplies,Medium
ഈ പ്രശ്നത്തെക്കുറിച്ച് പരാതി നൽകുന്നു: എന്റെ തൊഴിലാളി ക്ഷേമ അപേക്ഷയിൽ നടപടി ഉണ്ടായിട്ടില്ല,Labour & Employment,Low
Kindly look into this: I need to update my land ownership record Please take necessary action.,Revenue & Land Records,High
My employment certificate has been delayed Kindly resolve this issue.,Labour & Employment,Medium
मैं शिकायत करना चाहता हूं कि राजमार्ग की सतह बहुत खराब हो गई है,Roads & Highways,Low
தயவுசெய்து உதவுங்கள். பூச்சிகளால் எனது பயிர் சேதமடைந்துள்ளது இந்த பிரச்சனையை கவனிக்கவும்.,Agriculture,Low
I want to report that There is an open garbage dump beside the road Please look into this matter.,Waste Management,Low
இந்த பிரச்சனையை கவனிக்கவும்: எனது வருவாய் சான்றிதழ் வழங்கப்படவில்லை,Revenue & Land Records,Low
I want to report that The drainage pipe has broken near our street,Drainage & Sewerage,Medium
इस समस्या पर ध्यान दें: मुख्य सड़क पर एक बड़ा गड्ढा है कृपया आवश्यक कार्रवाई करें।,Roads & Highways,Medium
இந்த பிரச்சனையை கவனிக்கவும்: எங்கள் வார்டில் உள்ள பொது வசதிக்கு பராமரிப்பு தேவை தயவுசெய்து இந்த பிரச்சனையை தீர்க்கவும்.,Municipal Corporation,Low
ഈ പ്രശ്നത്തെക്കുറിച്ച് പരാതി നൽകുന്നു: സർക്കാർ തൊഴിൽ പദ്ധതിയിൽ ജോലി ലഭിച്ചിട്ടില്ല ദയവായി ഈ പ്രശ്നം പരിഹരിക്കുക.,Labour & Employment,Medium
ഞങ്ങളുടെ സ്കൂളിന് സമീപം അപകടകരമായി വാഹനങ്ങൾ ഓടിക്കുന്നു ദയവായി ഈ പ്രശ്നം പരിഹരിക്കുക.,Police,Low
இந்த பிரச்சனை குறித்து புகார் அளிக்கிறேன்: குடிநீர் விநியோகம் சரியாக இல்லை,Water Services,High
कृपया मदद करें। सरकारी बसें नियमित रूप से नहीं चल रही हैं कृपया आवश्यक कार्रवाई करें।,Transport,Medium
தயவுசெய்து உதவுங்கள். எனது நில ஆவணத்தின் நகல் வேண்டும் தயவுசெய்து இந்த பிரச்சனையை தீர்க்கவும்.,Revenue & Land Records,Medium
ദയവായി സഹായിക്കണം. ഒരു തർക്കത്തിന് പോലീസ് സഹായം ആവശ്യമാണ് ദയവായി ഈ വിഷയം പരിശോധിക്കുക.,Police,Low
My family member is missing from the ration card Please take necessary action.,Food & Civil Supplies,Medium
कृपया मदद करें। मुझे राशन कार्ड की जानकारी अपडेट करनी है कृपया इस मामले को देखें।,Food & Civil Supplies,Medium
इस समस्या पर ध्यान दें: सरकारी भवन के जल निकासी सिस्टम की मरम्मत चाहिए,Public Works,Medium
Kindly look into this: There is frequent voltage fluctuation in our locality Please look into this matter.,Electricity,Low
ग्रामीण कल्याण परियोजना लंबित है कृपया आवश्यक कार्रवाई करें।,Rural Development / Panchayat,Medium
कृपया इस समस्या को देखें: कॉलेज ने मेरा प्रमाणपत्र जारी नहीं किया है कृपया आवश्यक कार्रवाई करें।,Education,Medium
कृपया मदद करें। कचरा वाहन हमारे इलाके में आना बंद कर चुका है कृपया आवश्यक कार्रवाई करें।,Waste Management,High
मैं शिकायत करना चाहता हूं कि ग्रामीण कल्याण परियोजना लंबित है कृपया इस मामले को देखें।,Rural Development / Panchayat,Medium
இந்த பிரச்சனை குறித்து புகார் அளிக்கிறேன்: எங்கள் பகுதியில் போதுமான பேருந்து சேவைகள் இல்லை தயவுசெய்து தேவையான நடவடிக்கை எடுக்கவும்.,Transport,High
I need assistance from the women welfare department Please take necessary action.,Women & Child Welfare,Medium
बाल संरक्षण सेवा जवाब नहीं दे रही है कृपया इस समस्या का समाधान करें।,Women & Child Welfare,Medium
ദയവായി ഇത് പരിഹരിക്കുക. റോഡിന് സമീപമുള്ള വൈദ്യുതി വയർ അപകടകരമായി തൂങ്ങിയിരിക്കുന്നു ദയവായി ആവശ്യമായ നടപടി സ്വീകരിക്കുക.,Electricity,Medium
I would like to complain that The river near our village is polluted Please look into this matter.,Environment & Forest,Low
ദയവായി ഇത് പരിഹരിക്കുക. റോഡ് അറ്റകുറ്റപ്പണി വൈകുകയാണ്,Roads & Highways,Medium
कृपया मदद करें। हमारे आवासीय क्षेत्र के पास एक संदिग्ध व्यक्ति है कृपया आवश्यक कार्रवाई करें।,Police,Low
ഈ പ്രശ്നം ശ്രദ്ധിക്കുക: കർഷകർക്ക് ജലസേചന വെള്ളം ലഭിക്കുന്നില്ല ദയവായി ഈ വിഷയം പരിശോധിക്കുക.,Agriculture,High
ദയവായി ഇത് പരിഹരിക്കുക. ഭവന പദ്ധതി അപേക്ഷയിൽ സഹായം വേണം ദയവായി ആവശ്യമായ നടപടി സ്വീകരിക്കുക.,Housing,Medium
ദയവായി ഇത് പരിഹരിക്കുക. ആളുകൾ റോഡിന്റെ വശത്ത് മാലിന്യം വലിച്ചെറിയുന്നു ദയവായി ഈ വിഷയം പരിശോധിക്കുക.,Waste Management,Medium
Please help. There is illegal activity near our street Please look into this matter.,Police,Medium
தயவுசெய்து இதை சரி செய்யுங்கள். எங்கள் தெருவிற்கு குடிநீர் வரவில்லை,Water Services,Low
இந்த பிரச்சனையை கவனிக்கவும்: பயிர் இழப்புக்கு உதவி தேவை,Agriculture,Medium
ഈ പ്രശ്നത്തെക്കുറിച്ച് പരാതി നൽകുന്നു: എനിക്ക് ഭവന പദ്ധതിയുടെ ആനുകൂല്യം ലഭിച്ചിട്ടില്ല ദയവായി ആവശ്യമായ നടപടി സ്വീകരിക്കുക.,Housing,Medium
ഈ പ്രശ്നത്തെക്കുറിച്ച് പരാതി നൽകുന്നു: ഞങ്ങളുടെ പ്രദേശത്തെ ബസ് സ്റ്റോപ്പിന് അറ്റകുറ്റപ്പണി ആവശ്യമാണ് ദയവായി ഈ പ്രശ്നം പരിഹരിക്കുക.,Transport,Medium
எங்கள் வீட்டிற்கு வெளியே கழிவுநீர் தேங்கியுள்ளது இந்த பிரச்சனையை கவனிக்கவும்.,Drainage & Sewerage,Medium
தயவுசெய்து இதை சரி செய்யுங்கள். எங்கள் மின் இணைப்பு அடிக்கடி துண்டிக்கப்படுகிறது தயவுசெய்து இந்த பிரச்சனையை தீர்க்கவும்.,Electricity,High
ഈ പ്രശ്നത്തെക്കുറിച്ച് പരാതി നൽകുന്നു: എന്റെ ഭിന്നശേഷി സഹായ തുക വൈകിയിരിക്കുന്നു ദയവായി ആവശ്യമായ നടപടി സ്വീകരിക്കുക.,Social Welfare,Low
ദയവായി സഹായിക്കണം. ഞങ്ങളുടെ വീടിന് പുറത്ത് മലിനജലം കെട്ടിക്കിടക്കുന്നു,Drainage & Sewerage,Low
ദയവായി ഇത് പരിഹരിക്കുക. എന്റെ ഭിന്നശേഷി സഹായ തുക വൈകിയിരിക്കുന്നു ദയവായി ആവശ്യമായ നടപടി സ്വീകരിക്കുക.,Social Welfare,Low
വെള്ള വിതരണ സമയക്രമം പാലിക്കുന്നില്ല,Water Services,Medium
मैं शिकायत करना चाहता हूं कि मेरे बच्चे का कल्याण लाभ नहीं मिला है कृपया आवश्यक कार्रवाई करें।,Women & Child Welfare,Low
இந்த பிரச்சனை குறித்து புகார் அளிக்கிறேன்: விவசாயிகளுக்கு பயிர் காப்பீட்டு உதவி கிடைக்கவில்லை இந்த பிரச்சனையை கவனிக்கவும்.,Agriculture,High
எங்கள் மின் இணைப்பு அடிக்கடி துண்டிக்கப்படுகிறது,Electricity,High
Kindly look into this: The drainage pipe has broken near our street Please take necessary action.,Drainage & Sewerage,High
ദയവായി ഇത് പരിഹരിക്കുക. സർക്കാർ ഓഫീസ് കെട്ടിടത്തിന് അറ്റകുറ്റപ്പണി ആവശ്യമാണ് ദയവായി ആവശ്യമായ നടപടി സ്വീകരിക്കുക.,Public Works,Medium
இந்த பிரச்சனை குறித்து புகார் அளிக்கிறேன்: பெரிய பள்ளம் போக்குவரத்தை தடுக்கிறது இந்த பிரச்சனையை கவனிக்கவும்.,Roads & Highways,Medium
Please help. Our neighborhood experiences daily power cuts Kindly resolve this issue.,Electricity,High
இந்த பிரச்சனையை கவனிக்கவும்: எங்கள் வீட்டிற்கு வெளியே உள்ள மின்கம்பம் சேதமடைந்துள்ளது தயவுசெய்து இந்த பிரச்சனையை தீர்க்கவும்.,Electricity,Medium
कृपया इस समस्या को देखें: मेरा वरिष्ठ नागरिक लाभ लंबित है कृपया इस मामले को देखें।,Social Welfare,High
कृपया इस समस्या को देखें: सरकारी बसें नियमित रूप से नहीं चल रही हैं कृपया इस समस्या का समाधान करें।,Transport,Medium
कृपया इस समस्या को देखें: हमारे क्षेत्र में पर्याप्त बस सेवाएं नहीं हैं,Transport,Medium
I want to report that The government portal is very slow Kindly resolve this issue.,e-Governance,Low
ഈ പ്രശ്നത്തെക്കുറിച്ച് പരാതി നൽകുന്നു: ഓവർഹെഡ് ടാങ്കിൽ വെള്ളം എത്തുന്നില്ല ദയവായി ഈ പ്രശ്നം പരിഹരിക്കുക.,Water Services,Low
मैं शिकायत करना चाहता हूं कि हमारे खेत की सिंचाई नहर खराब हो गई है कृपया इस मामले को देखें।,Agriculture,Low
ഈ പ്രശ്നം ശ്രദ്ധിക്കുക: എന്റെ വീടിന് സമീപമുള്ള മലിനജല ഓട അടഞ്ഞിരിക്കുന്നു ദയവായി ഈ വിഷയം പരിശോധിക്കുക.,Drainage & Sewerage,Medium
इस समस्या पर ध्यान दें: मेरे ऑनलाइन आवेदन की स्थिति नहीं बदली है,e-Governance,High
My farmer subsidy application is pending Please look into this matter.,Agriculture,High
ഈ പ്രശ്നം ശ്രദ്ധിക്കുക: എന്റെ വീടിന് പുറത്തുള്ള വൈദ്യുതി തൂൺ കേടായിട്ടുണ്ട് ദയവായി ഈ പ്രശ്നം പരിഹരിക്കുക.,Electricity,High
कल से हमारी सड़क पर पानी नहीं आया है कृपया इस मामले को देखें।,Water Services,Critical
വൈദ്യുതി മുടങ്ങിയതിന് ശേഷം വിതരണം പുനഃസ്ഥാപിച്ചിട്ടില്ല ദയവായി ഈ വിഷയം പരിശോധിക്കുക.,Electricity,Medium
इस समस्या पर ध्यान दें: मुझे श्रमिक कल्याण भुगतान नहीं मिला है कृपया आवश्यक कार्रवाई करें।,Labour & Employment,Low
പ്രധാന റോഡിൽ വലിയ കുഴിയുണ്ട് ദയവായി ഈ വിഷയം പരിശോധിക്കുക.,Roads & Highways,High
Kindly look into this: The land registration process has been delayed Kindly resolve this issue.,Revenue & Land Records,High
ദയവായി ഇത് പരിഹരിക്കുക. റേഷൻ കാർഡ് വിവരങ്ങൾ പുതുക്കണം ദയവായി ഈ പ്രശ്നം പരിഹരിക്കുക.,Food & Civil Supplies,Medium
The hospital pharmacy has no medicines Please take necessary action.,Health,Critical
इस समस्या पर ध्यान दें: बारिश के दौरान सड़क बहुत खतरनाक हो जाती है कृपया आवश्यक कार्रवाई करें।,Roads & Highways,Critical
ദയവായി ഇത് പരിഹരിക്കുക. സർക്കാർ ഓഫീസിൽ വൈദ്യുതി അറ്റകുറ്റപ്പണി വേണം ദയവായി ഈ പ്രശ്നം പരിഹരിക്കുക.,Public Works,Medium
Kindly look into this: The irrigation canal for our fields is damaged,Agriculture,High
I want to report that The irrigation canal for our fields is damaged,Agriculture,High
ദയവായി സഹായിക്കണം. എനിക്ക് ഭീഷണി സന്ദേശം ലഭിച്ചു ദയവായി ആവശ്യമായ നടപടി സ്വീകരിക്കുക.,Police,Critical
इस समस्या पर ध्यान दें: मेरे बच्चे का कल्याण लाभ नहीं मिला है कृपया इस समस्या का समाधान करें।,Women & Child Welfare,High
தயவுசெய்து உதவுங்கள். நெடுஞ்சாலையில் பல விரிசல்கள் உள்ளன இந்த பிரச்சனையை கவனிக்கவும்.,Roads & Highways,Medium
मैं शिकायत करना चाहता हूं कि हमारे इलाके में पानी का दबाव बहुत कम है कृपया आवश्यक कार्रवाई करें।,Water Services,Low
ദയവായി ഇത് പരിഹരിക്കുക. ബസ് ഷെൽട്ടർ കേടായിട്ടുണ്ട് ദയവായി ഈ വിഷയം പരിശോധിക്കുക.,Transport,Medium
தயவுசெய்து இதை சரி செய்யுங்கள். தடுப்பூசி சேவை கிடைக்கவில்லை தயவுசெய்து இந்த பிரச்சனையை தீர்க்கவும்.,Health,High
I want to report that I need to update my ration card details Please take necessary action.,Food & Civil Supplies,High
ഈ പ്രശ്നം ശ്രദ്ധിക്കുക: എനിക്ക് തൊഴിലാളി ക്ഷേമ തുക ലഭിച്ചിട്ടില്ല,Labour & Employment,High
தயவுசெய்து உதவுங்கள். சாலை பழுதுபார்ப்பு பணி தாமதமாகியுள்ளது தயவுசெய்து தேவையான நடவடிக்கை எடுக்கவும்.,Roads & Highways,High
தயவுசெய்து இதை சரி செய்யுங்கள். பெண்கள் நலத்திட்டத்தில் உதவி வேண்டும் இந்த பிரச்சனையை கவனிக்கவும்.,Women & Child Welfare,Low
राशन की दुकान पर चावल नहीं दिया जा रहा है कृपया आवश्यक कार्रवाई करें।,Food & Civil Supplies,High
कृपया मदद करें। मुझे श्रमिक कल्याण भुगतान नहीं मिला है कृपया इस समस्या का समाधान करें।,Labour & Employment,Medium
Please help. The electricity meter is not functioning correctly,Electricity,Medium
എനിക്ക് ഭീഷണി സന്ദേശം ലഭിച്ചു ദയവായി ഈ വിഷയം പരിശോധിക്കുക.,Police,Critical
मैं शिकायत करना चाहता हूं कि नगर निगम कार्यालय ने हमारी शिकायत का जवाब नहीं दिया,Municipal Corporation,Low
പഞ്ചായത്ത് ഓഫീസ് ഞങ്ങളുടെ പരാതിക്ക് മറുപടി നൽകിയിട്ടില്ല ദയവായി ഈ പ്രശ്നം പരിഹരിക്കുക.,Rural Development / Panchayat,Low
தயவுசெய்து உதவுங்கள். எங்கள் பகுதியில் உள்ள குப்பைத் தொட்டிகள் நிரம்பி வழிகின்றன தயவுசெய்து தேவையான நடவடிக்கை எடுக்கவும்.,Waste Management,Medium
தயவுசெய்து உதவுங்கள். தெரு சுத்தம் செய்யும் அட்டவணை பின்பற்றப்படவில்லை இந்த பிரச்சனையை கவனிக்கவும்.,Municipal Corporation,Medium
Please help. I cannot download my government certificate Kindly resolve this issue.,e-Governance,Low
ദയവായി സഹായിക്കണം. പഞ്ചായത്ത് വികസന ഫണ്ട് ഉപയോഗിച്ചിട്ടില്ല ദയവായി ഈ പ്രശ്നം പരിഹരിക്കുക.,Rural Development / Panchayat,Low
ദയവായി ഇത് പരിഹരിക്കുക. എന്റെ പ്രസവാനുകൂല്യ അപേക്ഷ പരിഗണനയിലാണ്,Women & Child Welfare,Low
कृपया इस समस्या को देखें: सीवेज मैनहोल से पानी बाहर निकल रहा है कृपया इस समस्या का समाधान करें।,Drainage & Sewerage,Low
தயவுசெய்து உதவுங்கள். தெரு சுத்தம் செய்யும் அட்டவணை பின்பற்றப்படவில்லை,Municipal Corporation,High
ഈ പ്രശ്നത്തെക്കുറിച്ച് പരാതി നൽകുന്നു: വിളനാശത്തിന് സഹായം ആവശ്യമാണ് ദയവായി ഈ പ്രശ്നം പരിഹരിക്കുക.,Agriculture,High
இந்த பிரச்சனையை கவனிக்கவும்: எங்கள் கிராம சமூக கூடத்திற்கு பராமரிப்பு தேவை தயவுசெய்து தேவையான நடவடிக்கை எடுக்கவும்.,Rural Development / Panchayat,Low
सरकारी ऑनलाइन पोर्टल काम नहीं कर रहा है,e-Governance,Medium
मैं शिकायत करना चाहता हूं कि मुझे महिला कल्याण विभाग से सहायता चाहिए कृपया आवश्यक कार्रवाई करें।,Women & Child Welfare,High
I would like to complain that The government school does not have enough teachers,Education,Medium
I would like to complain that I need help applying for a welfare scheme Please look into this matter.,Social Welfare,Medium
Kindly look into this: The welfare office has not responded Kindly resolve this issue.,Social Welfare,Low
ദയവായി ഇത് പരിഹരിക്കുക. പൊതു ഓഫീസ് കെട്ടിടത്തിൽ ഘടനാപരമായ കേടുപാടുണ്ട് ദയവായി ആവശ്യമായ നടപടി സ്വീകരിക്കുക.,Public Works,Medium
The public building has cracks in its walls Please look into this matter.,Public Works,Medium
ദയവായി ഇത് പരിഹരിക്കുക. പട്ട കൈമാറ്റ അപേക്ഷ പരിഗണനയിലാണ് ദയവായി ആവശ്യമായ നടപടി സ്വീകരിക്കുക.,Revenue & Land Records,Medium
ഈ പ്രശ്നം ശ്രദ്ധിക്കുക: എന്റെ ഡിജിറ്റൽ അപേക്ഷയിൽ നടപടി ഉണ്ടായിട്ടില്ല ദയവായി ഈ പ്രശ്നം പരിഹരിക്കുക.,e-Governance,High
इस समस्या पर ध्यान दें: हमारे इलाके में अवैध रूप से पेड़ काटे जा रहे हैं,Environment & Forest,Medium
ഹൈവേയിൽ നിരവധി വിള്ളലുകൾ ഉണ്ട് ദയവായി ആവശ്യമായ നടപടി സ്വീകരിക്കുക.,Roads & Highways,Medium
मैं शिकायत करना चाहता हूं कि सार्वजनिक भवन की दीवारों में दरारें हैं,Public Works,Medium
இந்த பிரச்சனையை கவனிக்கவும்: போக்குவரத்து பாஸ் விண்ணப்பம் தாமதமாகியுள்ளது,Transport,Medium
The underground drainage system is blocked Please look into this matter.,Drainage & Sewerage,Medium
Please help. A sewage manhole is overflowing Kindly resolve this issue.,Drainage & Sewerage,Critical
நியாய விலைக் கடை வேலை நேரத்தில் திறக்கப்படவில்லை தயவுசெய்து தேவையான நடவடிக்கை எடுக்கவும்.,Food & Civil Supplies,High
I would like to complain that My disability assistance payment has been delayed Kindly resolve this issue.,Social Welfare,Low
ഈ പ്രശ്നത്തെക്കുറിച്ച് പരാതി നൽകുന്നു: ആളുകൾ റോഡിന്റെ വശത്ത് മാലിന്യം വലിച്ചെറിയുന്നു ദയവായി ഈ വിഷയം പരിശോധിക്കുക.,Waste Management,High
தயவுசெய்து இதை சரி செய்யுங்கள். கல்லூரி எனது சான்றிதழை வழங்கவில்லை தயவுசெய்து இந்த பிரச்சனையை தீர்க்கவும்.,Education,Medium
हमारे स्कूल में उचित कक्षा सुविधाएं नहीं हैं कृपया आवश्यक कार्रवाई करें।,Education,High
ഈ പ്രശ്നം ശ്രദ്ധിക്കുക: സർക്കാർ ഓഫീസിൽ വൈദ്യുതി അറ്റകുറ്റപ്പണി വേണം ദയവായി ഈ വിഷയം പരിശോധിക്കുക.,Public Works,High
ഈ പ്രശ്നം ശ്രദ്ധിക്കുക: പഞ്ചായത്ത് ഗ്രാമത്തിലെ സൗകര്യങ്ങൾ നന്നാക്കിയിട്ടില്ല ദയവായി ഈ പ്രശ്നം പരിഹരിക്കുക.,Rural Development / Panchayat,Medium
ഈ പ്രശ്നം ശ്രദ്ധിക്കുക: സർക്കാർ കെട്ടിടത്തിന് അടിയന്തര പരിപാലനം ആവശ്യമാണ്,Public Works,Critical
தயவுசெய்து இதை சரி செய்யுங்கள். எனது காவல் புகாருக்கு இன்னும் பதில் கிடைக்கவில்லை,Police,Medium
தயவுசெய்து இதை சரி செய்யுங்கள். நகராட்சி அலுவலகம் எங்கள் புகாருக்கு பதிலளிக்கவில்லை,Municipal Corporation,Medium
സർക്കാർ കെട്ടിടത്തിന് അടിയന്തര പരിപാലനം ആവശ്യമാണ്,Public Works,Critical
தயவுசெய்து உதவுங்கள். மின் மீட்டர் சரியாக வேலை செய்யவில்லை,Electricity,Medium
कृपया मदद करें। हमारे खेत की सिंचाई नहर खराब हो गई है कृपया इस समस्या का समाधान करें।,Agriculture,Medium
ദയവായി ഇത് പരിഹരിക്കുക. മാലിന്യ വാഹനം ഞങ്ങളുടെ പ്രദേശത്ത് വരുന്നത് നിർത്തി ദയവായി ഈ വിഷയം പരിശോധിക്കുക.,Waste Management,Low
தயவுசெய்து உதவுங்கள். ரேஷன் கடையில் அரிசி வழங்கப்படவில்லை,Food & Civil Supplies,Medium
I want to report that The panchayat office has not responded to our complaint,Rural Development / Panchayat,High
பொது குழாயில் அழுக்கான தண்ணீர் வருகிறது,Water Services,Low
कृपया मदद करें। हमारे घर के बाहर सीवेज का पानी जमा है कृपया इस समस्या का समाधान करें।,Drainage & Sewerage,Medium
தயவுசெய்து உதவுங்கள். எங்கள் தெருவின் அருகே கழிவுநீர் குழாய் உடைந்துள்ளது தயவுசெய்து தேவையான நடவடிக்கை எடுக்கவும்.,Drainage & Sewerage,Medium
தயவுசெய்து உதவுங்கள். எனது கல்வி உதவித்தொகை விண்ணப்பம் நிலுவையில் உள்ளது தயவுசெய்து இந்த பிரச்சனையை தீர்க்கவும்.,Education,Medium
ഈ പ്രശ്നം ശ്രദ്ധിക്കുക: ഞങ്ങളുടെ പ്രദേശത്ത് വെള്ളത്തിന്റെ സമ്മർദ്ദം വളരെ കുറവാണ് ദയവായി ഈ വിഷയം പരിശോധിക്കുക.,Water Services,Low
ഈ പ്രശ്നം ശ്രദ്ധിക്കുക: സർക്കാർ ആരോഗ്യ കേന്ദ്രത്തിൽ ഡോക്ടർ ലഭ്യമല്ല ദയവായി ആവശ്യമായ നടപടി സ്വീകരിക്കുക.,Health,Medium
இந்த பிரச்சனையை கவனிக்கவும்: எனது சேர்க்கை விண்ணப்பம் இன்னும் நிலுவையில் உள்ளது தயவுசெய்து தேவையான நடவடிக்கை எடுக்கவும்.,Education,High
தயவுசெய்து உதவுங்கள். எனது மாதாந்திர ரேஷன் கிடைக்கவில்லை தயவுசெய்து தேவையான நடவடிக்கை எடுக்கவும்.,Food & Civil Supplies,Medium
ദയവായി ഇത് പരിഹരിക്കുക. ഞങ്ങളുടെ ഗ്രാമത്തിന് സമീപമുള്ള നദി മലിനമായി,Environment & Forest,High
मैं शिकायत करना चाहता हूं कि कृषि अधिकारी हमारे गांव में नहीं आए हैं कृपया इस समस्या का समाधान करें।,Agriculture,Low
मैं शिकायत करना चाहता हूं कि सरकारी बसें नियमित रूप से नहीं चल रही हैं कृपया इस समस्या का समाधान करें।,Transport,Medium
Kindly look into this: There is an open garbage dump beside the road Please take necessary action.,Waste Management,Medium
ഈ പ്രശ്നം ശ്രദ്ധിക്കുക: ഇന്നലെ മുതൽ ഞങ്ങളുടെ പ്രദേശത്ത് വൈദ്യുതി ഇല്ല ദയവായി ആവശ്യമായ നടപടി സ്വീകരിക്കുക.,Electricity,Critical
இந்த பிரச்சனையை கவனிக்கவும்: எங்கள் பள்ளியில் சரியான வகுப்பறை வசதிகள் இல்லை தயவுசெய்து தேவையான நடவடிக்கை எடுக்கவும்.,Education,Medium
I want to report that I need information about agricultural subsidies Please look into this matter.,Agriculture,High
इस समस्या पर ध्यान दें: सीवेज मैनहोल से पानी बाहर निकल रहा है कृपया इस मामले को देखें।,Drainage & Sewerage,Low
कृपया मदद करें। हमारे गांव में बेहतर बुनियादी सुविधाओं की जरूरत है कृपया आवश्यक कार्रवाई करें।,Rural Development / Panchayat,Medium
இந்த பிரச்சனை குறித்து புகார் அளிக்கிறேன்: மருத்துவமனை மருந்தகத்தில் மருந்துகள் இல்லை,Health,High
தயவுசெய்து உதவுங்கள். மேல்நிலை நீர்த்தேக்க தொட்டிக்கு தண்ணீர் வரவில்லை தயவுசெய்து தேவையான நடவடிக்கை எடுக்கவும்.,Water Services,Medium
தயவுசெய்து இதை சரி செய்யுங்கள். ஒரு தொழிற்சாலை கடுமையான காற்று மாசை ஏற்படுத்துகிறது தயவுசெய்து தேவையான நடவடிக்கை எடுக்கவும்.,Environment & Forest,High
தயவுசெய்து உதவுங்கள். எங்கள் வார்டில் உள்ள பொது வசதிக்கு பராமரிப்பு தேவை,Municipal Corporation,Medium
எனது பயனாளி விவரங்கள் தவறாக உள்ளன தயவுசெய்து இந்த பிரச்சனையை தீர்க்கவும்.,Social Welfare,Medium
தயவுசெய்து உதவுங்கள். அரசு பேருந்துகள் முறையாக இயக்கப்படவில்லை தயவுசெய்து தேவையான நடவடிக்கை எடுக்கவும்.,Transport,Medium
இந்த பிரச்சனை குறித்து புகார் அளிக்கிறேன்: வீடு கட்டுவதற்கான மானியம் இன்னும் வரவில்லை தயவுசெய்து தேவையான நடவடிக்கை எடுக்கவும்.,Housing,Medium
मैं शिकायत करना चाहता हूं कि भूमिगत जल निकासी व्यवस्था बंद है कृपया आवश्यक कार्रवाई करें।,Drainage & Sewerage,Medium
कृपया इस समस्या को देखें: जमा कचरे से बहुत बदबू आ रही है कृपया इस समस्या का समाधान करें।,Waste Management,Low
தயவுசெய்து இதை சரி செய்யுங்கள். போக்குவரத்து பாஸ் விண்ணப்பம் தாமதமாகியுள்ளது,Transport,Medium
தயவுசெய்து இதை சரி செய்யுங்கள். எங்கள் தெருவின் அருகிலுள்ள மின்மாற்றியில் வித்தியாசமான சத்தம் வருகிறது தயவுசெய்து இந்த பிரச்சனையை தீர்க்கவும்.,Electricity,Medium
ഈ പ്രശ്നത്തെക്കുറിച്ച് പരാതി നൽകുന്നു: സർക്കാർ ബസുകൾ ക്രമമായി ഓടുന്നില്ല ദയവായി ഈ വിഷയം പരിശോധിക്കുക.,Transport,Medium
குப்பை வண்டி எங்கள் பகுதிக்கு வரவில்லை தயவுசெய்து தேவையான நடவடிக்கை எடுக்கவும்.,Waste Management,Low
ഈ പ്രശ്നം ശ്രദ്ധിക്കുക: എന്റെ വിദ്യാഭ്യാസ സർട്ടിഫിക്കറ്റ് ഇതുവരെ ലഭിച്ചിട്ടില്ല ദയവായി ആവശ്യമായ നടപടി സ്വീകരിക്കുക.,Education,High
सरकारी क्लिनिक काम के समय में खुला नहीं है कृपया आवश्यक कार्रवाई करें।,Health,Medium
कृपया इस समस्या को देखें: मेरा आवास सहायता आवेदन लंबित है कृपया इस समस्या का समाधान करें।,Housing,Medium
தயவுசெய்து இதை சரி செய்யுங்கள். அரசு இணையதளத்தில் பிழை வருகிறது தயவுசெய்து தேவையான நடவடிக்கை எடுக்கவும்.,e-Governance,Medium
ദയവായി സഹായിക്കണം. എനിക്ക് ഈ മാസത്തെ റേഷൻ ലഭിച്ചിട്ടില്ല ദയവായി ആവശ്യമായ നടപടി സ്വീകരിക്കുക.,Food & Civil Supplies,Medium
ദയവായി ഇത് പരിഹരിക്കുക. പഞ്ചായത്ത് വികസന ഫണ്ട് ഉപയോഗിച്ചിട്ടില്ല ദയവായി ആവശ്യമായ നടപടി സ്വീകരിക്കുക.,Rural Development / Panchayat,Medium
I want to report that The health centre is overcrowded Please take necessary action.,Health,High
Kindly look into this: My affordable housing application is pending Kindly resolve this issue.,Housing,Low
ഈ പ്രശ്നം ശ്രദ്ധിക്കുക: സർക്കാർ ആരോഗ്യ കേന്ദ്രത്തിൽ ഡോക്ടർ ലഭ്യമല്ല ദയവായി ഈ പ്രശ്നം പരിഹരിക്കുക.,Health,Low
ഈ പ്രശ്നം ശ്രദ്ധിക്കുക: ഗ്രാമ ക്ഷേമ പദ്ധതി പരിഗണനയിലാണ് ദയവായി ആവശ്യമായ നടപടി സ്വീകരിക്കുക.,Rural Development / Panchayat,Low
தயவுசெய்து இதை சரி செய்யுங்கள். எனது கல்வி உதவித்தொகை விண்ணப்பம் நிலுவையில் உள்ளது தயவுசெய்து இந்த பிரச்சனையை தீர்க்கவும்.,Education,Low
कृपया इस समस्या को देखें: मेरा राशन कार्ड आवेदन लंबित है कृपया इस मामले को देखें।,Food & Civil Supplies,Low
मैं शिकायत करना चाहता हूं कि खराब सड़क के कारण दुर्घटनाएं हो रही हैं कृपया इस समस्या का समाधान करें।,Roads & Highways,High
I want to report that The municipal water pipeline is damaged Please look into this matter.,Water Services,Medium
ദയവായി ഇത് പരിഹരിക്കുക. ഭവന പദ്ധതി അപേക്ഷയിൽ സഹായം വേണം ദയവായി ഈ വിഷയം പരിശോധിക്കുക.,Housing,Medium
സർക്കാർ കുട്ടി സഹായ തുക പരിഗണനയിലാണ് ദയവായി ഈ വിഷയം പരിശോധിക്കുക.,Women & Child Welfare,Medium
इस समस्या पर ध्यान दें: सरकारी कार्यालय में बिजली की मरम्मत की जरूरत है कृपया आवश्यक कार्रवाई करें।,Public Works,Medium
இந்த பிரச்சனை குறித்து புகார் அளிக்கிறேன்: வீடு கட்டுவதற்கான மானியம் இன்னும் வரவில்லை இந்த பிரச்சனையை கவனிக்கவும்.,Housing,Medium
எனது சமூக நல ஓய்வூதியம் வரவில்லை தயவுசெய்து தேவையான நடவடிக்கை எடுக்கவும்.,Social Welfare,Low
इस समस्या पर ध्यान दें: सरकारी छात्रावास में बेहतर सुविधाओं की जरूरत है कृपया आवश्यक कार्रवाई करें।,Education,Medium
हमारे इलाके में बार बार वोल्टेज की समस्या होती है,Electricity,High
ദയവായി സഹായിക്കണം. എന്റെ വീടിന് സമീപമുള്ള തെരുവ് വിളക്ക് തൂൺ കേടായിട്ടുണ്ട് ദയവായി ഈ പ്രശ്നം പരിഹരിക്കുക.,Municipal Corporation,High
कृपया इस समस्या को देखें: मुझे श्रमिक के रूप में पंजीकरण करने में सहायता चाहिए,Labour & Employment,Medium
ദയവായി സഹായിക്കണം. വെള്ള കണക്ഷൻ അപേക്ഷ ഇപ്പോഴും പരിഗണനയിലാണ് ദയവായി ഈ വിഷയം പരിശോധിക്കുക.,Water Services,Low
இந்த பிரச்சனை குறித்து புகார் அளிக்கிறேன்: எனது பயனாளி விவரங்கள் தவறாக உள்ளன,Social Welfare,Low
ഭൂമി സർവേ മാപ്പിന്റെ പകർപ്പ് വേണം ദയവായി ഈ പ്രശ്നം പരിഹരിക്കുക.,Revenue & Land Records,Low
ഈ പ്രശ്നം ശ്രദ്ധിക്കുക: സർക്കാർ കുട്ടി സഹായ തുക പരിഗണനയിലാണ് ദയവായി ഈ പ്രശ്നം പരിഹരിക്കുക.,Women & Child Welfare,Medium
நகராட்சி குடிநீர் குழாய் சேதமடைந்துள்ளது தயவுசெய்து தேவையான நடவடிக்கை எடுக்கவும்.,Water Services,Medium
कृपया इस समस्या को देखें: मेरी सामाजिक कल्याण पेंशन जमा नहीं हुई है कृपया इस मामले को देखें।,Social Welfare,Medium
ദയവായി ഇത് പരിഹരിക്കുക. സർക്കാർ കെട്ടിടത്തിലെ ഡ്രെയിനേജ് നന്നാക്കണം ദയവായി ആവശ്യമായ നടപടി സ്വീകരിക്കുക.,Public Works,Low
Kindly look into this: The government website is showing an error Kindly resolve this issue.,e-Governance,Medium
കർഷകർക്ക് ജലസേചന വെള്ളം ലഭിക്കുന്നില്ല ദയവായി ഈ പ്രശ്നം പരിഹരിക്കുക.,Agriculture,High
தயவுசெய்து உதவுங்கள். எங்கள் தெருவில் குடிநீர் விநியோகம் இல்லை,Water Services,Medium
इस समस्या पर ध्यान दें: वन क्षेत्र पर अतिक्रमण किया जा रहा है,Environment & Forest,Medium
मैं शिकायत करना चाहता हूं कि मेरे भूमि रिकॉर्ड में गलत जानकारी दर्ज है कृपया आवश्यक कार्रवाई करें।,Revenue & Land Records,Medium
Kindly look into this: I need information about agricultural subsidies Please look into this matter.,Agriculture,Medium
कृपया मदद करें। सार्वजनिक नल काम करना बंद कर चुका है,Water Services,Medium
I would like to complain that I have not received my employment benefit,Labour & Employment,Low
कृपया मदद करें। बारिश के बाद सीवर का पानी बाहर आ रहा है,Drainage & Sewerage,Medium
இந்த பிரச்சனை குறித்து புகார் அளிக்கிறேன்: மின் மீட்டர் சரியாக வேலை செய்யவில்லை,Electricity,Low
എന്റെ തൊഴിൽ സർട്ടിഫിക്കറ്റ് വൈകിയിരിക്കുന്നു,Labour & Employment,High
Please help. The public building has damaged doors Kindly resolve this issue.,Public Works,Medium
എന്റെ ഡിജിറ്റൽ അപേക്ഷയിൽ നടപടി ഉണ്ടായിട്ടില്ല ദയവായി ഈ പ്രശ്നം പരിഹരിക്കുക.,e-Governance,Medium
இந்த பிரச்சனை குறித்து புகார் அளிக்கிறேன்: எங்கள் தெருவில் குப்பை சேகரிக்கப்படவில்லை,Waste Management,Medium
कृपया मदद करें। मेरा श्रमिक पंजीकरण आवेदन लंबित है कृपया इस मामले को देखें।,Labour & Employment,Medium
कृपया इस समस्या को देखें: सार्वजनिक पाइपलाइन से गंदा पानी आ रहा है कृपया इस मामले को देखें।,Water Services,Low
मैं शिकायत करना चाहता हूं कि मुझे पुलिस में शिकायत दर्ज करनी है कृपया इस समस्या का समाधान करें।,Police,Medium
कृपया इस समस्या को देखें: मुझे सामाजिक कल्याण योजनाओं की जानकारी चाहिए,Social Welfare,High
இந்த பிரச்சனை குறித்து புகார் அளிக்கிறேன்: எங்கள் கிராமத்திற்கான பேருந்து சேவை குறைக்கப்பட்டுள்ளது இந்த பிரச்சனையை கவனிக்கவும்.,Transport,Medium
ഈ പ്രശ്നം ശ്രദ്ധിക്കുക: ഞങ്ങളുടെ വാർഡിലെ പൊതു സൗകര്യത്തിന് അറ്റകുറ്റപ്പണി ആവശ്യമാണ് ദയവായി ഈ പ്രശ്നം പരിഹരിക്കുക.,Municipal Corporation,High
தயவுசெய்து இதை சரி செய்யுங்கள். எங்கள் பகுதியில் சட்டவிரோதமாக மரங்கள் வெட்டப்படுகின்றன,Environment & Forest,Low
I want to report that My employment certificate has been delayed,Labour & Employment,Low
कृपया मदद करें। हमारे इलाके में अवैध रूप से पेड़ काटे जा रहे हैं कृपया इस मामले को देखें।,Environment & Forest,Medium
இந்த பிரச்சனையை கவனிக்கவும்: எனது நலத்திட்ட விண்ணப்பம் நிலுவையில் உள்ளது தயவுசெய்து இந்த பிரச்சனையை தீர்க்கவும்.,Social Welfare,High
The garbage vehicle has stopped visiting our locality Please take necessary action.,Waste Management,Medium
സർക്കാർ ഹോസ്റ്റലിൽ മികച്ച സൗകര്യങ്ങൾ ആവശ്യമാണ് ദയവായി ഈ പ്രശ്നം പരിഹരിക്കുക.,Education,Medium
मैं शिकायत करना चाहता हूं कि मुझे आवास योजना के आवेदन में सहायता चाहिए,Housing,High
I would like to complain that My affordable housing application is pending Please look into this matter.,Housing,High
தயவுசெய்து உதவுங்கள். நில பதிவு செயல்முறை தாமதமாகியுள்ளது,Revenue & Land Records,Medium
தயவுசெய்து உதவுங்கள். எனது தொழிலாளர் நல விண்ணப்பம் செயல்படுத்தப்படவில்லை இந்த பிரச்சனையை கவனிக்கவும்.,Labour & Employment,Medium
I want to report that Farmers have not received crop insurance support Please look into this matter.,Agriculture,High
Kindly look into this: Waste bins in our area are overflowing Please look into this matter.,Waste Management,High
Please help. My welfare scheme application is pending Please look into this matter.,Social Welfare,Medium
എന്റെ സ്കോളർഷിപ്പ് തുക ഇതുവരെ ലഭിച്ചിട്ടില്ല ദയവായി ആവശ്യമായ നടപടി സ്വീകരിക്കുക.,Education,High
ഈ പ്രശ്നം ശ്രദ്ധിക്കുക: ശിശു സംരക്ഷണ സേവനം പ്രതികരിക്കുന്നില്ല,Women & Child Welfare,Medium
ഈ പ്രശ്നത്തെക്കുറിച്ച് പരാതി നൽകുന്നു: എന്റെ റേഷൻ കാർഡിൽ തെറ്റായ വിവരങ്ങളുണ്ട് ദയവായി ആവശ്യമായ നടപടി സ്വീകരിക്കുക.,Food & Civil Supplies,High
इस समस्या पर ध्यान दें: हमारे इलाके में रोज बिजली कटौती होती है कृपया इस मामले को देखें।,Electricity,Medium
The hospital pharmacy has no medicines,Health,High
कृपया इस समस्या को देखें: सरकारी भवन के जल निकासी सिस्टम की मरम्मत चाहिए कृपया इस मामले को देखें।,Public Works,High
தயவுசெய்து இதை சரி செய்யுங்கள். ஊராட்சி அலுவலகம் எங்கள் புகாருக்கு பதிலளிக்கவில்லை இந்த பிரச்சனையை கவனிக்கவும்.,Rural Development / Panchayat,High
Please help. The government office requires electrical repairs Kindly resolve this issue.,Public Works,Medium
இந்த பிரச்சனையை கவனிக்கவும்: அரசு விடுதிக்கு சிறந்த வசதிகள் தேவை தயவுசெய்து இந்த பிரச்சனையை தீர்க்கவும்.,Education,High
Kindly look into this: The patta transfer application is pending,Revenue & Land Records,Low
Kindly look into this: The government office requires electrical repairs Please take necessary action.,Public Works,Medium
ദയവായി ഇത് പരിഹരിക്കുക. ഭവന പദ്ധതി ഗുണഭോക്തൃ പട്ടിക തെറ്റാണ് ദയവായി ഈ വിഷയം പരിശോധിക്കുക.,Housing,Medium
कृपया इस समस्या को देखें: ऑनलाइन सेवा बार बार टाइम आउट हो रही है कृपया इस समस्या का समाधान करें।,e-Governance,Low
I want to report that The community park has become unusable Please take necessary action.,Municipal Corporation,Medium
The main road needs resurfacing Kindly resolve this issue.,Roads & Highways,High
ദയവായി സഹായിക്കണം. എന്റെ റേഷൻ കാർഡ് അപേക്ഷ പരിഗണനയിലാണ്,Food & Civil Supplies,Medium
ഈ പ്രശ്നത്തെക്കുറിച്ച് പരാതി നൽകുന്നു: ഞങ്ങളുടെ പ്രദേശത്തെ ശിശു പരിപാലന കേന്ദ്രം പ്രവർത്തിക്കുന്നില്ല ദയവായി ആവശ്യമായ നടപടി സ്വീകരിക്കുക.,Women & Child Welfare,Medium
ദയവായി സഹായിക്കണം. എനിക്ക് തൊഴിൽ ആനുകൂല്യം ലഭിച്ചിട്ടില്ല ദയവായി ഈ പ്രശ്നം പരിഹരിക്കുക.,Labour & Employment,Medium
People are dumping waste on the roadside Please look into this matter.,Waste Management,Medium
I want to report that My social welfare pension has not been credited Please take necessary action.,Social Welfare,Low
ഈ പ്രശ്നത്തെക്കുറിച്ച് പരാതി നൽകുന്നു: ആരോ എന്റെ സ്വത്തിന് കേടുപാടുകൾ വരുത്തി ദയവായി ഈ പ്രശ്നം പരിഹരിക്കുക.,Police,High
कृपया मदद करें। मुझे कल्याण योजना के लिए आवेदन करने में सहायता चाहिए,Social Welfare,High
പൊതു അടിസ്ഥാന സൗകര്യങ്ങൾ ശരിയായി പരിപാലിക്കുന്നില്ല ദയവായി ആവശ്യമായ നടപടി സ്വീകരിക്കുക.,Public Works,High
தயவுசெய்து உதவுங்கள். பெண்கள் நலத்துறையின் உதவி வேண்டும் தயவுசெய்து தேவையான நடவடிக்கை எடுக்கவும்.,Women & Child Welfare,Medium
कृपया मदद करें। मेरी संपत्ति के रिकॉर्ड में गलती है कृपया इस मामले को देखें।,Revenue & Land Records,Low
इस समस्या पर ध्यान दें: गांव की सड़क विकास परियोजना अधूरी है कृपया इस समस्या का समाधान करें।,Rural Development / Panchayat,Low
தயவுசெய்து உதவுங்கள். எங்கள் பகுதியில் கழிவுநீர் குழாய் அடைத்துள்ளது தயவுசெய்து இந்த பிரச்சனையை தீர்க்கவும்.,Drainage & Sewerage,Medium
ദയവായി സഹായിക്കണം. പൊതു കെട്ടിടത്തിലെ ജനലുകൾ തകർന്നിട്ടുണ്ട് ദയവായി ആവശ്യമായ നടപടി സ്വീകരിക്കുക.,Public Works,High
I want to report that There is a suspicious person near our residential area Please look into this matter.,Police,Medium
I want to report that The public toilet in our locality is not maintained Please take necessary action.,Municipal Corporation,Medium
இந்த பிரச்சனையை கவனிக்கவும்: மருத்துவமனை மருந்தகத்தில் மருந்துகள் இல்லை,Health,Medium
The road shoulder has collapsed Please look into this matter.,Roads & Highways,Critical
Kindly look into this: I need information about public transport services,Transport,High
I would like to complain that My housing assistance application is pending Please take necessary action.,Housing,Medium
ഈ പ്രശ്നം ശ്രദ്ധിക്കുക: ഞങ്ങളുടെ തെരുവിന് സമീപമുള്ള ട്രാൻസ്ഫോർമറിൽ നിന്ന് വിചിത്രമായ ശബ്ദം കേൾക്കുന്നു ദയവായി ഈ പ്രശ്നം പരിഹരിക്കുക.,Electricity,Medium
Please help. There is excessive smoke from an industrial unit,Environment & Forest,High
தயவுசெய்து உதவுங்கள். எங்கள் தெருவின் அருகிலுள்ள மின்மாற்றியில் வித்தியாசமான சத்தம் வருகிறது தயவுசெய்து தேவையான நடவடிக்கை எடுக்கவும்.,Electricity,Medium
कृपया मदद करें। हमारे गांव की बस सेवा कम कर दी गई है कृपया इस मामले को देखें।,Transport,Medium
ദയവായി സഹായിക്കണം. വനിതാ ക്ഷേമ പദ്ധതികളെക്കുറിച്ച് വിവരം വേണം ദയവായി ഈ പ്രശ്നം പരിഹരിക്കുക.,Women & Child Welfare,Medium
ദയവായി സഹായിക്കണം. ഗ്രാമ വികസന പ്രവർത്തനം വൈകുകയാണ് ദയവായി ഈ പ്രശ്നം പരിഹരിക്കുക.,Rural Development / Panchayat,Medium
Kindly look into this: The street lights in my neighborhood are not working,Municipal Corporation,High
कृपया इस समस्या को देखें: नगर निगम कार्यालय ने हमारी शिकायत का जवाब नहीं दिया कृपया इस समस्या का समाधान करें।,Municipal Corporation,Medium
ഈ പ്രശ്നം ശ്രദ്ധിക്കുക: ഞങ്ങളുടെ ഗ്രാമത്തിൽ മികച്ച അടിസ്ഥാന സൗകര്യങ്ങൾ ആവശ്യമാണ് ദയവായി ആവശ്യമായ നടപടി സ്വീകരിക്കുക.,Rural Development / Panchayat,Low
ഈ പ്രശ്നം ശ്രദ്ധിക്കുക: അനുവദിച്ച ഭവന തുക ഇതുവരെ ലഭിച്ചിട്ടില്ല ദയവായി ആവശ്യമായ നടപടി സ്വീകരിക്കുക.,Housing,Low
कृपया इस समस्या को देखें: मुझे इस महीने की पेंशन नहीं मिली है कृपया इस समस्या का समाधान करें।,Social Welfare,Medium
इस समस्या पर ध्यान दें: गांव के विकास कार्य में देरी हो रही है कृपया आवश्यक कार्रवाई करें।,Rural Development / Panchayat,Medium
इस समस्या पर ध्यान दें: सड़क का किनारा टूट गया है,Roads & Highways,Medium
I would like to complain that My ration card application is pending Please take necessary action.,Food & Civil Supplies,Medium
I would like to complain that My unemployment assistance application is pending,Labour & Employment,High
தயவுசெய்து உதவுங்கள். அரசு அலுவலக கட்டிடத்திற்கு பழுது பார்க்க வேண்டும்,Public Works,Medium
I want to report that My family member is missing from the ration card Please take necessary action.,Food & Civil Supplies,Medium
मैं शिकायत करना चाहता हूं कि मेरा वाहन चोरी हो गया है कृपया इस मामले को देखें।,Police,High
Kindly look into this: I want to report illegal tree cutting Kindly resolve this issue.,Environment & Forest,High
தயவுசெய்து இதை சரி செய்யுங்கள். அரசு மருத்துவமனை வேலை நேரத்தில் திறக்கப்படவில்லை இந்த பிரச்சனையை கவனிக்கவும்.,Health,High
ദയവായി ഇത് പരിഹരിക്കുക. ആംബുലൻസ് സേവനം പ്രതികരിക്കുന്നില്ല,Health,Medium
വെള്ള വിതരണ സമയക്രമം പാലിക്കുന്നില്ല ദയവായി ആവശ്യമായ നടപടി സ്വീകരിക്കുക.,Water Services,Low
ഇന്നലെ മുതൽ ഞങ്ങളുടെ പ്രദേശത്ത് വൈദ്യുതി ഇല്ല ദയവായി ആവശ്യമായ നടപടി സ്വീകരിക്കുക.,Electricity,High
कृपया इस समस्या को देखें: मेरा बेरोजगारी सहायता आवेदन लंबित है कृपया आवश्यक कार्रवाई करें।,Labour & Employment,Medium
டிஜிட்டல் அரசு சேவை கிடைக்கவில்லை தயவுசெய்து இந்த பிரச்சனையை தீர்க்கவும்.,e-Governance,Medium
ഈ പ്രശ്നം ശ്രദ്ധിക്കുക: ഇന്നലെ മുതൽ ഞങ്ങളുടെ തെരുവിൽ വെള്ളം എത്തിയിട്ടില്ല,Water Services,Low
ഈ പ്രശ്നം ശ്രദ്ധിക്കുക: സർക്കാർ ഭവന അനുവദിക്കൽ വൈകുകയാണ് ദയവായി ഈ പ്രശ്നം പരിഹരിക്കുക.,Housing,Medium
இந்த பிரச்சனை குறித்து புகார் அளிக்கிறேன்: விவசாய மானியங்கள் குறித்து தகவல் வேண்டும் தயவுசெய்து தேவையான நடவடிக்கை எடுக்கவும்.,Agriculture,Medium
தயவுசெய்து இதை சரி செய்யுங்கள். பொது கட்டிடத்தின் கதவுகள் சேதமடைந்துள்ளன தயவுசெய்து தேவையான நடவடிக்கை எடுக்கவும்.,Public Works,Low
कृपया इस समस्या को देखें: मेरे भूमि रिकॉर्ड में गलत जानकारी दर्ज है कृपया आवश्यक कार्रवाई करें।,Revenue & Land Records,Medium
ക്ഷേമ ഓഫീസ് മറുപടി നൽകിയിട്ടില്ല,Social Welfare,High
The ration dealer is charging extra money,Food & Civil Supplies,Medium
The transformer near our street is making unusual sounds Kindly resolve this issue.,Electricity,High
இந்த பிரச்சனையை கவனிக்கவும்: விவசாயிகளுக்கு பாசன நீர் கிடைக்கவில்லை தயவுசெய்து இந்த பிரச்சனையை தீர்க்கவும்.,Agriculture,Low
Kindly look into this: There is a shortage of seeds in our area Please take necessary action.,Agriculture,Medium
കോളേജ് എന്റെ സർട്ടിഫിക്കറ്റ് നൽകിയിട്ടില്ല,Education,Medium
ദയവായി സഹായിക്കണം. ഞങ്ങളുടെ പ്രദേശത്തെ സീവർ ലൈൻ അടഞ്ഞിരിക്കുന്നു ദയവായി ഈ പ്രശ്നം പരിഹരിക്കുക.,Drainage & Sewerage,High
I want to report that My new ration card has not been issued Please take necessary action.,Food & Civil Supplies,Medium
कृपया मदद करें। सरकारी वेबसाइट पर त्रुटि दिखाई दे रही है कृपया इस समस्या का समाधान करें।,e-Governance,Low
इस समस्या पर ध्यान दें: सार्वजनिक भवन की दीवारों में दरारें हैं कृपया इस समस्या का समाधान करें।,Public Works,Medium
ഈ പ്രശ്നം ശ്രദ്ധിക്കുക: എന്റെ തൊഴിലാളി രജിസ്ട്രേഷൻ അപേക്ഷ പരിഗണനയിലാണ്,Labour & Employment,Low
പഞ്ചായത്ത് വികസന ഫണ്ട് ഉപയോഗിച്ചിട്ടില്ല ദയവായി ആവശ്യമായ നടപടി സ്വീകരിക്കുക.,Rural Development / Panchayat,Low
ദയവായി ഇത് പരിഹരിക്കുക. ഞങ്ങളുടെ പ്രദേശത്ത് കുടിവെള്ള വിതരണം ഇല്ല ദയവായി ഈ വിഷയം പരിശോധിക്കുക.,Water Services,High
ദയവായി ഇത് പരിഹരിക്കുക. എനിക്ക് വനിതാ ക്ഷേമ വകുപ്പിന്റെ സഹായം വേണം ദയവായി ഈ പ്രശ്നം പരിഹരിക്കുക.,Women & Child Welfare,Medium
कृपया मदद करें। मुझे भूमि सर्वेक्षण मानचित्र की प्रति चाहिए कृपया आवश्यक कार्रवाई करें।,Revenue & Land Records,High
ഈ പ്രശ്നത്തെക്കുറിച്ച് പരാതി നൽകുന്നു: ഞങ്ങളുടെ ഗ്രാമത്തിലേക്കുള്ള ബസ് സർവീസ് കുറച്ചു ദയവായി ആവശ്യമായ നടപടി സ്വീകരിക്കുക.,Transport,Medium
குடிநீர் பல நாட்களாக வரவில்லை தயவுசெய்து தேவையான நடவடிக்கை எடுக்கவும்.,Water Services,Medium
தயவுசெய்து உதவுங்கள். எனது சேர்க்கை விண்ணப்பம் இன்னும் நிலுவையில் உள்ளது தயவுசெய்து தேவையான நடவடிக்கை எடுக்கவும்.,Education,Medium
தயவுசெய்து இதை சரி செய்யுங்கள். சமூக நலத்திட்டங்கள் குறித்து தகவல் வேண்டும்,Social Welfare,High
I want to report that Our school lacks proper classroom facilities,Education,Medium
जमा कचरे से बहुत बदबू आ रही है कृपया इस समस्या का समाधान करें।,Waste Management,Medium
ദയവായി ഇത് പരിഹരിക്കുക. പഞ്ചായത്ത് ഓഫീസ് ഞങ്ങളുടെ പരാതിക്ക് മറുപടി നൽകിയിട്ടില്ല ദയവായി ആവശ്യമായ നടപടി സ്വീകരിക്കുക.,Rural Development / Panchayat,Medium
ദയവായി സഹായിക്കണം. പ്രധാന റോഡ് പുനർനിർമ്മിക്കണം ദയവായി ഈ വിഷയം പരിശോധിക്കുക.,Roads & Highways,Low
कृपया मदद करें। मेरे घर के पास सीवेज नाला बंद है कृपया आवश्यक कार्रवाई करें।,Drainage & Sewerage,High
Kindly look into this: The street cleaning schedule is not being followed Please look into this matter.,Municipal Corporation,Low
Please help. There are no beds available in the public hospital Please look into this matter.,Health,High
ഈ പ്രശ്നത്തെക്കുറിച്ച് പരാതി നൽകുന്നു: ഞങ്ങളുടെ സ്കൂളിൽ ആവശ്യമായ ക്ലാസ് സൗകര്യങ്ങൾ ഇല്ല ദയവായി ഈ വിഷയം പരിശോധിക്കുക.,Education,Medium
இந்த பிரச்சனை குறித்து புகார் அளிக்கிறேன்: ஊராட்சி கிராம வசதிகளை பழுதுபார்க்கவில்லை தயவுசெய்து இந்த பிரச்சனையை தீர்க்கவும்.,Rural Development / Panchayat,Medium
இந்த பிரச்சனை குறித்து புகார் அளிக்கிறேன்: எங்கள் வார்டில் உள்ள பொது வசதிக்கு பராமரிப்பு தேவை தயவுசெய்து இந்த பிரச்சனையை தீர்க்கவும்.,Municipal Corporation,Medium
I would like to complain that I want to report illegal tree cutting Please take necessary action.,Environment & Forest,Low
இந்த பிரச்சனையை கவனிக்கவும்: எனது நில ஆவணத்தின் நகல் வேண்டும்,Revenue & Land Records,Low
कृपया इस समस्या को देखें: मुख्य सड़क की मरम्मत की जरूरत है कृपया इस समस्या का समाधान करें।,Roads & Highways,Low
வீட்டு குப்பைகள் எங்கள் வீடுகளுக்கு அருகில் குவிந்துள்ளன இந்த பிரச்சனையை கவனிக்கவும்.,Waste Management,Medium
ദയവായി ഇത് പരിഹരിക്കുക. ഞങ്ങളുടെ താമസ പ്രദേശത്തിന് സമീപം സംശയാസ്പദനായ ഒരാൾ ഉണ്ട് ദയവായി ഈ വിഷയം പരിശോധിക്കുക.,Police,High
ഈ പ്രശ്നം ശ്രദ്ധിക്കുക: കേടായ റോഡ് കാരണം അപകടങ്ങൾ ഉണ്ടാകുന്നു,Roads & Highways,Medium
I would like to complain that The ambulance service is not responding Kindly resolve this issue.,Health,Medium
தயவுசெய்து உதவுங்கள். என் மின்சார கட்டணத்தில் தவறான அளவு காட்டப்பட்டுள்ளது,Electricity,Low
I want to report that The land registration process has been delayed Kindly resolve this issue.,Revenue & Land Records,High
தயவுசெய்து உதவுங்கள். எங்கள் பகுதியில் போதுமான பேருந்து சேவைகள் இல்லை,Transport,High
ഈ പ്രശ്നം ശ്രദ്ധിക്കുക: ഭവന വകുപ്പ് മറുപടി നൽകിയിട്ടില്ല ദയവായി ഈ പ്രശ്നം പരിഹരിക്കുക.,Housing,High
I would like to complain that People are dumping waste on the roadside,Waste Management,Low
தயவுசெய்து உதவுங்கள். நேற்று முதல் எங்கள் தெருவிற்கு தண்ணீர் வரவில்லை தயவுசெய்து தேவையான நடவடிக்கை எடுக்கவும்.,Water Services,Low
எனது தொழிலாளர் பதிவு விவரங்கள் தவறாக உள்ளன இந்த பிரச்சனையை கவனிக்கவும்.,Labour & Employment,Low
ഞങ്ങളുടെ ഗ്രാമത്തിൽ മികച്ച പൊതു സൗകര്യങ്ങൾ ആവശ്യമാണ് ദയവായി ഈ പ്രശ്നം പരിഹരിക്കുക.,Rural Development / Panchayat,Medium
कृपया मदद करें। हमारे इलाके में कचरा संग्रह नियमित नहीं है,Waste Management,Medium
The road surface becomes dangerous during rain,Roads & Highways,Critical
ഈ പ്രശ്നം ശ്രദ്ധിക്കുക: എന്റെ ഭൂമി രേഖയുടെ പകർപ്പ് വേണം ദയവായി ഈ വിഷയം പരിശോധിക്കുക.,Revenue & Land Records,Low
ദയവായി ഇത് പരിഹരിക്കുക. സർക്കാർ കെട്ടിടത്തിന് അടിയന്തര പരിപാലനം ആവശ്യമാണ് ദയവായി ഈ പ്രശ്നം പരിഹരിക്കുക.,Public Works,Critical
ദയവായി ഇത് പരിഹരിക്കുക. റോഡിന്റെ വശം ഇടിഞ്ഞുപോയി ദയവായി ഈ പ്രശ്നം പരിഹരിക്കുക.,Roads & Highways,Low
Kindly look into this: There is a strong chemical smell near our locality Please look into this matter.,Environment & Forest,Medium
ദയവായി സഹായിക്കണം. ഗ്രാമ റോഡ് വികസന പ്രവർത്തനം പൂർത്തിയായിട്ടില്ല,Rural Development / Panchayat,Medium
இந்த பிரச்சனை குறித்து புகார் அளிக்கிறேன்: எனது தொழிலாளர் நல விண்ணப்பம் செயல்படுத்தப்படவில்லை தயவுசெய்து இந்த பிரச்சனையை தீர்க்கவும்.,Labour & Employment,Medium
இந்த பிரச்சனை குறித்து புகார் அளிக்கிறேன்: குடிநீர் விநியோகம் சரியாக இல்லை இந்த பிரச்சனையை கவனிக்கவும்.,Water Services,Medium
Please help. Garbage has not been collected from our street Kindly resolve this issue.,Waste Management,Low
Please help. My maternity benefit application is pending,Women & Child Welfare,High
இந்த பிரச்சனை குறித்து புகார் அளிக்கிறேன்: குடிநீர் பல நாட்களாக வரவில்லை தயவுசெய்து தேவையான நடவடிக்கை எடுக்கவும்.,Water Services,High
இந்த பிரச்சனை குறித்து புகார் அளிக்கிறேன்: எனது மாதாந்திர ரேஷன் கிடைக்கவில்லை,Food & Civil Supplies,Low
Please help. The hospital lacks basic medical equipment Please look into this matter.,Health,Medium
தயவுசெய்து இதை சரி செய்யுங்கள். எங்கள் குடியிருப்பு பகுதியில் நகராட்சி சேவைகள் மேம்பட வேண்டும் தயவுசெய்து தேவையான நடவடிக்கை எடுக்கவும்.,Municipal Corporation,Medium
ദയവായി ഇത് പരിഹരിക്കുക. സർക്കാർ ആരോഗ്യ കേന്ദ്രത്തിൽ ഡോക്ടർ ലഭ്യമല്ല ദയവായി ഈ പ്രശ്നം പരിഹരിക്കുക.,Health,Low
पट्टा हस्तांतरण आवेदन लंबित है,Revenue & Land Records,Medium
Please help. The public bus is frequently overcrowded,Transport,High
இந்த பிரச்சனையை கவனிக்கவும்: அறிவிப்பு இல்லாமல் பேருந்து பாதை மாற்றப்பட்டுள்ளது தயவுசெய்து இந்த பிரச்சனையை தீர்க்கவும்.,Transport,High
उचित मूल्य की दुकान काम के समय बंद रहती है कृपया इस समस्या का समाधान करें।,Food & Civil Supplies,Medium
എന്റെ ഭൂമി മ്യൂട്ടേഷൻ അപേക്ഷ പരിഗണനയിലാണ് ദയവായി ഈ പ്രശ്നം പരിഹരിക്കുക.,Revenue & Land Records,Medium
I want to report that The patta transfer application is pending Please look into this matter.,Revenue & Land Records,Low
कृपया इस समस्या को देखें: मेरी संपत्ति के सर्वेक्षण विवरण गलत हैं,Revenue & Land Records,High
Kindly look into this: There is dangerous driving near our school Please look into this matter.,Police,High
इस समस्या पर ध्यान दें: हमारे घर के बाहर सीवेज का पानी जमा है कृपया इस समस्या का समाधान करें।,Drainage & Sewerage,High
ரேஷன் கடையில் உணவுப் பொருட்கள் போதுமானதாக இல்லை,Food & Civil Supplies,Medium
I want to report that Waste collection has been irregular in our neighborhood Kindly resolve this issue.,Waste Management,Low
ദയവായി സഹായിക്കണം. പൊതു കെട്ടിടത്തിന്റെ ചുമരുകളിൽ വിള്ളലുകൾ ഉണ്ട് ദയവായി ഈ വിഷയം പരിശോധിക്കുക.,Public Works,Medium
Farmers are not receiving irrigation water,Agriculture,Low
தயவுசெய்து இதை சரி செய்யுங்கள். எனது ரேஷன் அட்டை விண்ணப்பம் நிலுவையில் உள்ளது தயவுசெய்து தேவையான நடவடிக்கை எடுக்கவும்.,Food & Civil Supplies,Medium
Please help. The vaccination service is unavailable Please look into this matter.,Health,Medium
ഈ പ്രശ്നത്തെക്കുറിച്ച് പരാതി നൽകുന്നു: വനിതാ ക്ഷേമ പദ്ധതികളെക്കുറിച്ച് വിവരം വേണം ദയവായി ആവശ്യമായ നടപടി സ്വീകരിക്കുക.,Women & Child Welfare,High
இந்த பிரச்சனையை கவனிக்கவும்: ரேஷன் அட்டை விவரங்களை புதுப்பிக்க வேண்டும் தயவுசெய்து தேவையான நடவடிக்கை எடுக்கவும்.,Food & Civil Supplies,High
ഞങ്ങളുടെ സർക്കാർ സ്കൂളിൽ കമ്പ്യൂട്ടറുകൾ ഇല്ല ദയവായി ഈ പ്രശ്നം പരിഹരിക്കുക.,Education,Low
ദയവായി സഹായിക്കണം. വീട് നിർമ്മാണ സബ്സിഡി ഇതുവരെ ലഭിച്ചിട്ടില്ല ദയവായി ആവശ്യമായ നടപടി സ്വീകരിക്കുക.,Housing,Low
ദയവായി സഹായിക്കണം. ഞങ്ങളുടെ സ്കൂളിന് സമീപം അപകടകരമായി വാഹനങ്ങൾ ഓടിക്കുന്നു ദയവായി ഈ വിഷയം പരിശോധിക്കുക.,Police,Medium
कृपया इस समस्या को देखें: मेरे घर के पास सीवेज नाला बंद है कृपया आवश्यक कार्रवाई करें।,Drainage & Sewerage,Low
இந்த பிரச்சனையை கவனிக்கவும்: எங்கள் பகுதியில் உள்ள பூங்கா பயன்படுத்த முடியாத நிலையில் உள்ளது இந்த பிரச்சனையை கவனிக்கவும்.,Municipal Corporation,High
தயவுசெய்து உதவுங்கள். மருத்துவமனை மருந்தகத்தில் மருந்துகள் இல்லை தயவுசெய்து தேவையான நடவடிக்கை எடுக்கவும்.,Health,High
Please help. The bus route has been changed without notice Kindly resolve this issue.,Transport,Low
The village development work has been delayed Kindly resolve this issue.,Rural Development / Panchayat,Low
ഈ പ്രശ്നം ശ്രദ്ധിക്കുക: എന്റെ ഡിജിറ്റൽ അപേക്ഷയിൽ നടപടി ഉണ്ടായിട്ടില്ല ദയവായി ഈ വിഷയം പരിശോധിക്കുക.,e-Governance,Low
कृपया मदद करें। राजमार्ग पर कई दरारें हैं कृपया इस मामले को देखें।,Roads & Highways,Low
सीवेज मैनहोल से पानी बाहर निकल रहा है कृपया इस समस्या का समाधान करें।,Drainage & Sewerage,High
कृपया मदद करें। घरों का कचरा हमारे घरों के पास जमा हो रहा है कृपया इस मामले को देखें।,Waste Management,Low
ദയവായി സഹായിക്കണം. എന്റെ റേഷൻ കാർഡ് അപേക്ഷ പരിഗണനയിലാണ് ദയവായി ഈ പ്രശ്നം പരിഹരിക്കുക.,Food & Civil Supplies,High
தயவுசெய்து இதை சரி செய்யுங்கள். வீடு கட்டுவதற்கான மானியம் இன்னும் வரவில்லை,Housing,Low
मैं शिकायत करना चाहता हूं कि सार्वजनिक कार्यालय की इमारत में संरचनात्मक नुकसान है कृपया इस मामले को देखें।,Public Works,Medium
Please help. The government bus is not following its schedule,Transport,Medium
सड़क की मरम्मत का काम देर से हो रहा है,Roads & Highways,Medium
ദയവായി സഹായിക്കണം. ഞങ്ങളുടെ പ്രദേശത്തെ സീവർ ലൈൻ അടഞ്ഞിരിക്കുന്നു,Drainage & Sewerage,High
தயவுசெய்து உதவுங்கள். தடுப்பூசி சேவை கிடைக்கவில்லை தயவுசெய்து தேவையான நடவடிக்கை எடுக்கவும்.,Health,Low
எனது மகப்பேறு உதவி விண்ணப்பம் நிலுவையில் உள்ளது தயவுசெய்து தேவையான நடவடிக்கை எடுக்கவும்.,Women & Child Welfare,Low
Kindly look into this: My senior citizen benefit is pending Please take necessary action.,Social Welfare,Medium
ഈ പ്രശ്നം ശ്രദ്ധിക്കുക: സർക്കാർ ഓഫീസ് കെട്ടിടത്തിന് അറ്റകുറ്റപ്പണി ആവശ്യമാണ് ദയവായി ഈ പ്രശ്നം പരിഹരിക്കുക.,Public Works,Low
सरकारी कार्यालय की इमारत की मरम्मत की जरूरत है कृपया इस मामले को देखें।,Public Works,Medium
இந்த பிரச்சனை குறித்து புகார் அளிக்கிறேன்: வீட்டு துறை பதிலளிக்கவில்லை தயவுசெய்து தேவையான நடவடிக்கை எடுக்கவும்.,Housing,Medium
I would like to complain that My crop has been damaged by pests,Agriculture,Medium
Kindly look into this: The overhead water tank is not receiving water Kindly resolve this issue.,Water Services,Low
Please help. The panchayat has not repaired the village facilities,Rural Development / Panchayat,Medium
ദയവായി സഹായിക്കണം. ഞങ്ങളുടെ പ്രദേശത്ത് മതിയായ ബസ് സർവീസ് ഇല്ല ദയവായി ആവശ്യമായ നടപടി സ്വീകരിക്കുക.,Transport,Low
ரேஷன் கடைக்காரர் கூடுதல் பணம் கேட்கிறார்,Food & Civil Supplies,High
ഞങ്ങളുടെ പ്രദേശത്ത് അനധികൃതമായി മരങ്ങൾ മുറിക്കുന്നു ദയവായി ആവശ്യമായ നടപടി സ്വീകരിക്കുക.,Environment & Forest,High
Please help. The public facility in our ward requires maintenance,Municipal Corporation,High
कृपया इस समस्या को देखें: मेरे बच्चे का कल्याण लाभ नहीं मिला है कृपया इस मामले को देखें।,Women & Child Welfare,Medium
இந்த பிரச்சனை குறித்து புகார் அளிக்கிறேன்: எனது மகப்பேறு உதவி விண்ணப்பம் நிலுவையில் உள்ளது இந்த பிரச்சனையை கவனிக்கவும்.,Women & Child Welfare,Low
தயவுசெய்து இதை சரி செய்யுங்கள். குடிநீர் இணைப்பு வேலை செய்யவில்லை,Water Services,Medium
ഈ പ്രശ്നം ശ്രദ്ധിക്കുക: റോഡിന്റെ അരികിൽ തുറന്ന മാലിന്യക്കൂമ്പാരം ഉണ്ട്,Waste Management,High
कृपया मदद करें। आवास विभाग ने जवाब नहीं दिया है कृपया इस मामले को देखें।,Housing,Low
I want to report that I cannot download my government certificate Please look into this matter.,e-Governance,Medium
My social welfare pension has not been credited Please look into this matter.,Social Welfare,High
தயவுசெய்து இதை சரி செய்யுங்கள். எனது மகப்பேறு உதவி விண்ணப்பம் நிலுவையில் உள்ளது தயவுசெய்து இந்த பிரச்சனையை தீர்க்கவும்.,Women & Child Welfare,Medium
मैं शिकायत करना चाहता हूं कि मुझे पुलिस में शिकायत दर्ज करनी है कृपया इस मामले को देखें।,Police,High
கிராம வளர்ச்சி பணி தாமதமாகியுள்ளது,Rural Development / Panchayat,Low
ഈ പ്രശ്നത്തെക്കുറിച്ച് പരാതി നൽകുന്നു: റോഡിന് സമീപമുള്ള വൈദ്യുതി വയർ അപകടകരമായി തൂങ്ങിയിരിക്കുന്നു ദയവായി ഈ പ്രശ്നം പരിഹരിക്കുക.,Electricity,High
ദയവായി ഇത് പരിഹരിക്കുക. സർക്കാർ ക്ലിനിക്ക് ജോലി സമയത്ത് തുറക്കുന്നില്ല,Health,Medium
I want to report that The waste collection workers are not coming regularly Kindly resolve this issue.,Waste Management,Medium
இந்த பிரச்சனை குறித்து புகார் அளிக்கிறேன்: வீட்டு திட்ட விண்ணப்பத்திற்கு உதவி வேண்டும் தயவுசெய்து தேவையான நடவடிக்கை எடுக்கவும்.,Housing,Low
ദയവായി ഇത് പരിഹരിക്കുക. ഗ്രാമ ക്ഷേമ പദ്ധതി പരിഗണനയിലാണ് ദയവായി ഈ വിഷയം പരിശോധിക്കുക.,Rural Development / Panchayat,Medium
I have not received my monthly ration Kindly resolve this issue.,Food & Civil Supplies,Low
இந்த பிரச்சனை குறித்து புகார் அளிக்கிறேன்: ஒரு தொழிற்சாலை கடுமையான காற்று மாசை ஏற்படுத்துகிறது தயவுசெய்து தேவையான நடவடிக்கை எடுக்கவும்.,Environment & Forest,Low
कृपया इस समस्या को देखें: सरकारी अस्पताल में जरूरी दवाइयां उपलब्ध नहीं हैं कृपया इस समस्या का समाधान करें।,Health,Medium
இந்த பிரச்சனை குறித்து புகார் அளிக்கிறேன்: எங்கள் வார்டில் உள்ள பொது வசதிக்கு பராமரிப்பு தேவை இந்த பிரச்சனையை கவனிக்கவும்.,Municipal Corporation,Medium
தயவுசெய்து உதவுங்கள். எங்கள் பகுதியில் குப்பை சேகரிப்பு சீராக இல்லை,Waste Management,Medium
इस समस्या पर ध्यान दें: मेरी पुलिस शिकायत का अभी तक जवाब नहीं मिला है कृपया इस समस्या का समाधान करें।,Police,High
ഈ പ്രശ്നം ശ്രദ്ധിക്കുക: ഞങ്ങളുടെ ഗ്രാമത്തിന് സമീപമുള്ള നദി മലിനമായി,Environment & Forest,Low
I want to report that A factory is causing serious air pollution Kindly resolve this issue.,Environment & Forest,Medium
இந்த பிரச்சனையை கவனிக்கவும்: எனது டிஜிட்டல் விண்ணப்பம் செயல்படுத்தப்படவில்லை,e-Governance,Low
Please help. My electricity bill shows an incorrect reading Please take necessary action.,Electricity,Medium
ദയവായി ഇത് പരിഹരിക്കുക. പൊതു ഓഫീസ് കെട്ടിടത്തിൽ ഘടനാപരമായ കേടുപാടുണ്ട് ദയവായി ഈ പ്രശ്നം പരിഹരിക്കുക.,Public Works,High
हमारे इलाके में रोज बिजली कटौती होती है कृपया इस समस्या का समाधान करें।,Electricity,Low
தயவுசெய்து உதவுங்கள். எனது மாதாந்திர ஓய்வூதியம் கிடைக்கவில்லை,Social Welfare,Low
ദയവായി ഇത് പരിഹരിക്കുക. ഓവർഹെഡ് ടാങ്കിൽ വെള്ളം എത്തുന്നില്ല ദയവായി ഈ പ്രശ്നം പരിഹരിക്കുക.,Water Services,Low
இந்த பிரச்சனையை கவனிக்கவும்: குடிநீர் இணைப்பு வேலை செய்யவில்லை தயவுசெய்து இந்த பிரச்சனையை தீர்க்கவும்.,Water Services,Low
Kindly look into this: Uncollected garbage is causing a bad smell Please look into this matter.,Waste Management,Medium
Kindly look into this: My labour registration application is pending Please look into this matter.,Labour & Employment,Medium
ഈ പ്രശ്നത്തെക്കുറിച്ച് പരാതി നൽകുന്നു: എന്റെ സർക്കാർ സർട്ടിഫിക്കറ്റ് ഡൗൺലോഡ് ചെയ്യാൻ കഴിയുന്നില്ല ദയവായി ആവശ്യമായ നടപടി സ്വീകരിക്കുക.,e-Governance,Low
मैं शिकायत करना चाहता हूं कि सरकारी बस अपने समय का पालन नहीं कर रही है,Transport,Medium
ഈ പ്രശ്നം ശ്രദ്ധിക്കുക: കാർഷിക സബ്സിഡിയെക്കുറിച്ച് വിവരം വേണം,Agriculture,Low
कृपया मदद करें। हमारे इलाके में रोज बिजली कटौती होती है कृपया इस मामले को देखें।,Electricity,Medium
தயவுசெய்து உதவுங்கள். சமூக நலத்திட்டங்கள் குறித்து தகவல் வேண்டும் தயவுசெய்து இந்த பிரச்சனையை தீர்க்கவும்.,Social Welfare,Medium
I would like to complain that The bus service to our village has been reduced Please look into this matter.,Transport,High
ദയവായി സഹായിക്കണം. അനുവദിച്ച ഭവന തുക ഇതുവരെ ലഭിച്ചിട്ടില്ല ദയവായി ആവശ്യമായ നടപടി സ്വീകരിക്കുക.,Housing,High
Our neighborhood experiences daily power cuts,Electricity,Low
இந்த பிரச்சனையை கவனிக்கவும்: எங்கள் பள்ளி அருகே ஆபத்தான முறையில் வாகனங்கள் ஓட்டப்படுகின்றன இந்த பிரச்சனையை கவனிக்கவும்.,Police,Medium
The public water pipeline is leaking Please look into this matter.,Water Services,Medium
ദയവായി ഇത് പരിഹരിക്കുക. വെള്ള വിതരണ സമയക്രമം പാലിക്കുന്നില്ല,Water Services,Medium
हमारे क्षेत्र का बाल देखभाल केंद्र काम नहीं कर रहा है कृपया इस मामले को देखें।,Women & Child Welfare,Medium
Please help. I have not received my employment benefit Please look into this matter.,Labour & Employment,Medium
ഈ പ്രശ്നം ശ്രദ്ധിക്കുക: ഭൂമി രജിസ്ട്രേഷൻ നടപടിയിൽ വൈകുന്നു ദയവായി ഈ വിഷയം പരിശോധിക്കുക.,Revenue & Land Records,High
இந்த பிரச்சனையை கவனிக்கவும்: நில உரிமை பதிவை புதுப்பிக்க வேண்டும் இந்த பிரச்சனையை கவனிக்கவும்.,Revenue & Land Records,Low
ഈ പ്രശ്നം ശ്രദ്ധിക്കുക: ഞങ്ങളുടെ പ്രദേശത്ത് മാലിന്യ ശേഖരണം ക്രമമായിട്ടില്ല ദയവായി ഈ വിഷയം പരിശോധിക്കുക.,Waste Management,Medium
ഈ പ്രശ്നം ശ്രദ്ധിക്കുക: പ്രധാന റോഡ് പുനർനിർമ്മിക്കണം ദയവായി ഈ വിഷയം പരിശോധിക്കുക.,Roads & Highways,High
ദയവായി ഇത് പരിഹരിക്കുക. അറിയിപ്പില്ലാതെ ബസ് റൂട്ട് മാറ്റി ദയവായി ഈ പ്രശ്നം പരിഹരിക്കുക.,Transport,Low
ഈ പ്രശ്നം ശ്രദ്ധിക്കുക: റോഡിന്റെ അരികിൽ തുറന്ന മാലിന്യക്കൂമ്പാരം ഉണ്ട് ദയവായി ആവശ്യമായ നടപടി സ്വീകരിക്കുക.,Waste Management,High
தயவுசெய்து இதை சரி செய்யுங்கள். எனது வேலை இழப்பு உதவி விண்ணப்பம் நிலுவையில் உள்ளது தயவுசெய்து தேவையான நடவடிக்கை எடுக்கவும்.,Labour & Employment,Low
कृपया इस समस्या को देखें: सरकारी रोजगार योजना में काम नहीं मिला है कृपया इस मामले को देखें।,Labour & Employment,Low
There is illegal tree cutting in our area Please look into this matter.,Environment & Forest,Low
Kindly look into this: There is a large pothole on the main road Please take necessary action.,Roads & Highways,Low
I would like to complain that The government facility roof is leaking Kindly resolve this issue.,Public Works,Medium
ഭൂഗർഭ ഡ്രെയിനേജ് സംവിധാനം അടഞ്ഞിരിക്കുന്നു ദയവായി ഈ പ്രശ്നം പരിഹരിക്കുക.,Drainage & Sewerage,High
ഈ പ്രശ്നം ശ്രദ്ധിക്കുക: ഞങ്ങളുടെ ഗ്രാമത്തിൽ മികച്ച അടിസ്ഥാന സൗകര്യങ്ങൾ ആവശ്യമാണ്,Rural Development / Panchayat,High
My employment certificate has been delayed,Labour & Employment,High
ऑनलाइन सेवा बार बार टाइम आउट हो रही है,e-Governance,High
കർഷകർക്ക് ജലസേചന വെള്ളം ലഭിക്കുന്നില്ല,Agriculture,Medium
ദയവായി ഇത് പരിഹരിക്കുക. ഞങ്ങളുടെ താമസ പ്രദേശത്തിന് സമീപം സംശയാസ്പദനായ ഒരാൾ ഉണ്ട് ദയവായി ഈ പ്രശ്നം പരിഹരിക്കുക.,Police,Low
Please help. The sewage drain near my house is blocked Please take necessary action.,Drainage & Sewerage,High
தயவுசெய்து இதை சரி செய்யுங்கள். ரேஷன் கடைக்காரர் கூடுதல் பணம் கேட்கிறார் தயவுசெய்து தேவையான நடவடிக்கை எடுக்கவும்.,Food & Civil Supplies,Low
कृपया इस समस्या को देखें: मेरा भूमि म्यूटेशन आवेदन लंबित है कृपया इस समस्या का समाधान करें।,Revenue & Land Records,Medium
Please help. The digital government service is unavailable Please take necessary action.,e-Governance,High
சாக்கடையில் இருந்து கழிவுநீர் வெளியேறுகிறது தயவுசெய்து தேவையான நடவடிக்கை எடுக்கவும்.,Drainage & Sewerage,Medium
தயவுசெய்து உதவுங்கள். அரசு சுகாதார மையத்தில் மருத்துவர் இல்லை தயவுசெய்து தேவையான நடவடிக்கை எடுக்கவும்.,Health,Low
ഇന്നലെ മുതൽ ഞങ്ങളുടെ തെരുവിൽ വെള്ളം എത്തിയിട്ടില്ല ദയവായി ഈ വിഷയം പരിശോധിക്കുക.,Water Services,Low
कृपया इस समस्या को देखें: मैं अपना आवेदन ऑनलाइन जमा नहीं कर सकता,e-Governance,Medium
இந்த பிரச்சனையை கவனிக்கவும்: ரேஷன் கடையில் உணவுப் பொருட்கள் போதுமானதாக இல்லை,Food & Civil Supplies,Medium
ഈ പ്രശ്നത്തെക്കുറിച്ച് പരാതി നൽകുന്നു: ന്യായവില കട ജോലി സമയത്ത് തുറക്കുന്നില്ല ദയവായി ഈ പ്രശ്നം പരിഹരിക്കുക.,Food & Civil Supplies,Low
தயவுசெய்து இதை சரி செய்யுங்கள். நெடுஞ்சாலையில் பல விரிசல்கள் உள்ளன தயவுசெய்து தேவையான நடவடிக்கை எடுக்கவும்.,Roads & Highways,Low
कृपया इस समस्या को देखें: बिजली कटने के बाद आपूर्ति अभी तक बहाल नहीं हुई है कृपया आवश्यक कार्रवाई करें।,Electricity,Medium
मैं शिकायत करना चाहता हूं कि बच्चों के लिए पोषण सेवा उपलब्ध नहीं है,Women & Child Welfare,Low
I want to report that The government hospital does not have essential medicines Please take necessary action.,Health,Medium
मैं शिकायत करना चाहता हूं कि औद्योगिक इकाई से बहुत अधिक धुआं निकल रहा है कृपया आवश्यक कार्रवाई करें।,Environment & Forest,High
ഈ പ്രശ്നം ശ്രദ്ധിക്കുക: ബസ് ഷെൽട്ടർ കേടായിട്ടുണ്ട് ദയവായി ഈ പ്രശ്നം പരിഹരിക്കുക.,Transport,Low
இந்த பிரச்சனை குறித்து புகார் அளிக்கிறேன்: எங்கள் பகுதியில் குடிநீர் வரவில்லை இந்த பிரச்சனையை கவனிக்கவும்.,Water Services,Low
कृपया इस समस्या को देखें: हमारे इलाके के कूड़ेदान भरकर बाहर निकल रहे हैं,Waste Management,Medium
The public park in our area is poorly maintained Please take necessary action.,Municipal Corporation,High
ദയവായി സഹായിക്കണം. മഴയ്ക്ക് ശേഷം സീവർ വെള്ളം പുറത്തേക്ക് ഒഴുകുന്നു ദയവായി ആവശ്യമായ നടപടി സ്വീകരിക്കുക.,Drainage & Sewerage,Low
Please help. My welfare certificate has not been issued Please look into this matter.,Social Welfare,Medium
मैं शिकायत करना चाहता हूं कि मेरे भूमि रिकॉर्ड में गलत जानकारी दर्ज है कृपया इस मामले को देखें।,Revenue & Land Records,Medium
ഭവന പദ്ധതി അപേക്ഷയിൽ സഹായം വേണം ദയവായി ഈ പ്രശ്നം പരിഹരിക്കുക.,Housing,High
இந்த பிரச்சனை குறித்து புகார் அளிக்கிறேன்: பூச்சிகளால் எனது பயிர் சேதமடைந்துள்ளது,Agriculture,High
எனது நலச் சான்றிதழ் வழங்கப்படவில்லை தயவுசெய்து தேவையான நடவடிக்கை எடுக்கவும்.,Social Welfare,High
தயவுசெய்து இதை சரி செய்யுங்கள். அறிவிப்பு இல்லாமல் பேருந்து பாதை மாற்றப்பட்டுள்ளது தயவுசெய்து இந்த பிரச்சனையை தீர்க்கவும்.,Transport,Low
I want to report that The government building needs urgent maintenance,Public Works,Medium
ഈ പ്രശ്നത്തെക്കുറിച്ച് പരാതി നൽകുന്നു: വാക്സിനേഷൻ സേവനം ലഭ്യമല്ല ദയവായി ആവശ്യമായ നടപടി സ്വീകരിക്കുക.,Health,Low
ദയവായി സഹായിക്കണം. സർക്കാർ പോർട്ടൽ വളരെ മന്ദഗതിയിലാണ് ദയവായി ആവശ്യമായ നടപടി സ്വീകരിക്കുക.,e-Governance,Medium
कृपया इस समस्या को देखें: बारिश के दौरान सड़क बहुत खतरनाक हो जाती है कृपया आवश्यक कार्रवाई करें।,Roads & Highways,Critical
ഈ പ്രശ്നം ശ്രദ്ധിക്കുക: സർക്കാർ കുട്ടി സഹായ തുക പരിഗണനയിലാണ്,Women & Child Welfare,Low
இந்த பிரச்சனை குறித்து புகார் அளிக்கிறேன்: பொது உள்கட்டமைப்பு சரியாக பராமரிக்கப்படவில்லை தயவுசெய்து தேவையான நடவடிக்கை எடுக்கவும்.,Public Works,Low
இந்த பிரச்சனை குறித்து புகார் அளிக்கிறேன்: எனது குழந்தை நலத்தொகை கிடைக்கவில்லை,Women & Child Welfare,Medium
ഈ പ്രശ്നത്തെക്കുറിച്ച് പരാതി നൽകുന്നു: മലിനജലം തെരുവിലേക്ക് ഒഴുകുന്നു ദയവായി ആവശ്യമായ നടപടി സ്വീകരിക്കുക.,Drainage & Sewerage,Low
मैं शिकायत करना चाहता हूं कि मेरी छात्रवृत्ति की राशि अभी तक नहीं मिली है कृपया आवश्यक कार्रवाई करें।,Education,Medium
Please help. The public office has structural damage Kindly resolve this issue.,Public Works,Low
कृपया इस समस्या को देखें: बस शेल्टर खराब हो गया है कृपया इस समस्या का समाधान करें।,Transport,Low
தயவுசெய்து இதை சரி செய்யுங்கள். தொழிற்சாலையில் இருந்து அதிக புகை வருகிறது இந்த பிரச்சனையை கவனிக்கவும்.,Environment & Forest,Medium
कृपया इस समस्या को देखें: मुख्य सड़क पर एक बड़ा गड्ढा है कृपया इस मामले को देखें।,Roads & Highways,High
ദയവായി ഇത് പരിഹരിക്കുക. എനിക്ക് ഭീഷണി സന്ദേശം ലഭിച്ചു ദയവായി ഈ പ്രശ്നം പരിഹരിക്കുക.,Police,High
இந்த பிரச்சனையை கவனிக்கவும்: எனது வீட்டு உதவி விண்ணப்பம் நிலுவையில் உள்ளது இந்த பிரச்சனையை கவனிக்கவும்.,Housing,High
कृपया मदद करें। हमारी सड़क के पास अवैध गतिविधियां हो रही हैं,Police,Medium
I want to report that Our residential area needs better municipal services,Municipal Corporation,Low
I want to report that The municipal water pipeline is damaged,Water Services,Medium
I want to report that The nutrition service for children is unavailable,Women & Child Welfare,High
इस समस्या पर ध्यान दें: मेरा शिक्षा प्रमाणपत्र अभी तक नहीं आया है कृपया इस मामले को देखें।,Education,Medium
ദയവായി സഹായിക്കണം. എന്റെ വൈദ്യുതി ബില്ലിൽ തെറ്റായ റീഡിംഗ് കാണിക്കുന്നു,Electricity,Low
இந்த பிரச்சனை குறித்து புகார் அளிக்கிறேன்: எனது குடும்ப உறுப்பினர் ரேஷன் அட்டையில் இல்லை தயவுசெய்து இந்த பிரச்சனையை தீர்க்கவும்.,Food & Civil Supplies,Low
ദയവായി ഇത് പരിഹരിക്കുക. എന്റെ വീടിന് സമീപമുള്ള തെരുവ് വിളക്ക് തൂൺ കേടായിട്ടുണ്ട് ദയവായി ഈ വിഷയം പരിശോധിക്കുക.,Municipal Corporation,Low
தயவுசெய்து இதை சரி செய்யுங்கள். எனது தொழிலாளர் நல விண்ணப்பம் செயல்படுத்தப்படவில்லை தயவுசெய்து தேவையான நடவடிக்கை எடுக்கவும்.,Labour & Employment,Low
ദയവായി ഇത് പരിഹരിക്കുക. സർക്കാർ കെട്ടിടത്തിന്റെ മേൽക്കൂരയിൽ ചോർച്ചയുണ്ട്,Public Works,Low
ദയവായി ഇത് പരിഹരിക്കുക. ഞങ്ങളുടെ വയലിലേക്കുള്ള ജലസേചന കനാൽ കേടായിട്ടുണ്ട് ദയവായി ആവശ്യമായ നടപടി സ്വീകരിക്കുക.,Agriculture,Low
कृपया मदद करें। हमारी सड़क के पास ट्रांसफार्मर से अजीब आवाज आ रही है,Electricity,High
ഇന്നലെ മുതൽ ഞങ്ങളുടെ തെരുവിൽ വെള്ളം എത്തിയിട്ടില്ല,Water Services,High
இந்த பிரச்சனையை கவனிக்கவும்: எங்கள் பகுதியில் விதைகள் பற்றாக்குறையாக உள்ளன இந்த பிரச்சனையை கவனிக்கவும்.,Agriculture,Medium
कृपया इस समस्या को देखें: मैं अपना सरकारी प्रमाणपत्र डाउनलोड नहीं कर सकता कृपया आवश्यक कार्रवाई करें।,e-Governance,Low
இந்த பிரச்சனையை கவனிக்கவும்: பெரிய பள்ளம் போக்குவரத்தை தடுக்கிறது இந்த பிரச்சனையை கவனிக்கவும்.,Roads & Highways,Medium
இந்த பிரச்சனையை கவனிக்கவும்: ரேஷன் அட்டை விவரங்களை புதுப்பிக்க வேண்டும் தயவுசெய்து இந்த பிரச்சனையை தீர்க்கவும்.,Food & Civil Supplies,Low
इस समस्या पर ध्यान दें: हमारे आवासीय क्षेत्र में बेहतर नगर निगम सेवाओं की जरूरत है,Municipal Corporation,Low
I want to report that The bus stop in our area needs maintenance Please take necessary action.,Transport,High
I would like to complain that The ration shop is not providing rice Kindly resolve this issue.,Food & Civil Supplies,Medium
എന്റെ സ്കോളർഷിപ്പ് തുക ഇതുവരെ ലഭിച്ചിട്ടില്ല ദയവായി ഈ പ്രശ്നം പരിഹരിക്കുക.,Education,Low
I want to report that Wastewater is overflowing onto the street Kindly resolve this issue.,Drainage & Sewerage,Medium
I want to report that The village road development work is incomplete Please take necessary action.,Rural Development / Panchayat,Low
அரசு கட்டிடத்தின் வடிகால் பழுதுபார்க்க வேண்டும்,Public Works,High
I would like to complain that The sewer is overflowing after rain Please take necessary action.,Drainage & Sewerage,Low
தயவுசெய்து இதை சரி செய்யுங்கள். அரசு அலுவலகத்திற்கு மின் பழுதுபார்ப்பு தேவை தயவுசெய்து தேவையான நடவடிக்கை எடுக்கவும்.,Public Works,Medium
ദയവായി സഹായിക്കണം. മുനിസിപ്പൽ വെള്ള പൈപ്പ് കേടായിട്ടുണ്ട് ദയവായി ഈ വിഷയം പരിശോധിക്കുക.,Water Services,Low
எனது நில மாற்ற விண்ணப்பம் நிலுவையில் உள்ளது தயவுசெய்து தேவையான நடவடிக்கை எடுக்கவும்.,Revenue & Land Records,Medium
मैं शिकायत करना चाहता हूं कि हमारे क्षेत्र के पास तेज रासायनिक गंध है,Environment & Forest,Medium
इस समस्या पर ध्यान दें: हमारे इलाके में पीने के पानी की आपूर्ति नहीं है कृपया आवश्यक कार्रवाई करें।,Water Services,Medium
Please help. The government building drainage needs repair Kindly resolve this issue.,Public Works,Low
இந்த பிரச்சனையை கவனிக்கவும்: எனது தொழிலாளர் நல விண்ணப்பம் செயல்படுத்தப்படவில்லை,Labour & Employment,Medium
कृपया इस समस्या को देखें: हमारे क्षेत्र में पर्याप्त बस सेवाएं नहीं हैं कृपया आवश्यक कार्रवाई करें।,Transport,Medium
இந்த பிரச்சனை குறித்து புகார் அளிக்கிறேன்: எங்கள் பகுதியில் போதுமான பேருந்து சேவைகள் இல்லை,Transport,Medium
कृपया मदद करें। मैं ऑनलाइन नागरिक सेवा का उपयोग नहीं कर पा रहा हूं,e-Governance,Low
कृपया मदद करें। सार्वजनिक पानी की पाइपलाइन में रिसाव है कृपया इस मामले को देखें।,Water Services,High
தயவுசெய்து உதவுங்கள். எங்கள் வீட்டிற்கு வெளியே உள்ள மின்கம்பம் சேதமடைந்துள்ளது தயவுசெய்து தேவையான நடவடிக்கை எடுக்கவும்.,Electricity,Medium
इस समस्या पर ध्यान दें: मुझे आवास योजना का लाभ अभी तक नहीं मिला है कृपया इस मामले को देखें।,Housing,High
I want to report that I need to update my land ownership record,Revenue & Land Records,Medium
Please help. The rural welfare project is pending Please take necessary action.,Rural Development / Panchayat,Medium
எங்கள் தெருவிற்கு குடிநீர் வரவில்லை தயவுசெய்து இந்த பிரச்சனையை தீர்க்கவும்.,Water Services,High
My admission application is still pending,Education,Low
Please help. The irrigation canal for our fields is damaged,Agriculture,Medium
कृपया इस समस्या को देखें: मुख्य सड़क की मरम्मत की जरूरत है कृपया आवश्यक कार्रवाई करें।,Roads & Highways,Low
ഈ പ്രശ്നത്തെക്കുറിച്ച് പരാതി നൽകുന്നു: എന്റെ വീടിന് പുറത്തുള്ള വൈദ്യുതി തൂൺ കേടായിട്ടുണ്ട്,Electricity,Medium
कृपया इस समस्या को देखें: मेरी संपत्ति के रिकॉर्ड में गलती है,Revenue & Land Records,High
தயவுசெய்து உதவுங்கள். அரசுப் பள்ளியில் போதுமான ஆசிரியர்கள் இல்லை,Education,Medium
I want to report that People are dumping waste on the roadside Please look into this matter.,Waste Management,Low
मेरे परिवार का सदस्य राशन कार्ड में नहीं है कृपया आवश्यक कार्रवाई करें।,Food & Civil Supplies,High
मैं शिकायत करना चाहता हूं कि मुझे रोजगार योजनाओं की जानकारी चाहिए कृपया आवश्यक कार्रवाई करें।,Labour & Employment,Medium
कृपया इस समस्या को देखें: मुझे इस महीने का राशन नहीं मिला है कृपया आवश्यक कार्रवाई करें।,Food & Civil Supplies,Medium
My medical report has been delayed Please take necessary action.,Health,Low
ദയവായി ഇത് പരിഹരിക്കുക. ഞങ്ങളുടെ പ്രദേശത്തെ മോഷണം റിപ്പോർട്ട് ചെയ്യണം ദയവായി ആവശ്യമായ നടപടി സ്വീകരിക്കുക.,Police,Critical
Kindly look into this: The government office requires electrical repairs Kindly resolve this issue.,Public Works,High
ഈ പ്രശ്നം ശ്രദ്ധിക്കുക: കാർഷിക സബ്സിഡിയെക്കുറിച്ച് വിവരം വേണം ദയവായി ഈ വിഷയം പരിശോധിക്കുക.,Agriculture,High
മാർക്കറ്റിന് സമീപമുള്ള മാലിന്യപ്പെട്ടി നിറഞ്ഞു ദയവായി ഈ പ്രശ്നം പരിഹരിക്കുക.,Waste Management,Low
இந்த பிரச்சனையை கவனிக்கவும்: எனது கல்விச் சான்றிதழ் இன்னும் வரவில்லை இந்த பிரச்சனையை கவனிக்கவும்.,Education,Medium
कृपया इस समस्या को देखें: सरकारी बस अपने समय का पालन नहीं कर रही है कृपया इस समस्या का समाधान करें।,Transport,Low
தயவுசெய்து உதவுங்கள். தொழிற்சாலையால் ஒலி மாசு ஏற்படுகிறது,Environment & Forest,High
I want to report that The underground drainage system is blocked Please take necessary action.,Drainage & Sewerage,Medium
इस समस्या पर ध्यान दें: अस्पताल की फार्मेसी में दवाइयां नहीं हैं कृपया आवश्यक कार्रवाई करें।,Health,High
தயவுசெய்து உதவுங்கள். குப்பை வாகனம் எங்கள் பகுதிக்கு வருவதை நிறுத்திவிட்டது இந்த பிரச்சனையை கவனிக்கவும்.,Waste Management,Medium
இந்த பிரச்சனை குறித்து புகார் அளிக்கிறேன்: எனது வேலை இழப்பு உதவி விண்ணப்பம் நிலுவையில் உள்ளது தயவுசெய்து இந்த பிரச்சனையை தீர்க்கவும்.,Labour & Employment,Medium
സാമൂഹിക ക്ഷേമ പദ്ധതികളെക്കുറിച്ച് വിവരം വേണം ദയവായി ആവശ്യമായ നടപടി സ്വീകരിക്കുക.,Social Welfare,Medium
I want to report that My house construction subsidy has not arrived Please take necessary action.,Housing,Medium
தயவுசெய்து உதவுங்கள். எங்கள் வீட்டிற்கு வெளியே உள்ள மின்கம்பம் சேதமடைந்துள்ளது தயவுசெய்து இந்த பிரச்சனையை தீர்க்கவும்.,Electricity,Medium
मैं शिकायत करना चाहता हूं कि हमारे गांव के पास की सड़क गड्ढों से भरी है कृपया आवश्यक कार्रवाई करें।,Roads & Highways,Low
I want to report that My senior citizen benefit is pending Please look into this matter.,Social Welfare,Low
ദയവായി സഹായിക്കണം. സർക്കാർ ആശുപത്രിയിൽ കിടക്കകൾ ലഭ്യമല്ല,Health,High
Please help. My child welfare application has been delayed,Women & Child Welfare,Low
ഈ പ്രശ്നം ശ്രദ്ധിക്കുക: എന്റെ വീടിന് സമീപമുള്ള മലിനജല ഓട അടഞ്ഞിരിക്കുന്നു,Drainage & Sewerage,Medium
தயவுசெய்து இதை சரி செய்யுங்கள். எங்கள் வீட்டிற்கு வெளியே உள்ள மின்கம்பம் சேதமடைந்துள்ளது தயவுசெய்து இந்த பிரச்சனையை தீர்க்கவும்.,Electricity,Medium
इस समस्या पर ध्यान दें: मुझे सरकारी आवास योजना की जानकारी चाहिए कृपया इस समस्या का समाधान करें।,Housing,High
இந்த பிரச்சனை குறித்து புகார் அளிக்கிறேன்: எங்கள் வீட்டருகே உள்ள தெருவிளக்கு கம்பம் சேதமடைந்துள்ளது,Municipal Corporation,Medium
Kindly look into this: I need information about public transport services Kindly resolve this issue.,Transport,High
தயவுசெய்து உதவுங்கள். எங்கள் பகுதியில் உள்ள பேருந்து நிறுத்தத்திற்கு பராமரிப்பு தேவை தயவுசெய்து இந்த பிரச்சனையை தீர்க்கவும்.,Transport,Medium
എന്റെ ഭിന്നശേഷി സഹായ തുക വൈകിയിരിക്കുന്നു ദയവായി ഈ പ്രശ്നം പരിഹരിക്കുക.,Social Welfare,High
I would like to complain that The river near our village is polluted Kindly resolve this issue.,Environment & Forest,High
ദയവായി ഇത് പരിഹരിക്കുക. ഭവന വകുപ്പ് മറുപടി നൽകിയിട്ടില്ല,Housing,Medium
എനിക്ക് ഈ മാസത്തെ പെൻഷൻ ലഭിച്ചിട്ടില്ല ദയവായി ഈ വിഷയം പരിശോധിക്കുക.,Social Welfare,High
I want to report that The government bus is not following its schedule,Transport,High
இந்த பிரச்சனையை கவனிக்கவும்: பெண்கள் நலத்திட்டங்கள் குறித்து தகவல் வேண்டும் தயவுசெய்து இந்த பிரச்சனையை தீர்க்கவும்.,Women & Child Welfare,High
ഈ പ്രശ്നം ശ്രദ്ധിക്കുക: ഞങ്ങളുടെ താമസ പ്രദേശത്തിന് സമീപം സംശയാസ്പദനായ ഒരാൾ ഉണ്ട് ദയവായി ആവശ്യമായ നടപടി സ്വീകരിക്കുക.,Police,Medium
कृपया इस समस्या को देखें: मेरी दिव्यांग सहायता राशि में देरी हुई है कृपया इस मामले को देखें।,Social Welfare,Low
ദയവായി സഹായിക്കണം. കീടങ്ങൾ കാരണം എന്റെ വിള നശിച്ചു ദയവായി ഈ വിഷയം പരിശോധിക്കുക.,Agriculture,Medium
தயவுசெய்து இதை சரி செய்யுங்கள். எங்கள் பகுதியில் போதுமான பேருந்து சேவைகள் இல்லை,Transport,Medium
The government online portal is not working Please take necessary action.,e-Governance,Medium
ദയവായി സഹായിക്കണം. എന്റെ വീടിന് സമീപമുള്ള തെരുവ് വിളക്ക് തൂൺ കേടായിട്ടുണ്ട് ദയവായി ആവശ്യമായ നടപടി സ്വീകരിക്കുക.,Municipal Corporation,High
இந்த பிரச்சனையை கவனிக்கவும்: எங்கள் அரசுப் பள்ளியில் கணினிகள் இல்லை தயவுசெய்து இந்த பிரச்சனையை தீர்க்கவும்.,Education,Low
इस समस्या पर ध्यान दें: सरकारी स्कूल में पर्याप्त शिक्षक नहीं हैं,Education,Medium
Please help. The municipal workers have not cleaned our street Please look into this matter.,Municipal Corporation,Low
I would like to complain that I need information about employment schemes Please look into this matter.,Labour & Employment,High
पट्टा हस्तांतरण आवेदन लंबित है कृपया इस समस्या का समाधान करें।,Revenue & Land Records,Medium
இந்த பிரச்சனையை கவனிக்கவும்: எனது அரசு சான்றிதழை பதிவிறக்கம் செய்ய முடியவில்லை தயவுசெய்து இந்த பிரச்சனையை தீர்க்கவும்.,e-Governance,Low
कृपया मदद करें। सरकारी बसें नियमित रूप से नहीं चल रही हैं,Transport,High
എന്റെ മുതിർന്ന പൗരൻ ആനുകൂല്യം പരിഗണനയിലാണ് ദയവായി ആവശ്യമായ നടപടി സ്വീകരിക്കുക.,Social Welfare,Medium
வீட்டு குப்பைகள் எங்கள் வீடுகளுக்கு அருகில் குவிந்துள்ளன தயவுசெய்து இந்த பிரச்சனையை தீர்க்கவும்.,Waste Management,High
தயவுசெய்து இதை சரி செய்யுங்கள். எங்கள் மின் இணைப்பு அடிக்கடி துண்டிக்கப்படுகிறது தயவுசெய்து தேவையான நடவடிக்கை எடுக்கவும்.,Electricity,Low
ക്ഷേമ ഓഫീസ് മറുപടി നൽകിയിട്ടില്ല ദയവായി ആവശ്യമായ നടപടി സ്വീകരിക്കുക.,Social Welfare,Low
இந்த பிரச்சனை குறித்து புகார் அளிக்கிறேன்: சாக்கடையில் இருந்து கழிவுநீர் வெளியேறுகிறது,Drainage & Sewerage,High
कृपया मदद करें। हमारी सड़क के पास ट्रांसफार्मर से अजीब आवाज आ रही है कृपया इस समस्या का समाधान करें।,Electricity,Medium
இந்த பிரச்சனை குறித்து புகார் அளிக்கிறேன்: ஒரு தொழிற்சாலை கடுமையான காற்று மாசை ஏற்படுத்துகிறது தயவுசெய்து இந்த பிரச்சனையை தீர்க்கவும்.,Environment & Forest,Low
தயவுசெய்து உதவுங்கள். கழிவுநீர் கால்வாய் நிரம்பியுள்ளது,Drainage & Sewerage,High
I want to report that There are cracks across the highway Please take necessary action.,Roads & Highways,Medium
ദയവായി ഇത് പരിഹരിക്കുക. പൊതു കെട്ടിടത്തിന്റെ വാതിലുകൾ കേടായിട്ടുണ്ട് ദയവായി ഈ വിഷയം പരിശോധിക്കുക.,Public Works,Low
I want to report that Uncollected garbage is causing a bad smell Kindly resolve this issue.,Waste Management,Medium
There is a shortage of seeds in our area Kindly resolve this issue.,Agriculture,High
ഈ പ്രശ്നം ശ്രദ്ധിക്കുക: സർക്കാർ കെട്ടിടത്തിന് അടിയന്തര പരിപാലനം ആവശ്യമാണ് ദയവായി ഈ പ്രശ്നം പരിഹരിക്കുക.,Public Works,High
தயவுசெய்து இதை சரி செய்யுங்கள். அரசு கட்டிடத்தின் கூரையில் கசிவு உள்ளது இந்த பிரச்சனையை கவனிக்கவும்.,Public Works,Low
Please help. The irrigation canal for our fields is damaged Please look into this matter.,Agriculture,High
இந்த பிரச்சனை குறித்து புகார் அளிக்கிறேன்: குப்பை வாகனம் எங்கள் பகுதிக்கு வருவதை நிறுத்திவிட்டது,Waste Management,Low
इस समस्या पर ध्यान दें: राजमार्ग पर कई दरारें हैं कृपया इस समस्या का समाधान करें।,Roads & Highways,Medium
ദയവായി സഹായിക്കണം. സർക്കാർ ബസുകൾ ക്രമമായി ഓടുന്നില്ല ദയവായി ഈ വിഷയം പരിശോധിക്കുക.,Transport,Medium
இந்த பிரச்சனையை கவனிக்கவும்: டிஜிட்டல் அரசு சேவை கிடைக்கவில்லை தயவுசெய்து தேவையான நடவடிக்கை எடுக்கவும்.,e-Governance,Medium
தயவுசெய்து இதை சரி செய்யுங்கள். அரசு ஆன்லைன் தளம் வேலை செய்யவில்லை,e-Governance,High
I want to report that The ration shop is not providing rice Please look into this matter.,Food & Civil Supplies,Medium
ദയവായി ഇത് പരിഹരിക്കുക. ഞങ്ങളുടെ പ്രദേശത്തെ ബസ് സ്റ്റോപ്പിന് അറ്റകുറ്റപ്പണി ആവശ്യമാണ് ദയവായി ഈ പ്രശ്നം പരിഹരിക്കുക.,Transport,Low
The government employment scheme has not provided work Kindly resolve this issue.,Labour & Employment,Medium
I would like to complain that There is illegal tree cutting in our area Kindly resolve this issue.,Environment & Forest,Medium
मैं शिकायत करना चाहता हूं कि सार्वजनिक नल काम करना बंद कर चुका है कृपया इस समस्या का समाधान करें।,Water Services,Medium
ദയവായി ഇത് പരിഹരിക്കുക. ആരോഗ്യ കേന്ദ്രത്തിൽ വളരെ അധികം തിരക്കുണ്ട് ദയവായി ആവശ്യമായ നടപടി സ്വീകരിക്കുക.,Health,Medium
ഈ പ്രശ്നത്തെക്കുറിച്ച് പരാതി നൽകുന്നു: വ്യവസായ യൂണിറ്റിൽ നിന്ന് അമിതമായ പുക വരുന്നു ദയവായി ഈ വിഷയം പരിശോധിക്കുക.,Environment & Forest,Medium
I would like to complain that The fair price shop is closed during working hours Please take necessary action.,Food & Civil Supplies,High
कृपया इस समस्या को देखें: गंदा अपशिष्ट पानी हमारे इलाके में आ रहा है कृपया आवश्यक कार्रवाई करें।,Drainage & Sewerage,Medium
ദയവായി ഇത് പരിഹരിക്കുക. ഞങ്ങളുടെ പ്രദേശത്തിന് സമീപം ശക്തമായ രാസവസ്തു ഗന്ധമുണ്ട്,Environment & Forest,High
I need information about employment schemes Kindly resolve this issue.,Labour & Employment,Medium
தயவுசெய்து இதை சரி செய்யுங்கள். எங்கள் வீட்டிற்கு வெளியே உள்ள மின்கம்பம் சேதமடைந்துள்ளது இந்த பிரச்சனையை கவனிக்கவும்.,Electricity,High
ഈ പ്രശ്നം ശ്രദ്ധിക്കുക: എന്റെ സ്കോളർഷിപ്പ് അപേക്ഷ പരിഗണനയിൽ ആണ് ദയവായി ആവശ്യമായ നടപടി സ്വീകരിക്കുക.,Education,Medium
कृपया मदद करें। मुझे राशन कार्ड की जानकारी अपडेट करनी है कृपया इस समस्या का समाधान करें।,Food & Civil Supplies,Medium
इस समस्या पर ध्यान दें: सरकारी ऑनलाइन पोर्टल काम नहीं कर रहा है कृपया इस समस्या का समाधान करें।,e-Governance,Medium
இந்த பிரச்சனையை கவனிக்கவும்: நிலத்தடி கழிவுநீர் அமைப்பு அடைத்துள்ளது தயவுசெய்து இந்த பிரச்சனையை தீர்க்கவும்.,Drainage & Sewerage,Low
The power pole outside my house is damaged Kindly resolve this issue.,Electricity,Medium
I want to report that A damaged road is causing accidents,Roads & Highways,Critical
मैं शिकायत करना चाहता हूं कि मुझे रोजगार योजनाओं की जानकारी चाहिए,Labour & Employment,Low
कृपया मदद करें। राजमार्ग की सतह बहुत खराब हो गई है कृपया आवश्यक कार्रवाई करें।,Roads & Highways,Low
ദയവായി സഹായിക്കണം. ഞങ്ങളുടെ താമസ പ്രദേശത്തിന് സമീപം സംശയാസ്പദനായ ഒരാൾ ഉണ്ട് ദയവായി ആവശ്യമായ നടപടി സ്വീകരിക്കുക.,Police,Medium
எங்கள் பகுதியில் குடிநீர் விநியோகம் இல்லை இந்த பிரச்சனையை கவனிக்கவும்.,Water Services,Low
ദയവായി സഹായിക്കണം. കോളേജ് എന്റെ സർട്ടിഫിക്കറ്റ് നൽകിയിട്ടില്ല ദയവായി ഈ വിഷയം പരിശോധിക്കുക.,Education,Medium
ദയവായി ഇത് പരിഹരിക്കുക. വ്യവസായ യൂണിറ്റിൽ നിന്ന് അമിതമായ പുക വരുന്നു ദയവായി ഈ വിഷയം പരിശോധിക്കുക.,Environment & Forest,High
மருத்துவமனையில் அடிப்படை மருத்துவ உபகரணங்கள் இல்லை,Health,Medium
I would like to complain that The transport pass application is delayed Please look into this matter.,Transport,Low
मैं शिकायत करना चाहता हूं कि मेरी संपत्ति के रिकॉर्ड में गलती है कृपया आवश्यक कार्रवाई करें।,Revenue & Land Records,Medium
ഈ പ്രശ്നം ശ്രദ്ധിക്കുക: വ്യവസായ മാലിന്യം സമീപത്തെ ജലാശയത്തിലേക്ക് ഒഴുകുന്നു ദയവായി ഈ വിഷയം പരിശോധിക്കുക.,Environment & Forest,Low
कृपया इस समस्या को देखें: आवास योजना की लाभार्थी सूची गलत है कृपया आवश्यक कार्रवाई करें।,Housing,Medium
ഈ പ്രശ്നത്തെക്കുറിച്ച് പരാതി നൽകുന്നു: വനിതാ ക്ഷേമ പദ്ധതിയിൽ സഹായം വേണം ദയവായി ആവശ്യമായ നടപടി സ്വീകരിക്കുക.,Women & Child Welfare,Medium
I want to report that The bus service to our village has been reduced,Transport,Medium
सरकारी भवन के जल निकासी सिस्टम की मरम्मत चाहिए कृपया आवश्यक कार्रवाई करें।,Public Works,Medium
Kindly look into this: The housing department has not responded Please look into this matter.,Housing,Medium
ഈ പ്രശ്നം ശ്രദ്ധിക്കുക: ഹൈവേയിൽ നിരവധി വിള്ളലുകൾ ഉണ്ട് ദയവായി ഈ വിഷയം പരിശോധിക്കുക.,Roads & Highways,Low
ദയവായി ഇത് പരിഹരിക്കുക. എന്റെ വാഹനം മോഷണം പോയി ദയവായി ഈ പ്രശ്നം പരിഹരിക്കുക.,Police,High
தயவுசெய்து உதவுங்கள். ஒரு தொழிற்சாலை கடுமையான காற்று மாசை ஏற்படுத்துகிறது இந்த பிரச்சனையை கவனிக்கவும்.,Environment & Forest,High
പ്രധാന റോഡിൽ വലിയ കുഴിയുണ്ട് ദയവായി ഈ പ്രശ്നം പരിഹരിക്കുക.,Roads & Highways,Low
औद्योगिक कचरा पास के जल स्रोत में जा रहा है,Environment & Forest,High
பொது அலுவலக கட்டிடத்தில் கட்டமைப்பு சேதம் உள்ளது தயவுசெய்து தேவையான நடவடிக்கை எடுக்கவும்.,Public Works,High
மக்கள் சாலையோரத்தில் குப்பைகளை கொட்டுகின்றனர்,Waste Management,Low
ഈ പ്രശ്നത്തെക്കുറിച്ച് പരാതി നൽകുന്നു: ആംബുലൻസ് സേവനം പ്രതികരിക്കുന്നില്ല,Health,Medium
தயவுசெய்து உதவுங்கள். நலத்திட்டத்திற்கு விண்ணப்பிக்க உதவி வேண்டும் தயவுசெய்து தேவையான நடவடிக்கை எடுக்கவும்.,Social Welfare,High
मुझे महिला कल्याण विभाग से सहायता चाहिए कृपया इस समस्या का समाधान करें।,Women & Child Welfare,Medium
தயவுசெய்து இதை சரி செய்யுங்கள். எங்கள் கிராமத்திற்கு சிறந்த பொது வசதிகள் தேவை தயவுசெய்து தேவையான நடவடிக்கை எடுக்கவும்.,Rural Development / Panchayat,High
இந்த பிரச்சனையை கவனிக்கவும்: கிராம வளர்ச்சி பணி தாமதமாகியுள்ளது,Rural Development / Panchayat,Low
There is noise pollution from a factory,Environment & Forest,Medium
Please help. The school library does not have enough books Please take necessary action.,Education,Low
ദയവായി സഹായിക്കണം. ഞങ്ങളുടെ തെരുവിൽ നിന്ന് മാലിന്യം ശേഖരിക്കുന്നില്ല ദയവായി ഈ പ്രശ്നം പരിഹരിക്കുക.,Waste Management,Medium
Please help. My unemployment assistance application is pending Please take necessary action.,Labour & Employment,High
இந்த பிரச்சனையை கவனிக்கவும்: ஆன்லைன் குடிமக்கள் சேவையை அணுக முடியவில்லை,e-Governance,Medium
Kindly look into this: The college has not issued my certificate,Education,Medium
வீட்டு திட்ட விண்ணப்பத்திற்கு உதவி வேண்டும் இந்த பிரச்சனையை கவனிக்கவும்.,Housing,Medium
खराब सड़क के कारण दुर्घटनाएं हो रही हैं कृपया इस समस्या का समाधान करें।,Roads & Highways,High
ഈ പ്രശ്നം ശ്രദ്ധിക്കുക: എന്റെ പ്രവേശന അപേക്ഷ ഇപ്പോഴും പരിഗണനയിലാണ്,Education,Low
Kindly look into this: I cannot download my government certificate Please take necessary action.,e-Governance,Low
कृपया इस समस्या को देखें: मेरा श्रमिक पंजीकरण आवेदन लंबित है कृपया इस मामले को देखें।,Labour & Employment,Medium
റേഷൻ കടക്കാരൻ അധിക പണം ആവശ്യപ്പെടുന്നു ദയവായി ഈ വിഷയം പരിശോധിക്കുക.,Food & Civil Supplies,Low
ഈ പ്രശ്നം ശ്രദ്ധിക്കുക: മുനിസിപ്പൽ ജീവനക്കാർ ഞങ്ങളുടെ തെരുവ് വൃത്തിയാക്കുന്നില്ല ദയവായി ഈ വിഷയം പരിശോധിക്കുക.,Municipal Corporation,Low
ഈ പ്രശ്നത്തെക്കുറിച്ച് പരാതി നൽകുന്നു: എന്റെ തൊഴിലാളി ക്ഷേമ അപേക്ഷയിൽ നടപടി ഉണ്ടായിട്ടില്ല ദയവായി ആവശ്യമായ നടപടി സ്വീകരിക്കുക.,Labour & Employment,Low
I want to report that The rural development project has stopped,Rural Development / Panchayat,Low
कृपया मदद करें। मुझे श्रमिक कल्याण भुगतान नहीं मिला है,Labour & Employment,High
இந்த பிரச்சனை குறித்து புகார் அளிக்கிறேன்: வீடு கட்டுவதற்கான மானியம் இன்னும் வரவில்லை,Housing,Medium
सरकारी रोजगार योजना में काम नहीं मिला है कृपया इस समस्या का समाधान करें।,Labour & Employment,High
இந்த பிரச்சனை குறித்து புகார் அளிக்கிறேன்: எங்கள் தெருவின் அருகே கழிவுநீர் குழாய் உடைந்துள்ளது இந்த பிரச்சனையை கவனிக்கவும்.,Drainage & Sewerage,Medium
Waste bins in our area are overflowing Please take necessary action.,Waste Management,Medium
कृपया मदद करें। मेरी संपत्ति के सर्वेक्षण विवरण गलत हैं,Revenue & Land Records,High
ദയവായി ഇത് പരിഹരിക്കുക. എന്റെ സർക്കാർ സർട്ടിഫിക്കറ്റ് ഡൗൺലോഡ് ചെയ്യാൻ കഴിയുന്നില്ല ദയവായി ഈ പ്രശ്നം പരിഹരിക്കുക.,e-Governance,Low
தயவுசெய்து உதவுங்கள். எங்கள் கிராமத்திற்கு அருகிலுள்ள சாலை பள்ளங்களால் நிறைந்துள்ளது தயவுசெய்து இந்த பிரச்சனையை தீர்க்கவும்.,Roads & Highways,Medium
I want to report that The bus route has been changed without notice,Transport,Medium
വനത്തിന് സമീപം അനധികൃതമായി മാലിന്യം തള്ളുന്നു ദയവായി ഈ വിഷയം പരിശോധിക്കുക.,Environment & Forest,Medium
ദയവായി ഇത് പരിഹരിക്കുക. റേഷൻ കടക്കാരൻ അധിക പണം ആവശ്യപ്പെടുന്നു ദയവായി ആവശ്യമായ നടപടി സ്വീകരിക്കുക.,Food & Civil Supplies,High
தயவுசெய்து இதை சரி செய்யுங்கள். சாலையின் அருகில் திறந்த குப்பை மேடு உள்ளது தயவுசெய்து தேவையான நடவடிக்கை எடுக்கவும்.,Waste Management,Medium
कचरा संग्रह कर्मचारी नियमित रूप से नहीं आ रहे हैं कृपया आवश्यक कार्रवाई करें।,Waste Management,Medium
I want to report that I have not received my monthly ration Please take necessary action.,Food & Civil Supplies,Low
அரசு மருத்துவமனையில் படுக்கைகள் இல்லை,Health,Medium
The food supply at the ration shop is insufficient,Food & Civil Supplies,Medium
தயவுசெய்து இதை சரி செய்யுங்கள். என் வீட்டின் அருகிலுள்ள கழிவுநீர் கால்வாய் அடைத்துள்ளது தயவுசெய்து தேவையான நடவடிக்கை எடுக்கவும்.,Drainage & Sewerage,High
ദയവായി സഹായിക്കണം. ഡ്രെയിനേജ് വെള്ളം ദുർഗന്ധം ഉണ്ടാക്കുന്നു ദയവായി ഈ വിഷയം പരിശോധിക്കുക.,Drainage & Sewerage,Low
Kindly look into this: The village road development work is incomplete Kindly resolve this issue.,Rural Development / Panchayat,High
ഈ പ്രശ്നത്തെക്കുറിച്ച് പരാതി നൽകുന്നു: എന്റെ തൊഴിലില്ലായ്മ സഹായ അപേക്ഷ പരിഗണനയിലാണ്,Labour & Employment,High
I want to report that My child welfare benefit has not been received Please take necessary action.,Women & Child Welfare,Medium
இந்த பிரச்சனை குறித்து புகார் அளிக்கிறேன்: குழந்தைகள் பாதுகாப்பு சேவை பதிலளிக்கவில்லை தயவுசெய்து இந்த பிரச்சனையை தீர்க்கவும்.,Women & Child Welfare,Medium
ഈ പ്രശ്നം ശ്രദ്ധിക്കുക: വനിതാ ക്ഷേമ പദ്ധതിയിൽ സഹായം വേണം,Women & Child Welfare,High
I would like to complain that The child protection service is not responding Kindly resolve this issue.,Women & Child Welfare,Medium
தயவுசெய்து இதை சரி செய்யுங்கள். சட்டவிரோத மர வெட்டலை புகார் செய்ய வேண்டும் இந்த பிரச்சனையை கவனிக்கவும்.,Environment & Forest,Low
कृपया इस समस्या को देखें: हमारे गांव के पास की सड़क गड्ढों से भरी है,Roads & Highways,Medium
ദയവായി ഇത് പരിഹരിക്കുക. സർക്കാർ ബസുകൾ ക്രമമായി ഓടുന്നില്ല ദയവായി ആവശ്യമായ നടപടി സ്വീകരിക്കുക.,Transport,Medium
इस समस्या पर ध्यान दें: मेरा बेरोजगारी सहायता आवेदन लंबित है कृपया आवश्यक कार्रवाई करें।,Labour & Employment,High
ദയവായി സഹായിക്കണം. കർഷകർക്ക് വിള ഇൻഷുറൻസ് സഹായം ലഭിച്ചിട്ടില്ല ദയവായി ആവശ്യമായ നടപടി സ്വീകരിക്കുക.,Agriculture,High
ദയവായി ഇത് പരിഹരിക്കുക. വൈദ്യുതി മീറ്റർ ശരിയായി പ്രവർത്തിക്കുന്നില്ല,Electricity,Medium
വാക്സിനേഷൻ സേവനം ലഭ്യമല്ല,Health,Medium
कृपया मदद करें। कॉलेज ने मेरा प्रमाणपत्र जारी नहीं किया है,Education,Low
വ്യവസായ യൂണിറ്റിൽ നിന്ന് അമിതമായ പുക വരുന്നു ദയവായി ആവശ്യമായ നടപടി സ്വീകരിക്കുക.,Environment & Forest,Medium
I would like to complain that The government building needs urgent maintenance,Public Works,Medium
Kindly look into this: There is noise pollution from a factory Please look into this matter.,Environment & Forest,Low
इस समस्या पर ध्यान दें: मुझे महिला कल्याण योजना में सहायता चाहिए कृपया इस समस्या का समाधान करें।,Women & Child Welfare,Low
इस समस्या पर ध्यान दें: मेरी मेडिकल रिपोर्ट में देरी हो रही है कृपया इस समस्या का समाधान करें।,Health,High
ദയവായി ഇത് പരിഹരിക്കുക. സർക്കാർ കെട്ടിടത്തിന് അടിയന്തര പരിപാലനം ആവശ്യമാണ്,Public Works,Critical
Kindly look into this: The street lights in my neighborhood are not working Please take necessary action.,Municipal Corporation,Medium
ഈ പ്രശ്നത്തെക്കുറിച്ച് പരാതി നൽകുന്നു: ഭൂമി സർവേ മാപ്പിന്റെ പകർപ്പ് വേണം ദയവായി ഈ പ്രശ്നം പരിഹരിക്കുക.,Revenue & Land Records,Medium
ഈ പ്രശ്നം ശ്രദ്ധിക്കുക: റേഷൻ കടയിൽ അരി നൽകുന്നില്ല ദയവായി ഈ പ്രശ്നം പരിഹരിക്കുക.,Food & Civil Supplies,High
कृपया इस समस्या को देखें: पंचायत विकास निधि का उपयोग नहीं किया गया है कृपया इस समस्या का समाधान करें।,Rural Development / Panchayat,Medium
The sewage drain near my house is blocked Kindly resolve this issue.,Drainage & Sewerage,High
इस समस्या पर ध्यान दें: मेरा कल्याण प्रमाणपत्र जारी नहीं हुआ है कृपया आवश्यक कार्रवाई करें।,Social Welfare,Medium
I have not received my monthly pension,Social Welfare,Medium
कृपया इस समस्या को देखें: मैं अपना आवेदन ऑनलाइन जमा नहीं कर सकता कृपया इस मामले को देखें।,e-Governance,Medium
ദയവായി സഹായിക്കണം. എന്റെ പ്രവേശന അപേക്ഷ ഇപ്പോഴും പരിഗണനയിലാണ് ദയവായി ഈ പ്രശ്നം പരിഹരിക്കുക.,Education,Low
Please help. My farmer subsidy application is pending Kindly resolve this issue.,Agriculture,Medium
ഈ പ്രശ്നം ശ്രദ്ധിക്കുക: ആരോഗ്യ കേന്ദ്രത്തിൽ വളരെ അധികം തിരക്കുണ്ട്,Health,Low
कृपया मदद करें। मुझे आवास योजना के आवेदन में सहायता चाहिए,Housing,Medium
தயவுசெய்து உதவுங்கள். வீடு கட்டுவதற்கான மானியம் இன்னும் வரவில்லை தயவுசெய்து தேவையான நடவடிக்கை எடுக்கவும்.,Housing,Medium
मैं शिकायत करना चाहता हूं कि राजमार्ग पर कई दरारें हैं,Roads & Highways,High
कृपया इस समस्या को देखें: बारिश के बाद सीवर का पानी बाहर आ रहा है,Drainage & Sewerage,High
இந்த பிரச்சனை குறித்து புகார் அளிக்கிறேன்: எனது குடும்ப உறுப்பினர் ரேஷன் அட்டையில் இல்லை,Food & Civil Supplies,Medium
I would like to complain that The streetlight pole near my house is damaged Kindly resolve this issue.,Municipal Corporation,Medium
ദയവായി ഇത് പരിഹരിക്കുക. ആശുപത്രിയിൽ അടിസ്ഥാന മെഡിക്കൽ ഉപകരണങ്ങൾ ഇല്ല ദയവായി ഈ വിഷയം പരിശോധിക്കുക.,Health,Medium
Kindly look into this: I need help with a women welfare scheme Kindly resolve this issue.,Women & Child Welfare,High
ഈ പ്രശ്നത്തെക്കുറിച്ച് പരാതി നൽകുന്നു: വനത്തിന് സമീപം അനധികൃതമായി മാലിന്യം തള്ളുന്നു ദയവായി ഈ പ്രശ്നം പരിഹരിക്കുക.,Environment & Forest,Low
I would like to complain that There is illegal activity near our street,Police,Medium
I want to report that Water has not reached our street since yesterday Please look into this matter.,Water Services,Medium
ഈ പ്രശ്നം ശ്രദ്ധിക്കുക: മാർക്കറ്റിന് സമീപമുള്ള മാലിന്യപ്പെട്ടി നിറഞ്ഞു ദയവായി ഈ വിഷയം പരിശോധിക്കുക.,Waste Management,Low
എന്റെ പുതിയ റേഷൻ കാർഡ് നൽകിയിട്ടില്ല ദയവായി ഈ പ്രശ്നം പരിഹരിക്കുക.,Food & Civil Supplies,Medium
मैं शिकायत करना चाहता हूं कि मेरा कल्याण प्रमाणपत्र जारी नहीं हुआ है कृपया इस समस्या का समाधान करें।,Social Welfare,High
सार्वजनिक भवन के दरवाजे खराब हैं कृपया इस समस्या का समाधान करें।,Public Works,Medium
इस समस्या पर ध्यान दें: हमारे आवासीय क्षेत्र के पास एक संदिग्ध व्यक्ति है,Police,Medium
ദയവായി സഹായിക്കണം. ഞങ്ങളുടെ ഗ്രാമത്തിലെ കമ്മ്യൂണിറ്റി ഹാളിന് അറ്റകുറ്റപ്പണി വേണം ദയവായി ഈ പ്രശ്നം പരിഹരിക്കുക.,Rural Development / Panchayat,Medium
ഈ പ്രശ്നത്തെക്കുറിച്ച് പരാതി നൽകുന്നു: ഞങ്ങളുടെ ഗ്രാമത്തിൽ മികച്ച അടിസ്ഥാന സൗകര്യങ്ങൾ ആവശ്യമാണ്,Rural Development / Panchayat,Low
I would like to complain that The child care centre in our area is not functioning,Women & Child Welfare,Medium
कृपया मदद करें। मेरा रोजगार प्रमाणपत्र देर से मिला है कृपया इस मामले को देखें।,Labour & Employment,Low
தயவுசெய்து உதவுங்கள். எங்கள் மின் இணைப்பு அடிக்கடி துண்டிக்கப்படுகிறது,Electricity,Medium
ഈ പ്രശ്നത്തെക്കുറിച്ച് പരാതി നൽകുന്നു: ക്ഷേമ പദ്ധതിക്ക് അപേക്ഷിക്കാൻ സഹായം വേണം ദയവായി ഈ പ്രശ്നം പരിഹരിക്കുക.,Social Welfare,Low
सरकारी भवन में तत्काल रखरखाव की जरूरत है कृपया इस मामले को देखें।,Public Works,Medium
ശേഖരിക്കാത്ത മാലിന്യം ദുർഗന്ധം ഉണ്ടാക്കുന്നു ദയവായി ഈ പ്രശ്നം പരിഹരിക്കുക.,Waste Management,Low
ഞങ്ങളുടെ പ്രദേശത്ത് വിത്തുകളുടെ ക്ഷാമമുണ്ട്,Agriculture,Medium
I would like to complain that A major pothole is blocking traffic Please look into this matter.,Roads & Highways,High
I want to report that Government buses are not operating regularly Kindly resolve this issue.,Transport,Medium
I want to report that Our water pressure is extremely low Please take necessary action.,Water Services,Low
Kindly look into this: My housing assistance application is pending Please look into this matter.,Housing,Low
Kindly look into this: I want to report illegal tree cutting Please look into this matter.,Environment & Forest,Low
कृपया इस समस्या को देखें: गांव की सड़क विकास परियोजना अधूरी है कृपया इस मामले को देखें।,Rural Development / Panchayat,High
कृपया इस समस्या को देखें: हमारे इलाके के कूड़ेदान भरकर बाहर निकल रहे हैं कृपया इस समस्या का समाधान करें।,Waste Management,Medium
இந்த பிரச்சனை குறித்து புகார் அளிக்கிறேன்: எனது தொழிலாளர் நலத்தொகை கிடைக்கவில்லை தயவுசெய்து இந்த பிரச்சனையை தீர்க்கவும்.,Labour & Employment,High
I want to report that The public park in our area is poorly maintained Please take necessary action.,Municipal Corporation,High
Please help. My ration card application is pending Please take necessary action.,Food & Civil Supplies,Low
मेरा बेरोजगारी सहायता आवेदन लंबित है,Labour & Employment,Medium
मैं शिकायत करना चाहता हूं कि बाल संरक्षण सेवा जवाब नहीं दे रही है कृपया आवश्यक कार्रवाई करें।,Women & Child Welfare,High
இந்த பிரச்சனையை கவனிக்கவும்: மேல்நிலை நீர்த்தேக்க தொட்டிக்கு தண்ணீர் வரவில்லை தயவுசெய்து தேவையான நடவடிக்கை எடுக்கவும்.,Water Services,High
इस समस्या पर ध्यान दें: औद्योगिक कचरा पास के जल स्रोत में जा रहा है कृपया इस मामले को देखें।,Environment & Forest,Medium
इस समस्या पर ध्यान दें: मैं अपना सरकारी प्रमाणपत्र डाउनलोड नहीं कर सकता कृपया इस मामले को देखें।,e-Governance,Medium
Kindly look into this: The public bus is frequently overcrowded Please take necessary action.,Transport,Medium
ഈ പ്രശ്നത്തെക്കുറിച്ച് പരാതി നൽകുന്നു: ഞങ്ങളുടെ വീടിന് പുറത്ത് മലിനജലം കെട്ടിക്കിടക്കുന്നു ദയവായി ആവശ്യമായ നടപടി സ്വീകരിക്കുക.,Drainage & Sewerage,Medium
बारिश के बाद सीवर का पानी बाहर आ रहा है कृपया इस मामले को देखें।,Drainage & Sewerage,Medium
I want to report that I have not received the approved housing amount Kindly resolve this issue.,Housing,Medium
ഞങ്ങളുടെ പ്രദേശത്തിന് സമീപം ശക്തമായ രാസവസ്തു ഗന്ധമുണ്ട് ദയവായി ആവശ്യമായ നടപടി സ്വീകരിക്കുക.,Environment & Forest,Low
ഈ പ്രശ്നത്തെക്കുറിച്ച് പരാതി നൽകുന്നു: തൊഴിൽ പദ്ധതികളെക്കുറിച്ച് വിവരം വേണം ദയവായി ഈ പ്രശ്നം പരിഹരിക്കുക.,Labour & Employment,Medium
I want to report that The transport pass application is delayed Kindly resolve this issue.,Transport,Medium
தயவுசெய்து இதை சரி செய்யுங்கள். ஆன்லைன் சேவை அடிக்கடி செயலிழக்கிறது,e-Governance,Medium
ഈ പ്രശ്നം ശ്രദ്ധിക്കുക: പഞ്ചായത്ത് വികസന ഫണ്ട് ഉപയോഗിച്ചിട്ടില്ല ദയവായി ആവശ്യമായ നടപടി സ്വീകരിക്കുക.,Rural Development / Panchayat,Medium
I want to report that My crop has been damaged by pests Please look into this matter.,Agriculture,High
My land record has an incorrect entry Kindly resolve this issue.,Revenue & Land Records,Low
ഈ പ്രശ്നത്തെക്കുറിച്ച് പരാതി നൽകുന്നു: പ്രധാന റോഡ് പുനർനിർമ്മിക്കണം ദയവായി ഈ പ്രശ്നം പരിഹരിക്കുക.,Roads & Highways,Low
I want to report that The government employment scheme has not provided work Please take necessary action.,Labour & Employment,High
एक विवाद में पुलिस की सहायता चाहिए कृपया आवश्यक कार्रवाई करें।,Police,Medium
காட்டிற்கு அருகில் சட்டவிரோதமாக கழிவுகள் கொட்டப்படுகின்றன இந்த பிரச்சனையை கவனிக்கவும்.,Environment & Forest,Low
ഈ പ്രശ്നത്തെക്കുറിച്ച് പരാതി നൽകുന്നു: ഞങ്ങളുടെ ഗ്രാമത്തിലെ കമ്മ്യൂണിറ്റി ഹാളിന് അറ്റകുറ്റപ്പണി വേണം ദയവായി ഈ പ്രശ്നം പരിഹരിക്കുക.,Rural Development / Panchayat,High
ദയവായി സഹായിക്കണം. ശിശു സംരക്ഷണ സേവനം പ്രതികരിക്കുന്നില്ല ദയവായി ആവശ്യമായ നടപടി സ്വീകരിക്കുക.,Women & Child Welfare,Medium
The municipal water pipeline is damaged Kindly resolve this issue.,Water Services,Medium
मैं शिकायत करना चाहता हूं कि मेरी छात्रवृत्ति का आवेदन लंबित है कृपया इस समस्या का समाधान करें।,Education,Medium
ഈ പ്രശ്നത്തെക്കുറിച്ച് പരാതി നൽകുന്നു: എന്റെ വൈദ്യുതി ബില്ലിൽ തെറ്റായ റീഡിംഗ് കാണിക്കുന്നു,Electricity,High
मैं शिकायत करना चाहता हूं कि पानी के कनेक्शन का आवेदन अभी लंबित है,Water Services,Medium
मुझे इस महीने का राशन नहीं मिला है,Food & Civil Supplies,Low
தயவுசெய்து இதை சரி செய்யுங்கள். தொழிற்சாலையால் ஒலி மாசு ஏற்படுகிறது,Environment & Forest,Low
Kindly look into this: I need information about government housing Kindly resolve this issue.,Housing,High
इस समस्या पर ध्यान दें: हमारे गांव के सामुदायिक भवन को रखरखाव की जरूरत है कृपया आवश्यक कार्रवाई करें।,Rural Development / Panchayat,High
ദയവായി സഹായിക്കണം. റോഡ് അറ്റകുറ്റപ്പണി വൈകുകയാണ് ദയവായി ഈ വിഷയം പരിശോധിക്കുക.,Roads & Highways,Medium
कृपया मदद करें। मुझे रोजगार योजनाओं की जानकारी चाहिए कृपया इस समस्या का समाधान करें।,Labour & Employment,Medium
தயவுசெய்து இதை சரி செய்யுங்கள். எனது மலிவு விலை வீட்டு விண்ணப்பம் நிலுவையில் உள்ளது,Housing,Medium
इस समस्या पर ध्यान दें: मेरी पुलिस शिकायत का अभी तक जवाब नहीं मिला है कृपया इस मामले को देखें।,Police,Medium
ഈ പ്രശ്നം ശ്രദ്ധിക്കുക: എന്റെ പ്രസവാനുകൂല്യ അപേക്ഷ പരിഗണനയിലാണ് ദയവായി ആവശ്യമായ നടപടി സ്വീകരിക്കുക.,Women & Child Welfare,High
ദയവായി ഇത് പരിഹരിക്കുക. ഞങ്ങളുടെ പ്രദേശത്ത് ദിവസവും വൈദ്യുതി മുടങ്ങുന്നു ദയവായി ഈ പ്രശ്നം പരിഹരിക്കുക.,Electricity,Low
Kindly look into this: I need a copy of my land document Please take necessary action.,Revenue & Land Records,Medium
I want to report that My house construction subsidy has not arrived Please look into this matter.,Housing,Medium
ദയവായി സഹായിക്കണം. പൊതു ടാപ്പ് പ്രവർത്തിക്കുന്നില്ല ദയവായി ഈ വിഷയം പരിശോധിക്കുക.,Water Services,Low
Kindly look into this: Someone has damaged my property Please look into this matter.,Police,Low
हमारे इलाके की स्ट्रीट लाइटें काम नहीं कर रही हैं,Municipal Corporation,High
Please help. The sewer line in our area is blocked Please take necessary action.,Drainage & Sewerage,Medium
தயவுசெய்து உதவுங்கள். குப்பை வாகனம் எங்கள் பகுதிக்கு வருவதை நிறுத்திவிட்டது,Waste Management,High
ഈ പ്രശ്നത്തെക്കുറിച്ച് പരാതി നൽകുന്നു: പഞ്ചായത്ത് ഗ്രാമത്തിലെ സൗകര്യങ്ങൾ നന്നാക്കിയിട്ടില്ല ദയവായി ആവശ്യമായ നടപടി സ്വീകരിക്കുക.,Rural Development / Panchayat,Low
இந்த பிரச்சனையை கவனிக்கவும்: அரசு இணையதளம் மிகவும் மெதுவாக உள்ளது இந்த பிரச்சனையை கவனிக்கவும்.,e-Governance,Low
Kindly look into this: My farmer subsidy application is pending,Agriculture,Medium
कृपया इस समस्या को देखें: आवास योजना की लाभार्थी सूची गलत है कृपया इस मामले को देखें।,Housing,Medium
தயவுசெய்து இதை சரி செய்யுங்கள். எனக்கு மிரட்டல் செய்தி வந்துள்ளது தயவுசெய்து தேவையான நடவடிக்கை எடுக்கவும்.,Police,Medium
ഈ പ്രശ്നം ശ്രദ്ധിക്കുക: ഞങ്ങളുടെ പ്രദേശത്തെ സീവർ ലൈൻ അടഞ്ഞിരിക്കുന്നു ദയവായി ഈ പ്രശ്നം പരിഹരിക്കുക.,Drainage & Sewerage,High
இந்த பிரச்சனையை கவனிக்கவும்: பொது பேருந்து அடிக்கடி அதிக கூட்டமாக உள்ளது,Transport,Medium
எனது மருத்துவ அறிக்கை தாமதமாகியுள்ளது தயவுசெய்து இந்த பிரச்சனையை தீர்க்கவும்.,Health,Medium
தயவுசெய்து உதவுங்கள். குழந்தைகளுக்கான ஊட்டச்சத்து சேவை கிடைக்கவில்லை,Women & Child Welfare,Medium
എനിക്ക് ഭവന പദ്ധതിയുടെ ആനുകൂല്യം ലഭിച്ചിട്ടില്ല ദയവായി ആവശ്യമായ നടപടി സ്വീകരിക്കുക.,Housing,High
பயிர் இழப்புக்கு உதவி தேவை தயவுசெய்து தேவையான நடவடிக்கை எடுக்கவும்.,Agriculture,Low
ഈ പ്രശ്നം ശ്രദ്ധിക്കുക: ഞങ്ങളുടെ പ്രദേശത്തെ തെരുവ് വിളക്കുകൾ പ്രവർത്തിക്കുന്നില്ല ദയവായി ആവശ്യമായ നടപടി സ്വീകരിക്കുക.,Municipal Corporation,Medium
I need a copy of my land document,Revenue & Land Records,Medium
ദയവായി സഹായിക്കണം. സർക്കാർ ഹോസ്റ്റലിൽ മികച്ച സൗകര്യങ്ങൾ ആവശ്യമാണ് ദയവായി ആവശ്യമായ നടപടി സ്വീകരിക്കുക.,Education,Medium
Please help. I need information about women welfare schemes Please look into this matter.,Women & Child Welfare,High
பொது போக்குவரத்து சேவைகள் குறித்து தகவல் வேண்டும் தயவுசெய்து இந்த பிரச்சனையை தீர்க்கவும்.,Transport,Medium
कृपया इस समस्या को देखें: मुझे भूमि सर्वेक्षण मानचित्र की प्रति चाहिए कृपया आवश्यक कार्रवाई करें।,Revenue & Land Records,High
The food supply at the ration shop is insufficient Please take necessary action.,Food & Civil Supplies,Low
தயவுசெய்து இதை சரி செய்யுங்கள். பெண்கள் நலத்துறையின் உதவி வேண்டும் தயவுசெய்து தேவையான நடவடிக்கை எடுக்கவும்.,Women & Child Welfare,High
मैं शिकायत करना चाहता हूं कि बड़ा गड्ढा यातायात को रोक रहा है कृपया आवश्यक कार्रवाई करें।,Roads & Highways,Medium
Kindly look into this: Industrial waste is entering the nearby water body Please take necessary action.,Environment & Forest,Medium
முக்கிய சாலையில் பெரிய பள்ளம் உள்ளது இந்த பிரச்சனையை கவனிக்கவும்.,Roads & Highways,Medium
தயவுசெய்து உதவுங்கள். குடிநீர் விநியோகம் சரியாக இல்லை,Water Services,Medium
I would like to complain that The hospital lacks basic medical equipment Kindly resolve this issue.,Health,Medium
എന്റെ സ്വത്തിന്റെ സർവേ വിവരങ്ങൾ തെറ്റാണ് ദയവായി ഈ വിഷയം പരിശോധിക്കുക.,Revenue & Land Records,Medium
ദയവായി ഇത് പരിഹരിക്കുക. എന്റെ കുട്ടിയുടെ ക്ഷേമ ആനുകൂല്യം ലഭിച്ചിട്ടില്ല ദയവായി ഈ പ്രശ്നം പരിഹരിക്കുക.,Women & Child Welfare,High
The underground drainage system is blocked Kindly resolve this issue.,Drainage & Sewerage,Medium
I want to report that Our village needs better basic infrastructure,Rural Development / Panchayat,Low
I would like to complain that Illegal dumping is happening near the forest Please take necessary action.,Environment & Forest,Medium
कृपया इस समस्या को देखें: मुझे सरकारी आवास योजना की जानकारी चाहिए कृपया आवश्यक कार्रवाई करें।,Housing,High
मैं शिकायत करना चाहता हूं कि मेरी सामाजिक कल्याण पेंशन जमा नहीं हुई है कृपया इस समस्या का समाधान करें।,Social Welfare,Medium
தயவுசெய்து உதவுங்கள். சந்தைக்கு அருகிலுள்ள குப்பைத் தொட்டி நிரம்பியுள்ளது தயவுசெய்து இந்த பிரச்சனையை தீர்க்கவும்.,Waste Management,Medium
मैं शिकायत करना चाहता हूं कि ग्रामीण कल्याण परियोजना लंबित है,Rural Development / Panchayat,High
कृपया इस समस्या को देखें: अस्पताल में बुनियादी चिकित्सा उपकरण नहीं हैं,Health,Medium
எங்கள் தெருவில் குப்பை சேகரிக்கப்படவில்லை தயவுசெய்து தேவையான நடவடிக்கை எடுக்கவும்.,Waste Management,Medium
தயவுசெய்து இதை சரி செய்யுங்கள். எனது காவல் புகாருக்கு இன்னும் பதில் கிடைக்கவில்லை இந்த பிரச்சனையை கவனிக்கவும்.,Police,Medium
கிராம நலத்திட்டம் நிலுவையில் உள்ளது தயவுசெய்து இந்த பிரச்சனையை தீர்க்கவும்.,Rural Development / Panchayat,Medium
ദയവായി ഇത് പരിഹരിക്കുക. പൊതു കെട്ടിടത്തിന്റെ വാതിലുകൾ കേടായിട്ടുണ്ട് ദയവായി ഈ പ്രശ്നം പരിഹരിക്കുക.,Public Works,Low
ഈ പ്രശ്നം ശ്രദ്ധിക്കുക: എന്റെ ഭൂമി രേഖയിൽ തെറ്റായ വിവരമുണ്ട് ദയവായി ആവശ്യമായ നടപടി സ്വീകരിക്കുക.,Revenue & Land Records,Medium
The power pole outside my house is damaged Please take necessary action.,Electricity,Medium
ഈ പ്രശ്നത്തെക്കുറിച്ച് പരാതി നൽകുന്നു: ഭവന വകുപ്പ് മറുപടി നൽകിയിട്ടില്ല ദയവായി ആവശ്യമായ നടപടി സ്വീകരിക്കുക.,Housing,Medium
मैं शिकायत करना चाहता हूं कि हमारे इलाके में बार बार वोल्टेज की समस्या होती है,Electricity,Medium
Please help. There are cracks across the highway Please take necessary action.,Roads & Highways,High
ഈ പ്രശ്നം ശ്രദ്ധിക്കുക: കർഷകർക്ക് വിള ഇൻഷുറൻസ് സഹായം ലഭിച്ചിട്ടില്ല ദയവായി ആവശ്യമായ നടപടി സ്വീകരിക്കുക.,Agriculture,Low
मैं शिकायत करना चाहता हूं कि सार्वजनिक बस में अक्सर बहुत भीड़ होती है कृपया आवश्यक कार्रवाई करें।,Transport,Low
I would like to complain that The fertilizer supply has been delayed Please look into this matter.,Agriculture,Medium
தயவுசெய்து உதவுங்கள். எனது ரேஷன் அட்டை விண்ணப்பம் நிலுவையில் உள்ளது,Food & Civil Supplies,Medium
இந்த பிரச்சனையை கவனிக்கவும்: எங்கள் பகுதியில் கழிவுநீர் குழாய் அடைத்துள்ளது இந்த பிரச்சனையை கவனிக்கவும்.,Drainage & Sewerage,Low
I would like to complain that I have not received the approved housing amount Please take necessary action.,Housing,High
कृपया इस समस्या को देखें: बिना सूचना के बस मार्ग बदल दिया गया है कृपया इस मामले को देखें।,Transport,Medium
The garbage vehicle has stopped visiting our locality,Waste Management,Medium
Please help. The bus shelter is damaged Kindly resolve this issue.,Transport,Medium
ഫാക്ടറിയിൽ നിന്ന് ശബ്ദ മലിനീകരണം ഉണ്ടാകുന്നു,Environment & Forest,Medium
இந்த பிரச்சனை குறித்து புகார் அளிக்கிறேன்: பேருந்து நிறுத்த நிழற்குடை சேதமடைந்துள்ளது,Transport,High
தயவுசெய்து உதவுங்கள். என் மின்சார கட்டணத்தில் தவறான அளவு காட்டப்பட்டுள்ளது இந்த பிரச்சனையை கவனிக்கவும்.,Electricity,High
ഈ പ്രശ്നം ശ്രദ്ധിക്കുക: എന്റെ ക്ഷേമ സർട്ടിഫിക്കറ്റ് നൽകിയിട്ടില്ല ദയവായി ആവശ്യമായ നടപടി സ്വീകരിക്കുക.,Social Welfare,Low
ഈ പ്രശ്നത്തെക്കുറിച്ച് പരാതി നൽകുന്നു: സർക്കാർ ഓഫീസ് കെട്ടിടത്തിന് അറ്റകുറ്റപ്പണി ആവശ്യമാണ് ദയവായി ഈ വിഷയം പരിശോധിക്കുക.,Public Works,High
ഈ പ്രശ്നത്തെക്കുറിച്ച് പരാതി നൽകുന്നു: തെരുവ് ശുചീകരണ സമയക്രമം പാലിക്കുന്നില്ല ദയവായി ഈ പ്രശ്നം പരിഹരിക്കുക.,Municipal Corporation,Low
My electricity bill shows an incorrect reading Please look into this matter.,Electricity,Low
The village road development work is incomplete Kindly resolve this issue.,Rural Development / Panchayat,Low
ദയവായി ഇത് പരിഹരിക്കുക. മഴയ്ക്ക് ശേഷം സീവർ വെള്ളം പുറത്തേക്ക് ഒഴുകുന്നു,Drainage & Sewerage,Medium
The public bus is frequently overcrowded Please look into this matter.,Transport,Medium
हमारी सड़क से कचरा नहीं उठाया गया है कृपया इस मामले को देखें।,Waste Management,High
தயவுசெய்து உதவுங்கள். அரசு கட்டிடத்தின் வடிகால் பழுதுபார்க்க வேண்டும்,Public Works,High
A factory is causing serious air pollution Please look into this matter.,Environment & Forest,Medium
இந்த பிரச்சனையை கவனிக்கவும்: எங்கள் பகுதியில் சட்டவிரோதமாக மரங்கள் வெட்டப்படுகின்றன தயவுசெய்து இந்த பிரச்சனையை தீர்க்கவும்.,Environment & Forest,Medium
कृपया इस समस्या को देखें: हमारे गांव में बेहतर बुनियादी सुविधाओं की जरूरत है,Rural Development / Panchayat,Medium
हमारे क्षेत्र का सामुदायिक पार्क उपयोग के लायक नहीं है कृपया आवश्यक कार्रवाई करें।,Municipal Corporation,Medium
इस समस्या पर ध्यान दें: मेरे घर के बाहर बिजली का खंभा खराब है कृपया आवश्यक कार्रवाई करें।,Electricity,High
தயவுசெய்து உதவுங்கள். தெரு சுத்தம் செய்யும் அட்டவணை பின்பற்றப்படவில்லை தயவுசெய்து இந்த பிரச்சனையை தீர்க்கவும்.,Municipal Corporation,Medium
I would like to complain that The public building has cracks in its walls Please look into this matter.,Public Works,Low
ദയവായി സഹായിക്കണം. അനധികൃത മരം മുറിക്കൽ റിപ്പോർട്ട് ചെയ്യണം ദയവായി ആവശ്യമായ നടപടി സ്വീകരിക്കുക.,Environment & Forest,Medium
I would like to complain that The ambulance service is not responding Please look into this matter.,Health,High
இந்த பிரச்சனையை கவனிக்கவும்: நான் காவல்துறையில் புகார் அளிக்க வேண்டும் தயவுசெய்து இந்த பிரச்சனையை தீர்க்கவும்.,Police,Low
I would like to complain that The transport pass application is delayed Please take necessary action.,Transport,Medium
कारखाने से ध्वनि प्रदूषण हो रहा है,Environment & Forest,Low
இந்த பிரச்சனையை கவனிக்கவும்: பொது கட்டிடத்தின் கதவுகள் சேதமடைந்துள்ளன தயவுசெய்து இந்த பிரச்சனையை தீர்க்கவும்.,Public Works,Low
कृपया मदद करें। हमारे क्षेत्र का सामुदायिक पार्क उपयोग के लायक नहीं है कृपया आवश्यक कार्रवाई करें।,Municipal Corporation,High
தயவுசெய்து உதவுங்கள். மருத்துவமனையில் அடிப்படை மருத்துவ உபகரணங்கள் இல்லை,Health,High
हमारे स्कूल के पास खतरनाक तरीके से वाहन चलाए जा रहे हैं कृपया आवश्यक कार्रवाई करें।,Police,Critical
मैं शिकायत करना चाहता हूं कि हमारे क्षेत्र में बीजों की कमी है,Agriculture,Medium
Kindly look into this: The panchayat office has not responded to our complaint Please look into this matter.,Rural Development / Panchayat,Low
ദയവായി സഹായിക്കണം. ഗ്രാമ വികസന പ്രവർത്തനം വൈകുകയാണ് ദയവായി ഈ വിഷയം പരിശോധിക്കുക.,Rural Development / Panchayat,Medium
தயவுசெய்து உதவுங்கள். நியாய விலைக் கடை வேலை நேரத்தில் திறக்கப்படவில்லை தயவுசெய்து தேவையான நடவடிக்கை எடுக்கவும்.,Food & Civil Supplies,High
ഈ പ്രശ്നത്തെക്കുറിച്ച് പരാതി നൽകുന്നു: കീടങ്ങൾ കാരണം എന്റെ വിള നശിച്ചു ദയവായി ആവശ്യമായ നടപടി സ്വീകരിക്കുക.,Agriculture,High
ഈ പ്രശ്നം ശ്രദ്ധിക്കുക: വൈദ്യുതി മുടങ്ങിയതിന് ശേഷം വിതരണം പുനഃസ്ഥാപിച്ചിട്ടില്ല ദയവായി ഈ വിഷയം പരിശോധിക്കുക.,Electricity,Medium
गांव के विकास कार्य में देरी हो रही है कृपया आवश्यक कार्रवाई करें।,Rural Development / Panchayat,Low
कृपया मदद करें। भूमि पंजीकरण प्रक्रिया में देरी हो रही है कृपया आवश्यक कार्रवाई करें।,Revenue & Land Records,Low
Kindly look into this: The bus stop in our area needs maintenance Please take necessary action.,Transport,High
ഈ പ്രശ്നം ശ്രദ്ധിക്കുക: എന്റെ ഭൂമി രേഖയിൽ തെറ്റായ വിവരമുണ്ട് ദയവായി ഈ പ്രശ്നം പരിഹരിക്കുക.,Revenue & Land Records,Medium
I would like to complain that My ration card contains incorrect details Please look into this matter.,Food & Civil Supplies,Medium
The main road needs resurfacing Please take necessary action.,Roads & Highways,High
I would like to complain that The highway surface is badly damaged,Roads & Highways,Low
இந்த பிரச்சனையை கவனிக்கவும்: எங்கள் பகுதியில் உள்ள குப்பைத் தொட்டிகள் நிரம்பி வழிகின்றன இந்த பிரச்சனையை கவனிக்கவும்.,Waste Management,Medium
इस समस्या पर ध्यान दें: मैं अपने इलाके में हुई चोरी की शिकायत करना चाहता हूं कृपया इस मामले को देखें।,Police,High
I would like to complain that The waste collection workers are not coming regularly Please take necessary action.,Waste Management,Medium
बच्चों के लिए पोषण सेवा उपलब्ध नहीं है,Women & Child Welfare,Medium
ഈ പ്രശ്നത്തെക്കുറിച്ച് പരാതി നൽകുന്നു: ആരോ എന്റെ സ്വത്തിന് കേടുപാടുകൾ വരുത്തി ദയവായി ആവശ്യമായ നടപടി സ്വീകരിക്കുക.,Police,Low
I want to report that The village road development work is incomplete Kindly resolve this issue.,Rural Development / Panchayat,Low
இந்த பிரச்சனை குறித்து புகார் அளிக்கிறேன்: பொது கட்டிடத்தின் கதவுகள் சேதமடைந்துள்ளன,Public Works,High
कृपया मदद करें। सरकारी रोजगार योजना में काम नहीं मिला है कृपया आवश्यक कार्रवाई करें।,Labour & Employment,Medium
இந்த பிரச்சனை குறித்து புகார் அளிக்கிறேன்: எனது நலச் சான்றிதழ் வழங்கப்படவில்லை தயவுசெய்து இந்த பிரச்சனையை தீர்க்கவும்.,Social Welfare,Low
कृपया इस समस्या को देखें: बिजली का मीटर ठीक से काम नहीं कर रहा है कृपया आवश्यक कार्रवाई करें।,Electricity,High
இந்த பிரச்சனை குறித்து புகார் அளிக்கிறேன்: கிராம வளர்ச்சி பணி தாமதமாகியுள்ளது தயவுசெய்து இந்த பிரச்சனையை தீர்க்கவும்.,Rural Development / Panchayat,Low
कृपया मदद करें। मेरी मेडिकल रिपोर्ट में देरी हो रही है,Health,High
ദയവായി സഹായിക്കണം. ഗ്രാമ വികസന പദ്ധതി നിർത്തിവച്ചിരിക്കുന്നു ദയവായി ആവശ്യമായ നടപടി സ്വീകരിക്കുക.,Rural Development / Panchayat,Low
ഈ പ്രശ്നം ശ്രദ്ധിക്കുക: വനിതാ ക്ഷേമ പദ്ധതിയിൽ സഹായം വേണം ദയവായി ഈ പ്രശ്നം പരിഹരിക്കുക.,Women & Child Welfare,Medium
मैं शिकायत करना चाहता हूं कि हमारे क्षेत्र का बाल देखभाल केंद्र काम नहीं कर रहा है कृपया इस समस्या का समाधान करें।,Women & Child Welfare,High
I want to report that The public infrastructure is poorly maintained Please take necessary action.,Public Works,Medium
ഈ പ്രശ്നത്തെക്കുറിച്ച് പരാതി നൽകുന്നു: എന്റെ സാമൂഹിക ക്ഷേമ പെൻഷൻ ലഭിച്ചിട്ടില്ല,Social Welfare,Low
ദയവായി സഹായിക്കണം. സർക്കാർ ഓഫീസിൽ വൈദ്യുതി അറ്റകുറ്റപ്പണി വേണം ദയവായി ഈ വിഷയം പരിശോധിക്കുക.,Public Works,High
कृपया इस समस्या को देखें: हमारे वार्ड की सार्वजनिक सुविधा की मरम्मत की जरूरत है कृपया आवश्यक कार्रवाई करें।,Municipal Corporation,Medium
தயவுசெய்து உதவுங்கள். ஆன்லைன் குடிமக்கள் சேவையை அணுக முடியவில்லை இந்த பிரச்சனையை கவனிக்கவும்.,e-Governance,Medium
Kindly look into this: A sewage manhole is overflowing Please take necessary action.,Drainage & Sewerage,Critical
कृपया मदद करें। हमारी सड़क के पास ड्रेनेज पाइप टूट गया है कृपया इस मामले को देखें।,Drainage & Sewerage,High
इस समस्या पर ध्यान दें: सरकारी अस्पताल में जरूरी दवाइयां उपलब्ध नहीं हैं कृपया आवश्यक कार्रवाई करें।,Health,Low
தயவுசெய்து இதை சரி செய்யுங்கள். அரசு மருத்துவமனையில் படுக்கைகள் இல்லை தயவுசெய்து தேவையான நடவடிக்கை எடுக்கவும்.,Health,Low
कृपया इस समस्या को देखें: हमारे इलाके का सार्वजनिक शौचालय ठीक से maintained नहीं है कृपया आवश्यक कार्रवाई करें।,Municipal Corporation,High
कृपया इस समस्या को देखें: मेरे बच्चे का कल्याण लाभ नहीं मिला है,Women & Child Welfare,Medium
Kindly look into this: My senior citizen benefit is pending Please look into this matter.,Social Welfare,Medium
कचरा वाहन हमारे इलाके में आना बंद कर चुका है कृपया आवश्यक कार्रवाई करें।,Waste Management,Low
இந்த பிரச்சனையை கவனிக்கவும்: நில பதிவு செயல்முறை தாமதமாகியுள்ளது இந்த பிரச்சனையை கவனிக்கவும்.,Revenue & Land Records,Medium
தயவுசெய்து இதை சரி செய்யுங்கள். நெடுஞ்சாலை மிகவும் சேதமடைந்துள்ளது இந்த பிரச்சனையை கவனிக்கவும்.,Roads & Highways,Medium
ഈ പ്രശ്നത്തെക്കുറിച്ച് പരാതി നൽകുന്നു: സർക്കാർ ഭവന പദ്ധതിയെക്കുറിച്ച് വിവരം വേണം ദയവായി ഈ വിഷയം പരിശോധിക്കുക.,Housing,Medium
मेरा शिक्षा प्रमाणपत्र अभी तक नहीं आया है कृपया आवश्यक कार्रवाई करें।,Education,Medium
The river near our village is polluted,Environment & Forest,High
Kindly look into this: Our neighborhood experiences daily power cuts Please take necessary action.,Electricity,Medium
இந்த பிரச்சனை குறித்து புகார் அளிக்கிறேன்: எனது சேர்க்கை விண்ணப்பம் இன்னும் நிலுவையில் உள்ளது,Education,High
இந்த பிரச்சனையை கவனிக்கவும்: சாக்கடை அடைத்துள்ளது,Drainage & Sewerage,Medium
இந்த பிரச்சனை குறித்து புகார் அளிக்கிறேன்: அரசு கட்டிடத்திற்கு அவசர பராமரிப்பு தேவை,Public Works,Medium
ദയവായി ഇത് പരിഹരിക്കുക. കോളേജ് എന്റെ സർട്ടിഫിക്കറ്റ് നൽകിയിട്ടില്ല ദയവായി ഈ വിഷയം പരിശോധിക്കുക.,Education,Medium
I want to report a theft in my neighborhood Kindly resolve this issue.,Police,Medium
எனது சொத்து பதிவில் பிழை உள்ளது இந்த பிரச்சனையை கவனிக்கவும்.,Revenue & Land Records,Low
I want to report that I need information about social welfare schemes Kindly resolve this issue.,Social Welfare,High
मेरा कल्याण योजना आवेदन लंबित है कृपया इस समस्या का समाधान करें।,Social Welfare,High
इस समस्या पर ध्यान दें: भूमि पंजीकरण प्रक्रिया में देरी हो रही है,Revenue & Land Records,High
அரசு இணையதளத்தில் பிழை வருகிறது தயவுசெய்து இந்த பிரச்சனையை தீர்க்கவும்.,e-Governance,Medium
कृपया मदद करें। सरकारी अस्पताल में बेड उपलब्ध नहीं हैं कृपया इस मामले को देखें।,Health,Medium
ഈ പ്രശ്നം ശ്രദ്ധിക്കുക: ഞങ്ങളുടെ പ്രദേശത്ത് കുടിവെള്ള വിതരണം ഇല്ല ദയവായി ഈ പ്രശ്നം പരിഹരിക്കുക.,Water Services,High
The underground drainage system is blocked,Drainage & Sewerage,Low
குழந்தைகள் பாதுகாப்பு சேவை பதிலளிக்கவில்லை இந்த பிரச்சனையை கவனிக்கவும்.,Women & Child Welfare,Medium
ഭൂമി സർവേ മാപ്പിന്റെ പകർപ്പ് വേണം,Revenue & Land Records,Low
இந்த பிரச்சனையை கவனிக்கவும்: எனது சொத்து சர்வே விவரங்கள் தவறாக உள்ளன இந்த பிரச்சனையை கவனிக்கவும்.,Revenue & Land Records,Low
தயவுசெய்து உதவுங்கள். எனது வீட்டு திட்ட உதவி இன்னும் கிடைக்கவில்லை,Housing,High
ദയവായി സഹായിക്കണം. ഞങ്ങളുടെ താമസ പ്രദേശത്ത് മികച്ച മുനിസിപ്പൽ സേവനങ്ങൾ ആവശ്യമാണ് ദയവായി ഈ വിഷയം പരിശോധിക്കുക.,Municipal Corporation,Low
ഈ പ്രശ്നം ശ്രദ്ധിക്കുക: എനിക്ക് ഈ മാസത്തെ റേഷൻ ലഭിച്ചിട്ടില്ല,Food & Civil Supplies,Medium
ദയവായി ഇത് പരിഹരിക്കുക. വനിതാ ക്ഷേമ പദ്ധതിയിൽ സഹായം വേണം,Women & Child Welfare,Medium
ദയവായി ഇത് പരിഹരിക്കുക. സർക്കാർ ക്ലിനിക്ക് ജോലി സമയത്ത് തുറക്കുന്നില്ല ദയവായി ഈ പ്രശ്നം പരിഹരിക്കുക.,Health,Low
I want to report that The sewer line in our area is blocked Please take necessary action.,Drainage & Sewerage,Low
कृपया मदद करें। हमारे इलाके में पीने के पानी की आपूर्ति नहीं है कृपया आवश्यक कार्रवाई करें।,Water Services,High
வீட்டு திட்ட விண்ணப்பத்திற்கு உதவி வேண்டும் தயவுசெய்து இந்த பிரச்சனையை தீர்க்கவும்.,Housing,High
இந்த பிரச்சனை குறித்து புகார் அளிக்கிறேன்: பொது கட்டிடத்தின் சுவர்களில் விரிசல்கள் உள்ளன தயவுசெய்து தேவையான நடவடிக்கை எடுக்கவும்.,Public Works,High
தயவுசெய்து இதை சரி செய்யுங்கள். கிராம வளர்ச்சி திட்டம் நிறுத்தப்பட்டுள்ளது,Rural Development / Panchayat,Medium
தயவுசெய்து உதவுங்கள். அரசின் குழந்தை உதவித்தொகை நிலுவையில் உள்ளது தயவுசெய்து தேவையான நடவடிக்கை எடுக்கவும்.,Women & Child Welfare,High
தயவுசெய்து இதை சரி செய்யுங்கள். அரசுப் பள்ளியில் போதுமான ஆசிரியர்கள் இல்லை,Education,Low
ദയവായി ഇത് പരിഹരിക്കുക. ശേഖരിക്കാത്ത മാലിന്യം ദുർഗന്ധം ഉണ്ടാക്കുന്നു ദയവായി ഈ പ്രശ്നം പരിഹരിക്കുക.,Waste Management,Low
ഗ്രാമ വികസന പദ്ധതി നിർത്തിവച്ചിരിക്കുന്നു,Rural Development / Panchayat,High
தயவுசெய்து உதவுங்கள். சாக்கடை அடைத்துள்ளது தயவுசெய்து தேவையான நடவடிக்கை எடுக்கவும்.,Drainage & Sewerage,High
कृपया इस समस्या को देखें: मुझे भूमि सर्वेक्षण मानचित्र की प्रति चाहिए कृपया इस मामले को देखें।,Revenue & Land Records,Low
इस समस्या पर ध्यान दें: मेरे बच्चे के कल्याण आवेदन में देरी हुई है कृपया आवश्यक कार्रवाई करें।,Women & Child Welfare,Low
ദയവായി ഇത് പരിഹരിക്കുക. എന്റെ തൊഴിലില്ലായ്മ സഹായ അപേക്ഷ പരിഗണനയിലാണ് ദയവായി ഈ വിഷയം പരിശോധിക്കുക.,Labour & Employment,High
தயவுசெய்து உதவுங்கள். பொது அலுவலக கட்டிடத்தில் கட்டமைப்பு சேதம் உள்ளது தயவுசெய்து தேவையான நடவடிக்கை எடுக்கவும்.,Public Works,Medium
The government facility roof is leaking Please look into this matter.,Public Works,Low
इस समस्या पर ध्यान दें: मेरा भूमि म्यूटेशन आवेदन लंबित है कृपया इस मामले को देखें।,Revenue & Land Records,High
ഞങ്ങളുടെ തെരുവിന് സമീപമുള്ള ട്രാൻസ്ഫോർമറിൽ നിന്ന് വിചിത്രമായ ശബ്ദം കേൾക്കുന്നു ദയവായി ആവശ്യമായ നടപടി സ്വീകരിക്കുക.,Electricity,Low
தயவுசெய்து இதை சரி செய்யுங்கள். எங்கள் பகுதியில் விதைகள் பற்றாக்குறையாக உள்ளன,Agriculture,Medium
I would like to complain that The power supply has not been restored after the outage Please look into this matter.,Electricity,Medium
அரசு பேருந்துகள் முறையாக இயக்கப்படவில்லை இந்த பிரச்சனையை கவனிக்கவும்.,Transport,Medium
मेरा श्रमिक पंजीकरण आवेदन लंबित है कृपया इस मामले को देखें।,Labour & Employment,Medium
Please help. The forest area is being encroached Please take necessary action.,Environment & Forest,Medium
ഈ പ്രശ്നം ശ്രദ്ധിക്കുക: ഞങ്ങളുടെ സ്കൂളിൽ ആവശ്യമായ ക്ലാസ് സൗകര്യങ്ങൾ ഇല്ല ദയവായി ആവശ്യമായ നടപടി സ്വീകരിക്കുക.,Education,High
ദയവായി സഹായിക്കണം. സർക്കാർ ക്ലിനിക്ക് ജോലി സമയത്ത് തുറക്കുന്നില്ല ദയവായി ഈ വിഷയം പരിശോധിക്കുക.,Health,Medium
इस समस्या पर ध्यान दें: राशन दुकानदार अतिरिक्त पैसे मांग रहा है कृपया इस मामले को देखें।,Food & Civil Supplies,High
इस समस्या पर ध्यान दें: मुझे धमकी भरा संदेश मिला है कृपया इस समस्या का समाधान करें।,Police,High
I would like to complain that The government online portal is not working Kindly resolve this issue.,e-Governance,Medium
I want to report that The village road development work is incomplete Please look into this matter.,Rural Development / Panchayat,Medium
Please help. The government website is showing an error Kindly resolve this issue.,e-Governance,Low
ദയവായി സഹായിക്കണം. ഞങ്ങളുടെ പ്രദേശത്തെ സീവർ ലൈൻ അടഞ്ഞിരിക്കുന്നു ദയവായി ആവശ്യമായ നടപടി സ്വീകരിക്കുക.,Drainage & Sewerage,Medium
இந்த பிரச்சனையை கவனிக்கவும்: எனது குடும்ப உறுப்பினர் ரேஷன் அட்டையில் இல்லை இந்த பிரச்சனையை கவனிக்கவும்.,Food & Civil Supplies,Low
ഈ പ്രശ്നത്തെക്കുറിച്ച് പരാതി നൽകുന്നു: ഞങ്ങളുടെ തെരുവിൽ നിന്ന് മാലിന്യം ശേഖരിക്കുന്നില്ല ദയവായി ഈ വിഷയം പരിശോധിക്കുക.,Waste Management,High
Kindly look into this: The forest area is being encroached Please look into this matter.,Environment & Forest,Medium
I would like to complain that Government buses are not operating regularly Please take necessary action.,Transport,Low
ഈ പ്രശ്നം ശ്രദ്ധിക്കുക: മുനിസിപ്പൽ ഓഫീസ് ഞങ്ങളുടെ പരാതിക്ക് മറുപടി നൽകിയിട്ടില്ല ദയവായി ഈ വിഷയം പരിശോധിക്കുക.,Municipal Corporation,High
தயவுசெய்து உதவுங்கள். சாலையின் அருகில் திறந்த குப்பை மேடு உள்ளது தயவுசெய்து தேவையான நடவடிக்கை எடுக்கவும்.,Waste Management,Medium
தயவுசெய்து இதை சரி செய்யுங்கள். தொழிலாளராக பதிவு செய்ய உதவி வேண்டும் தயவுசெய்து இந்த பிரச்சனையை தீர்க்கவும்.,Labour & Employment,Medium
ഈ പ്രശ്നം ശ്രദ്ധിക്കുക: ഞങ്ങളുടെ പ്രദേശത്തെ ബസ് സ്റ്റോപ്പിന് അറ്റകുറ്റപ്പണി ആവശ്യമാണ് ദയവായി ആവശ്യമായ നടപടി സ്വീകരിക്കുക.,Transport,Medium
இந்த பிரச்சனையை கவனிக்கவும்: பொது கட்டிடத்தின் ஜன்னல்கள் உடைந்துள்ளன இந்த பிரச்சனையை கவனிக்கவும்.,Public Works,Medium
कृपया मदद करें। सरकारी बस अपने समय का पालन नहीं कर रही है,Transport,Medium
बिना सूचना के बस मार्ग बदल दिया गया है कृपया आवश्यक कार्रवाई करें।,Transport,High
The panchayat has not repaired the village facilities Please look into this matter.,Rural Development / Panchayat,Medium
इस समस्या पर ध्यान दें: बस शेल्टर खराब हो गया है कृपया इस समस्या का समाधान करें।,Transport,Medium
ദയവായി സഹായിക്കണം. ഭവന വകുപ്പ് മറുപടി നൽകിയിട്ടില്ല ദയവായി ആവശ്യമായ നടപടി സ്വീകരിക്കുക.,Housing,Medium
बिजली कटने के बाद आपूर्ति अभी तक बहाल नहीं हुई है कृपया आवश्यक कार्रवाई करें।,Electricity,High
I would like to complain that The housing scheme beneficiary list is incorrect,Housing,Low
Please help. People are dumping waste on the roadside Please look into this matter.,Waste Management,Low
I want to report that The government office building needs repair Please take necessary action.,Public Works,Medium
எங்கள் கிராமத்திற்கான பேருந்து சேவை குறைக்கப்பட்டுள்ளது,Transport,Medium
தயவுசெய்து உதவுங்கள். எங்கள் தெருவில் குப்பை சேகரிக்கப்படவில்லை தயவுசெய்து இந்த பிரச்சனையை தீர்க்கவும்.,Waste Management,High
इस समस्या पर ध्यान दें: ग्रामीण विकास परियोजना बंद हो गई है कृपया आवश्यक कार्रवाई करें।,Rural Development / Panchayat,High
தயவுசெய்து உதவுங்கள். எனது நலச் சான்றிதழ் வழங்கப்படவில்லை தயவுசெய்து இந்த பிரச்சனையை தீர்க்கவும்.,Social Welfare,High
தயவுசெய்து உதவுங்கள். ரேஷன் கடைக்காரர் கூடுதல் பணம் கேட்கிறார்,Food & Civil Supplies,Medium
தயவுசெய்து உதவுங்கள். எங்கள் தெருவை நகராட்சி ஊழியர்கள் சுத்தம் செய்யவில்லை,Municipal Corporation,Low
My ration card contains incorrect details Kindly resolve this issue.,Food & Civil Supplies,Medium
इस समस्या पर ध्यान दें: मेरा मातृत्व लाभ आवेदन लंबित है कृपया आवश्यक कार्रवाई करें।,Women & Child Welfare,High
Please help. Waste collection has been irregular in our neighborhood,Waste Management,Low
There are no computers in our government school,Education,Medium
இந்த பிரச்சனை குறித்து புகார் அளிக்கிறேன்: நிலத்தடி கழிவுநீர் அமைப்பு அடைத்துள்ளது தயவுசெய்து இந்த பிரச்சனையை தீர்க்கவும்.,Drainage & Sewerage,High
I would like to complain that There is noise pollution from a factory Please look into this matter.,Environment & Forest,High
मैं शिकायत करना चाहता हूं कि भूमिगत जल निकासी व्यवस्था बंद है कृपया इस मामले को देखें।,Drainage & Sewerage,Medium
I want to report that My family member is missing from the ration card Kindly resolve this issue.,Food & Civil Supplies,High
ദയവായി സഹായിക്കണം. എന്റെ കുടുംബാംഗം റേഷൻ കാർഡിൽ ഇല്ല ദയവായി ഈ വിഷയം പരിശോധിക്കുക.,Food & Civil Supplies,Medium
தயவுசெய்து இதை சரி செய்யுங்கள். வீட்டு குப்பைகள் எங்கள் வீடுகளுக்கு அருகில் குவிந்துள்ளன,Waste Management,Medium
इस समस्या पर ध्यान दें: मेरे ऑनलाइन आवेदन की स्थिति नहीं बदली है कृपया आवश्यक कार्रवाई करें।,e-Governance,High
कृपया मदद करें। हमारी सड़क के पास ड्रेनेज पाइप टूट गया है कृपया इस समस्या का समाधान करें।,Drainage & Sewerage,Medium
कृपया मदद करें। राशन की दुकान पर चावल नहीं दिया जा रहा है,Food & Civil Supplies,Low
The power pole outside my house is damaged Please look into this matter.,Electricity,Medium
इस समस्या पर ध्यान दें: अस्पताल में बुनियादी चिकित्सा उपकरण नहीं हैं कृपया इस समस्या का समाधान करें।,Health,Medium
ഞങ്ങളുടെ പ്രദേശത്തെ പൊതു പാർക്ക് ശരിയായി പരിപാലിക്കുന്നില്ല ദയവായി ആവശ്യമായ നടപടി സ്വീകരിക്കുക.,Municipal Corporation,Medium
எங்கள் பகுதியில் உள்ள குழந்தை பராமரிப்பு மையம் செயல்படவில்லை,Women & Child Welfare,Medium
I would like to complain that The power pole outside my house is damaged Please look into this matter.,Electricity,Medium
எங்கள் தெருவின் அருகிலுள்ள மின்மாற்றியில் வித்தியாசமான சத்தம் வருகிறது இந்த பிரச்சனையை கவனிக்கவும்.,Electricity,Low
मैं शिकायत करना चाहता हूं कि सार्वजनिक पानी की पाइपलाइन में रिसाव है कृपया इस मामले को देखें।,Water Services,Medium
I would like to complain that I am unable to access the online citizen service Please look into this matter.,e-Governance,Medium
இந்த பிரச்சனையை கவனிக்கவும்: யாரோ எனது சொத்தை சேதப்படுத்தியுள்ளனர் தயவுசெய்து தேவையான நடவடிக்கை எடுக்கவும்.,Police,High
कृपया मदद करें। मुझे महिला कल्याण योजना में सहायता चाहिए कृपया आवश्यक कार्रवाई करें।,Women & Child Welfare,Low
ഈ പ്രശ്നത്തെക്കുറിച്ച് പരാതി നൽകുന്നു: ഇന്നലെ മുതൽ ഞങ്ങളുടെ പ്രദേശത്ത് വൈദ്യുതി ഇല്ല ദയവായി ആവശ്യമായ നടപടി സ്വീകരിക്കുക.,Electricity,Critical
कृपया इस समस्या को देखें: औद्योगिक इकाई से बहुत अधिक धुआं निकल रहा है,Environment & Forest,High
मैं शिकायत करना चाहता हूं कि मेरा श्रमिक पंजीकरण आवेदन लंबित है कृपया इस मामले को देखें।,Labour & Employment,High
இந்த பிரச்சனை குறித்து புகார் அளிக்கிறேன்: எங்கள் தெருவின் அருகே கழிவுநீர் குழாய் உடைந்துள்ளது தயவுசெய்து இந்த பிரச்சனையை தீர்க்கவும்.,Drainage & Sewerage,Medium
कृपया मदद करें। हमारी सड़क से कचरा नहीं उठाया गया है कृपया इस मामले को देखें।,Waste Management,Low
मैं शिकायत करना चाहता हूं कि हमारे खेत की सिंचाई नहर खराब हो गई है कृपया आवश्यक कार्रवाई करें।,Agriculture,Low
വനമേഖല കൈയേറുന്നു ദയവായി ആവശ്യമായ നടപടി സ്വീകരിക്കുക.,Environment & Forest,Medium
ഈ പ്രശ്നം ശ്രദ്ധിക്കുക: അറിയിപ്പില്ലാതെ ബസ് റൂട്ട് മാറ്റി ദയവായി ആവശ്യമായ നടപടി സ്വീകരിക്കുക.,Transport,Medium
ദയവായി സഹായിക്കണം. എന്റെ വീടിന് പുറത്തുള്ള വൈദ്യുതി തൂൺ കേടായിട്ടുണ്ട് ദയവായി ഈ പ്രശ്നം പരിഹരിക്കുക.,Electricity,High
कृपया इस समस्या को देखें: लोग सड़क के किनारे कचरा फेंक रहे हैं कृपया इस समस्या का समाधान करें।,Waste Management,Low
ഈ പ്രശ്നം ശ്രദ്ധിക്കുക: സർക്കാർ ഓഫീസ് കെട്ടിടത്തിന് അറ്റകുറ്റപ്പണി ആവശ്യമാണ്,Public Works,High
അറിയിപ്പില്ലാതെ ബസ് റൂട്ട് മാറ്റി ദയവായി ഈ പ്രശ്നം പരിഹരിക്കുക.,Transport,Medium
தயவுசெய்து இதை சரி செய்யுங்கள். சாலை பழுதுபார்ப்பு பணி தாமதமாகியுள்ளது தயவுசெய்து தேவையான நடவடிக்கை எடுக்கவும்.,Roads & Highways,Medium
தயவுசெய்து உதவுங்கள். கழிவுநீரால் துர்நாற்றம் ஏற்படுகிறது இந்த பிரச்சனையை கவனிக்கவும்.,Drainage & Sewerage,Medium
कृपया मदद करें। ग्रामीण कल्याण परियोजना लंबित है कृपया इस समस्या का समाधान करें।,Rural Development / Panchayat,Medium
இந்த பிரச்சனையை கவனிக்கவும்: கழிவுநீர் தெருவில் நிரம்பி வழிகிறது,Drainage & Sewerage,High
मैं शिकायत करना चाहता हूं कि नाले के पानी से बहुत बदबू आ रही है,Drainage & Sewerage,High
Please help. I need to file a police complaint Please look into this matter.,Police,High
தயவுசெய்து இதை சரி செய்யுங்கள். அரசு இணையதளத்தில் பிழை வருகிறது,e-Governance,Low
Please help. There has been no power supply in our area since yesterday Kindly resolve this issue.,Electricity,Medium
ഈ പ്രശ്നത്തെക്കുറിച്ച് പരാതി നൽകുന്നു: ഞങ്ങളുടെ പ്രദേശത്ത് ദിവസവും വൈദ്യുതി മുടങ്ങുന്നു ദയവായി ഈ വിഷയം പരിശോധിക്കുക.,Electricity,Low
ദയവായി ഇത് പരിഹരിക്കുക. സർക്കാർ ആരോഗ്യ കേന്ദ്രത്തിൽ ഡോക്ടർ ലഭ്യമല്ല ദയവായി ഈ വിഷയം പരിശോധിക്കുക.,Health,Low
ഈ പ്രശ്നം ശ്രദ്ധിക്കുക: എനിക്ക് തൊഴിലാളി ക്ഷേമ തുക ലഭിച്ചിട്ടില്ല ദയവായി ഈ വിഷയം പരിശോധിക്കുക.,Labour & Employment,High
இந்த பிரச்சனையை கவனிக்கவும்: எங்கள் தெருவை நகராட்சி ஊழியர்கள் சுத்தம் செய்யவில்லை தயவுசெய்து தேவையான நடவடிக்கை எடுக்கவும்.,Municipal Corporation,Low
ഞങ്ങളുടെ ഗ്രാമത്തിന് സമീപമുള്ള റോഡ് കുഴികളാൽ നിറഞ്ഞിരിക്കുന്നു ദയവായി ഈ വിഷയം പരിശോധിക്കുക.,Roads & Highways,Low
இந்த பிரச்சனை குறித்து புகார் அளிக்கிறேன்: குழந்தைகளுக்கான ஊட்டச்சத்து சேவை கிடைக்கவில்லை,Women & Child Welfare,Medium
मैं शिकायत करना चाहता हूं कि हमारे वार्ड की सार्वजनिक सुविधा की मरम्मत की जरूरत है,Municipal Corporation,Medium
ദയവായി സഹായിക്കണം. എന്റെ പ്രവേശന അപേക്ഷ ഇപ്പോഴും പരിഗണനയിലാണ് ദയവായി ആവശ്യമായ നടപടി സ്വീകരിക്കുക.,Education,High
ഈ പ്രശ്നം ശ്രദ്ധിക്കുക: ഇന്നലെ മുതൽ ഞങ്ങളുടെ പ്രദേശത്ത് വൈദ്യുതി ഇല്ല ദയവായി ഈ പ്രശ്നം പരിഹരിക്കുക.,Electricity,Critical
मैं शिकायत करना चाहता हूं कि मेरा राजस्व प्रमाणपत्र जारी नहीं हुआ है,Revenue & Land Records,High
There is frequent voltage fluctuation in our locality Please look into this matter.,Electricity,Low
இந்த பிரச்சனை குறித்து புகார் அளிக்கிறேன்: என் வீட்டின் அருகிலுள்ள கழிவுநீர் குழாய் அடைத்துள்ளது இந்த பிரச்சனையை கவனிக்கவும்.,Drainage & Sewerage,High
कृपया इस समस्या को देखें: राजमार्ग पर कई दरारें हैं कृपया इस मामले को देखें।,Roads & Highways,Medium
राजमार्ग पर कई दरारें हैं कृपया इस मामले को देखें।,Roads & Highways,Medium
ദയവായി സഹായിക്കണം. ഗ്രാമ ക്ഷേമ പദ്ധതി പരിഗണനയിലാണ്,Rural Development / Panchayat,Medium
सरकारी भवन के जल निकासी सिस्टम की मरम्मत चाहिए कृपया इस मामले को देखें।,Public Works,Medium
There is sewage water outside our house Kindly resolve this issue.,Drainage & Sewerage,Critical
Kindly look into this: I need a copy of my land document Please look into this matter.,Revenue & Land Records,Low
ഈ പ്രശ്നത്തെക്കുറിച്ച് പരാതി നൽകുന്നു: മഴയ്ക്ക് ശേഷം സീവർ വെള്ളം പുറത്തേക്ക് ഒഴുകുന്നു ദയവായി ഈ വിഷയം പരിശോധിക്കുക.,Drainage & Sewerage,Medium
தயவுசெய்து இதை சரி செய்யுங்கள். மழைக்குப் பிறகு கழிவுநீர் நிரம்பி வழிகிறது இந்த பிரச்சனையை கவனிக்கவும்.,Drainage & Sewerage,Medium
हमारे घर के बाहर सीवेज का पानी जमा है कृपया इस समस्या का समाधान करें।,Drainage & Sewerage,High
Please help. The ration shop is not providing rice Please look into this matter.,Food & Civil Supplies,Medium
I need information about public transport services Please take necessary action.,Transport,Medium
ഈ പ്രശ്നത്തെക്കുറിച്ച് പരാതി നൽകുന്നു: ഞങ്ങളുടെ വാർഡിലെ പൊതു സൗകര്യത്തിന് അറ്റകുറ്റപ്പണി ആവശ്യമാണ്,Municipal Corporation,Medium
I would like to complain that A factory is causing serious air pollution Please take necessary action.,Environment & Forest,High
ഈ പ്രശ്നത്തെക്കുറിച്ച് പരാതി നൽകുന്നു: റോഡ് അറ്റകുറ്റപ്പണി വൈകുകയാണ് ദയവായി ഈ പ്രശ്നം പരിഹരിക്കുക.,Roads & Highways,Low
ദയവായി ഇത് പരിഹരിക്കുക. എന്റെ സർക്കാർ സർട്ടിഫിക്കറ്റ് ഡൗൺലോഡ് ചെയ്യാൻ കഴിയുന്നില്ല,e-Governance,Medium
I would like to complain that The online service keeps timing out Kindly resolve this issue.,e-Governance,High
My beneficiary details are incorrect Kindly resolve this issue.,Social Welfare,Medium
தயவுசெய்து இதை சரி செய்யுங்கள். எங்கள் பள்ளி அருகே ஆபத்தான முறையில் வாகனங்கள் ஓட்டப்படுகின்றன தயவுசெய்து தேவையான நடவடிக்கை எடுக்கவும்.,Police,Low
I would like to complain that There has been no power supply in our area since yesterday Kindly resolve this issue.,Electricity,High
Kindly look into this: The doctor is unavailable at the public health centre Kindly resolve this issue.,Health,High
தயவுசெய்து உதவுங்கள். அனுமதிக்கப்பட்ட வீட்டு தொகை இன்னும் கிடைக்கவில்லை தயவுசெய்து தேவையான நடவடிக்கை எடுக்கவும்.,Housing,Medium
मैं शिकायत करना चाहता हूं कि मुझे धमकी भरा संदेश मिला है कृपया इस मामले को देखें।,Police,High
ദയവായി സഹായിക്കണം. എന്റെ സർക്കാർ സർട്ടിഫിക്കറ്റ് ഡൗൺലോഡ് ചെയ്യാൻ കഴിയുന്നില്ല,e-Governance,High
സർക്കാർ ബസ് സമയക്രമം പാലിക്കുന്നില്ല,Transport,Medium
தயவுசெய்து இதை சரி செய்யுங்கள். எனது மாதாந்திர ரேஷன் கிடைக்கவில்லை இந்த பிரச்சனையை கவனிக்கவும்.,Food & Civil Supplies,Medium
ഈ പ്രശ്നം ശ്രദ്ധിക്കുക: ഞങ്ങളുടെ സ്കൂളിന് സമീപം അപകടകരമായി വാഹനങ്ങൾ ഓടിക്കുന്നു ദയവായി ഈ വിഷയം പരിശോധിക്കുക.,Police,High
मैं शिकायत करना चाहता हूं कि मुझे सार्वजनिक परिवहन सेवाओं की जानकारी चाहिए,Transport,Medium
இந்த பிரச்சனை குறித்து புகார் அளிக்கிறேன்: மருத்துவமனையில் அடிப்படை மருத்துவ உபகரணங்கள் இல்லை,Health,High
എന്റെ ഭൂമി രേഖയിൽ തെറ്റായ വിവരമുണ്ട് ദയവായി ഈ പ്രശ്നം പരിഹരിക്കുക.,Revenue & Land Records,Medium
I want to report that The public facility in our ward requires maintenance Kindly resolve this issue.,Municipal Corporation,Medium
My affordable housing application is pending Kindly resolve this issue.,Housing,Medium
कृपया मदद करें। मुझे भूमि स्वामित्व रिकॉर्ड अपडेट करना है कृपया इस समस्या का समाधान करें।,Revenue & Land Records,Low
Please help. The public infrastructure is poorly maintained Please take necessary action.,Public Works,Medium
தயவுசெய்து உதவுங்கள். நான் காவல்துறையில் புகார் அளிக்க வேண்டும்,Police,High
कृपया मदद करें। बिजली कटने के बाद आपूर्ति अभी तक बहाल नहीं हुई है कृपया इस समस्या का समाधान करें।,Electricity,Medium
कृपया इस समस्या को देखें: मेरे बच्चे का कल्याण लाभ नहीं मिला है कृपया इस समस्या का समाधान करें।,Women & Child Welfare,Medium
कृपया इस समस्या को देखें: पानी की आपूर्ति का समय निर्धारित तरीके से नहीं है कृपया इस मामले को देखें।,Water Services,Medium
தயவுசெய்து இதை சரி செய்யுங்கள். எங்கள் வீட்டிற்கு வெளியே கழிவுநீர் தேங்கியுள்ளது,Drainage & Sewerage,High
सार्वजनिक भवन के दरवाजे खराब हैं,Public Works,High
मैं शिकायत करना चाहता हूं कि सरकारी छात्रावास में बेहतर सुविधाओं की जरूरत है,Education,High
कृपया इस समस्या को देखें: मेरे भूमि रिकॉर्ड में गलत जानकारी दर्ज है,Revenue & Land Records,High
The digital government service is unavailable,e-Governance,Medium
ദയവായി സഹായിക്കണം. മഴക്കാലത്ത് റോഡ് വളരെ അപകടകരമാണ് ദയവായി ഈ പ്രശ്നം പരിഹരിക്കുക.,Roads & Highways,Low
कृपया मदद करें। हमारी सड़क के पास ट्रांसफार्मर से अजीब आवाज आ रही है कृपया इस मामले को देखें।,Electricity,Low
இந்த பிரச்சனை குறித்து புகார் அளிக்கிறேன்: எனது குழந்தை நல விண்ணப்பம் தாமதமாகியுள்ளது தயவுசெய்து இந்த பிரச்சனையை தீர்க்கவும்.,Women & Child Welfare,Medium
मैं शिकायत करना चाहता हूं कि हमारे इलाके का सार्वजनिक शौचालय ठीक से maintained नहीं है कृपया इस मामले को देखें।,Municipal Corporation,Medium
इस समस्या पर ध्यान दें: गंदा अपशिष्ट पानी हमारे इलाके में आ रहा है कृपया इस समस्या का समाधान करें।,Drainage & Sewerage,High
ദയവായി ഇത് പരിഹരിക്കുക. ഓൺലൈൻ പൗര സേവനം ആക്സസ് ചെയ്യാൻ കഴിയുന്നില്ല ദയവായി ഈ പ്രശ്നം പരിഹരിക്കുക.,e-Governance,Medium
മാലിന്യ ശേഖരണ തൊഴിലാളികൾ പതിവായി വരുന്നില്ല,Waste Management,Medium
इस समस्या पर ध्यान दें: हमारी सड़क के पास अवैध गतिविधियां हो रही हैं,Police,Low
ദയവായി ഇത് പരിഹരിക്കുക. ഓവർഹെഡ് ടാങ്കിൽ വെള്ളം എത്തുന്നില്ല ദയവായി ഈ വിഷയം പരിശോധിക്കുക.,Water Services,Medium
இந்த பிரச்சனையை கவனிக்கவும்: ரேஷன் அட்டை விவரங்களை புதுப்பிக்க வேண்டும் இந்த பிரச்சனையை கவனிக்கவும்.,Food & Civil Supplies,Low
தயவுசெய்து இதை சரி செய்யுங்கள். வேலைவாய்ப்பு திட்டங்கள் குறித்து தகவல் வேண்டும்,Labour & Employment,High
इस समस्या पर ध्यान दें: मेरी छात्रवृत्ति की राशि अभी तक नहीं मिली है,Education,Low
Please help. The highway surface is badly damaged Kindly resolve this issue.,Roads & Highways,High
இந்த பிரச்சனை குறித்து புகார் அளிக்கிறேன்: சமூக நலத்திட்டங்கள் குறித்து தகவல் வேண்டும் இந்த பிரச்சனையை கவனிக்கவும்.,Social Welfare,Medium
Please help. Farmers are not receiving irrigation water,Agriculture,Medium
इस समस्या पर ध्यान दें: बच्चों के लिए पोषण सेवा उपलब्ध नहीं है कृपया इस समस्या का समाधान करें।,Women & Child Welfare,High
Please help. Illegal dumping is happening near the forest Please take necessary action.,Environment & Forest,Low
இந்த பிரச்சனையை கவனிக்கவும்: எனது தொழிலாளர் பதிவு விண்ணப்பம் நிலுவையில் உள்ளது தயவுசெய்து இந்த பிரச்சனையை தீர்க்கவும்.,Labour & Employment,Medium
Please help. My welfare scheme application is pending Kindly resolve this issue.,Social Welfare,High
இந்த பிரச்சனை குறித்து புகார் அளிக்கிறேன்: எனது பயனாளி விவரங்கள் தவறாக உள்ளன இந்த பிரச்சனையை கவனிக்கவும்.,Social Welfare,Medium
मैं शिकायत करना चाहता हूं कि उचित मूल्य की दुकान काम के समय बंद रहती है,Food & Civil Supplies,Medium
ഈ പ്രശ്നത്തെക്കുറിച്ച് പരാതി നൽകുന്നു: ഭവന വകുപ്പ് മറുപടി നൽകിയിട്ടില്ല,Housing,Medium
ഈ പ്രശ്നം ശ്രദ്ധിക്കുക: മുനിസിപ്പൽ വെള്ള പൈപ്പ് കേടായിട്ടുണ്ട് ദയവായി ഈ വിഷയം പരിശോധിക്കുക.,Water Services,Low
Please help. Industrial waste is entering the nearby water body Kindly resolve this issue.,Environment & Forest,Medium
ഈ പ്രശ്നം ശ്രദ്ധിക്കുക: കോളേജ് എന്റെ സർട്ടിഫിക്കറ്റ് നൽകിയിട്ടില്ല ദയവായി ഈ പ്രശ്നം പരിഹരിക്കുക.,Education,Medium
I want to report that I need to file a police complaint Please look into this matter.,Police,High
Please help. My house construction subsidy has not arrived Kindly resolve this issue.,Housing,Low
ദയവായി സഹായിക്കണം. എന്റെ കുറഞ്ഞ ചെലവിലുള്ള ഭവന അപേക്ഷ പരിഗണനയിലാണ് ദയവായി ആവശ്യമായ നടപടി സ്വീകരിക്കുക.,Housing,Medium
I need information about agricultural subsidies Please look into this matter.,Agriculture,High
ഈ പ്രശ്നം ശ്രദ്ധിക്കുക: ഭൂമി ഉടമസ്ഥാവകാശ രേഖ പുതുക്കണം ദയവായി ആവശ്യമായ നടപടി സ്വീകരിക്കുക.,Revenue & Land Records,Low
தயவுசெய்து இதை சரி செய்யுங்கள். அரசு அலுவலகத்திற்கு மின் பழுதுபார்ப்பு தேவை இந்த பிரச்சனையை கவனிக்கவும்.,Public Works,Medium
தயவுசெய்து உதவுங்கள். குப்பை வண்டி எங்கள் பகுதிக்கு வரவில்லை தயவுசெய்து இந்த பிரச்சனையை தீர்க்கவும்.,Waste Management,High
कृपया इस समस्या को देखें: मेरा कल्याण योजना आवेदन लंबित है कृपया इस समस्या का समाधान करें।,Social Welfare,High
தயவுசெய்து உதவுங்கள். எனது சமூக நல ஓய்வூதியம் வரவில்லை தயவுசெய்து இந்த பிரச்சனையை தீர்க்கவும்.,Social Welfare,Medium
वन क्षेत्र पर अतिक्रमण किया जा रहा है,Environment & Forest,Medium
The ration shop is not providing rice,Food & Civil Supplies,Medium
ദയവായി ഇത് പരിഹരിക്കുക. മാലിന്യ വാഹനം ഞങ്ങളുടെ പ്രദേശത്ത് വരുന്നത് നിർത്തി ദയവായി ഈ പ്രശ്നം പരിഹരിക്കുക.,Waste Management,Medium
The irrigation canal for our fields is damaged Kindly resolve this issue.,Agriculture,Medium
Kindly look into this: My land record has an incorrect entry Kindly resolve this issue.,Revenue & Land Records,Medium
தயவுசெய்து உதவுங்கள். எனது விண்ணப்பத்தை ஆன்லைனில் சமர்ப்பிக்க முடியவில்லை தயவுசெய்து இந்த பிரச்சனையை தீர்க்கவும்.,e-Governance,Low
ദയവായി ഇത് പരിഹരിക്കുക. എന്റെ വീടിന് സമീപമുള്ള തെരുവ് വിളക്ക് തൂൺ കേടായിട്ടുണ്ട് ദയവായി ഈ പ്രശ്നം പരിഹരിക്കുക.,Municipal Corporation,High
ഈ പ്രശ്നം ശ്രദ്ധിക്കുക: ഓൺലൈൻ സേവനം പലപ്പോഴും ടൈം ഔട്ട് ആകുന്നു ദയവായി ഈ വിഷയം പരിശോധിക്കുക.,e-Governance,High
कृपया मदद करें। हमारे क्षेत्र का बाल देखभाल केंद्र काम नहीं कर रहा है कृपया आवश्यक कार्रवाई करें।,Women & Child Welfare,Low
कृपया इस समस्या को देखें: बिजली कटने के बाद आपूर्ति अभी तक बहाल नहीं हुई है,Electricity,Low
कृपया इस समस्या को देखें: हमारा बिजली कनेक्शन बार बार बंद हो रहा है कृपया इस मामले को देखें।,Electricity,Low
ऑनलाइन सेवा बार बार टाइम आउट हो रही है कृपया इस मामले को देखें।,e-Governance,High
मैं शिकायत करना चाहता हूं कि अस्पताल की फार्मेसी में दवाइयां नहीं हैं कृपया इस समस्या का समाधान करें।,Health,Low
இந்த பிரச்சனை குறித்து புகார் அளிக்கிறேன்: ரேஷன் கடையில் உணவுப் பொருட்கள் போதுமானதாக இல்லை தயவுசெய்து இந்த பிரச்சனையை தீர்க்கவும்.,Food & Civil Supplies,Low
இந்த பிரச்சனை குறித்து புகார் அளிக்கிறேன்: எனது மாதாந்திர ரேஷன் கிடைக்கவில்லை தயவுசெய்து இந்த பிரச்சனையை தீர்க்கவும்.,Food & Civil Supplies,Low
இந்த பிரச்சனையை கவனிக்கவும்: எங்கள் வார்டில் உள்ள பொது வசதிக்கு பராமரிப்பு தேவை தயவுசெய்து தேவையான நடவடிக்கை எடுக்கவும்.,Municipal Corporation,High
कृपया मदद करें। सीवेज मैनहोल से पानी बाहर निकल रहा है कृपया इस समस्या का समाधान करें।,Drainage & Sewerage,Medium
இந்த பிரச்சனை குறித்து புகார் அளிக்கிறேன்: ரேஷன் கடையில் உணவுப் பொருட்கள் போதுமானதாக இல்லை தயவுசெய்து தேவையான நடவடிக்கை எடுக்கவும்.,Food & Civil Supplies,High
தயவுசெய்து இதை சரி செய்யுங்கள். எங்கள் பகுதியில் தெருவிளக்குகள் வேலை செய்யவில்லை இந்த பிரச்சனையை கவனிக்கவும்.,Municipal Corporation,Medium
அரசு கட்டிடத்தின் கூரையில் கசிவு உள்ளது இந்த பிரச்சனையை கவனிக்கவும்.,Public Works,Low
இந்த பிரச்சனை குறித்து புகார் அளிக்கிறேன்: என் மின்சார கட்டணத்தில் தவறான அளவு காட்டப்பட்டுள்ளது தயவுசெய்து இந்த பிரச்சனையை தீர்க்கவும்.,Electricity,High
I would like to complain that The village road development work is incomplete Kindly resolve this issue.,Rural Development / Panchayat,Medium
ദയവായി സഹായിക്കണം. വലിയ കുഴി ഗതാഗതത്തെ തടസ്സപ്പെടുത്തുന്നു,Roads & Highways,Low
ഈ പ്രശ്നം ശ്രദ്ധിക്കുക: സർക്കാർ വെബ്സൈറ്റിൽ പിശക് കാണിക്കുന്നു ദയവായി ഈ വിഷയം പരിശോധിക്കുക.,e-Governance,Medium
ഡ്രെയിനേജ് വെള്ളം ദുർഗന്ധം ഉണ്ടാക്കുന്നു ദയവായി ഈ വിഷയം പരിശോധിക്കുക.,Drainage & Sewerage,Medium
கழிவுநீர் குழாய் அடைத்துள்ளது இந்த பிரச்சனையை கவனிக்கவும்.,Drainage & Sewerage,Low
ഈ പ്രശ്നം ശ്രദ്ധിക്കുക: ഭൂമി ഉടമസ്ഥാവകാശ രേഖ പുതുക്കണം ദയവായി ഈ പ്രശ്നം പരിഹരിക്കുക.,Revenue & Land Records,Medium
Please help. The transport pass application is delayed Please take necessary action.,Transport,High
कृपया मदद करें। कचरा वाहन हमारे इलाके में आना बंद कर चुका है कृपया इस समस्या का समाधान करें।,Waste Management,Medium
My affordable housing application is pending Please look into this matter.,Housing,Medium
कृपया इस समस्या को देखें: हमारे इलाके में कचरा संग्रह नियमित नहीं है कृपया आवश्यक कार्रवाई करें।,Waste Management,High
Please help. I have not received my monthly pension Please look into this matter.,Social Welfare,Medium
எனது குடும்ப உறுப்பினர் ரேஷன் அட்டையில் இல்லை இந்த பிரச்சனையை கவனிக்கவும்.,Food & Civil Supplies,High
I would like to complain that The public tap has stopped working Please take necessary action.,Water Services,Medium
ഈ പ്രശ്നം ശ്രദ്ധിക്കുക: പഞ്ചായത്ത് വികസന ഫണ്ട് ഉപയോഗിച്ചിട്ടില്ല ദയവായി ഈ വിഷയം പരിശോധിക്കുക.,Rural Development / Panchayat,Low
कृपया इस समस्या को देखें: राजमार्ग पर कई दरारें हैं,Roads & Highways,Medium
हमारे गांव के पास की नदी प्रदूषित है कृपया इस समस्या का समाधान करें।,Environment & Forest,Medium
कृपया मदद करें। मेरी छात्रवृत्ति का आवेदन लंबित है कृपया इस मामले को देखें।,Education,Medium
இந்த பிரச்சனையை கவனிக்கவும்: எனது புதிய ரேஷன் அட்டை வழங்கப்படவில்லை,Food & Civil Supplies,Low
தயவுசெய்து இதை சரி செய்யுங்கள். எங்கள் தெருவின் அருகே சட்டவிரோத செயல்கள் நடக்கின்றன தயவுசெய்து இந்த பிரச்சனையை தீர்க்கவும்.,Police,Low
इस समस्या पर ध्यान दें: मेरा वाहन चोरी हो गया है,Police,Critical
தயவுசெய்து உதவுங்கள். அரசு ஆன்லைன் தளம் வேலை செய்யவில்லை தயவுசெய்து தேவையான நடவடிக்கை எடுக்கவும்.,e-Governance,Low
ഈ പ്രശ്നം ശ്രദ്ധിക്കുക: ആരോ എന്റെ സ്വത്തിന് കേടുപാടുകൾ വരുത്തി ദയവായി ഈ വിഷയം പരിശോധിക്കുക.,Police,Low
Kindly look into this: I have not received my monthly pension Please look into this matter.,Social Welfare,Medium
Please help. I have not received my monthly pension Kindly resolve this issue.,Social Welfare,Low
இந்த பிரச்சனை குறித்து புகார் அளிக்கிறேன்: எனது நில ஆவணத்தின் நகல் வேண்டும்,Revenue & Land Records,Medium
தயவுசெய்து உதவுங்கள். எனது விவசாய மானிய விண்ணப்பம் நிலுவையில் உள்ளது தயவுசெய்து இந்த பிரச்சனையை தீர்க்கவும்.,Agriculture,Low
ദയവായി സഹായിക്കണം. എന്റെ ഭവന സഹായ അപേക്ഷ പരിഗണനയിലാണ് ദയവായി ആവശ്യമായ നടപടി സ്വീകരിക്കുക.,Housing,Medium
मुख्य सड़क की मरम्मत की जरूरत है कृपया आवश्यक कार्रवाई करें।,Roads & Highways,Low
அரசு கட்டிடத்தின் கூரையில் கசிவு உள்ளது தயவுசெய்து தேவையான நடவடிக்கை எடுக்கவும்.,Public Works,High
I want to report that My affordable housing application is pending,Housing,High
ദയവായി സഹായിക്കണം. റേഷൻ കാർഡ് വിവരങ്ങൾ പുതുക്കണം,Food & Civil Supplies,Medium
इस समस्या पर ध्यान दें: बाजार के पास कचरे का डिब्बा भर गया है कृपया आवश्यक कार्रवाई करें।,Waste Management,Medium
I would like to complain that The government hospital does not have essential medicines Please take necessary action.,Health,Medium
मेरे श्रमिक पंजीकरण की जानकारी गलत है कृपया आवश्यक कार्रवाई करें।,Labour & Employment,Medium
தயவுசெய்து இதை சரி செய்யுங்கள். ஆன்லைன் சேவை அடிக்கடி செயலிழக்கிறது தயவுசெய்து இந்த பிரச்சனையை தீர்க்கவும்.,e-Governance,High
इस समस्या पर ध्यान दें: बाजार के पास कचरे का डिब्बा भर गया है,Waste Management,High
ഈ പ്രശ്നം ശ്രദ്ധിക്കുക: ഹൈവേയുടെ ഉപരിതലം വളരെ മോശമായി കേടായിട്ടുണ്ട്,Roads & Highways,High
सरकारी छात्रावास में बेहतर सुविधाओं की जरूरत है कृपया आवश्यक कार्रवाई करें।,Education,Low
इस समस्या पर ध्यान दें: सरकारी कार्यालय की इमारत की मरम्मत की जरूरत है कृपया आवश्यक कार्रवाई करें।,Public Works,Low
இந்த பிரச்சனை குறித்து புகார் அளிக்கிறேன்: எங்கள் பகுதியில் சட்டவிரோதமாக மரங்கள் வெட்டப்படுகின்றன தயவுசெய்து இந்த பிரச்சனையை தீர்க்கவும்.,Environment & Forest,Medium
ദയവായി ഇത് പരിഹരിക്കുക. സർക്കാർ ഓഫീസിൽ വൈദ്യുതി അറ്റകുറ്റപ്പണി വേണം,Public Works,Medium
इस समस्या पर ध्यान दें: हमारे इलाके के कूड़ेदान भरकर बाहर निकल रहे हैं कृपया आवश्यक कार्रवाई करें।,Waste Management,High
Please help. The electricity meter is not functioning correctly Please take necessary action.,Electricity,High
இந்த பிரச்சனை குறித்து புகார் அளிக்கிறேன்: எங்கள் கிராமத்திற்கு அருகிலுள்ள ஆறு மாசடைந்துள்ளது தயவுசெய்து இந்த பிரச்சனையை தீர்க்கவும்.,Environment & Forest,Medium
தயவுசெய்து இதை சரி செய்யுங்கள். எங்கள் பகுதியில் குப்பை சேகரிப்பு சீராக இல்லை இந்த பிரச்சனையை கவனிக்கவும்.,Waste Management,High
Kindly look into this: Our school lacks proper classroom facilities Please take necessary action.,Education,Medium
ഈ പ്രശ്നത്തെക്കുറിച്ച് പരാതി നൽകുന്നു: അനുവദിച്ച ഭവന തുക ഇതുവരെ ലഭിച്ചിട്ടില്ല ദയവായി ആവശ്യമായ നടപടി സ്വീകരിക്കുക.,Housing,Low
ഈ പ്രശ്നത്തെക്കുറിച്ച് പരാതി നൽകുന്നു: എന്റെ കർഷക സബ്സിഡി അപേക്ഷ പരിഗണനയിലാണ് ദയവായി ഈ പ്രശ്നം പരിഹരിക്കുക.,Agriculture,High
A major pothole is blocking traffic Kindly resolve this issue.,Roads & Highways,Medium
വ്യവസായ മാലിന്യം സമീപത്തെ ജലാശയത്തിലേക്ക് ഒഴുകുന്നു ദയവായി ആവശ്യമായ നടപടി സ്വീകരിക്കുക.,Environment & Forest,Medium
தயவுசெய்து உதவுங்கள். எங்கள் பகுதியில் தினமும் மின்தடை ஏற்படுகிறது,Electricity,Medium
ദയവായി സഹായിക്കണം. എന്റെ സാമൂഹിക ക്ഷേമ പെൻഷൻ ലഭിച്ചിട്ടില്ല ദയവായി ഈ പ്രശ്നം പരിഹരിക്കുക.,Social Welfare,Low
കൃഷി ഓഫീസർ ഞങ്ങളുടെ ഗ്രാമത്തിൽ വന്നിട്ടില്ല ദയവായി ആവശ്യമായ നടപടി സ്വീകരിക്കുക.,Agriculture,Medium
தயவுசெய்து உதவுங்கள். நில அளவை வரைபடத்தின் நகல் வேண்டும் தயவுசெய்து இந்த பிரச்சனையை தீர்க்கவும்.,Revenue & Land Records,Medium
The school library does not have enough books Kindly resolve this issue.,Education,High
ഈ പ്രശ്നം ശ്രദ്ധിക്കുക: ക്ഷേമ പദ്ധതിക്ക് അപേക്ഷിക്കാൻ സഹായം വേണം ദയവായി ആവശ്യമായ നടപടി സ്വീകരിക്കുക.,Social Welfare,Medium
ദയവായി സഹായിക്കണം. പഞ്ചായത്ത് ഗ്രാമത്തിലെ സൗകര്യങ്ങൾ നന്നാക്കിയിട്ടില്ല ദയവായി ഈ പ്രശ്നം പരിഹരിക്കുക.,Rural Development / Panchayat,Low
ദയവായി സഹായിക്കണം. ഓവർഹെഡ് ടാങ്കിൽ വെള്ളം എത്തുന്നില്ല ദയവായി ആവശ്യമായ നടപടി സ്വീകരിക്കുക.,Water Services,Medium
ദയവായി ഇത് പരിഹരിക്കുക. സർക്കാർ കെട്ടിടത്തിന് അടിയന്തര പരിപാലനം ആവശ്യമാണ് ദയവായി ആവശ്യമായ നടപടി സ്വീകരിക്കുക.,Public Works,High
ഈ പ്രശ്നം ശ്രദ്ധിക്കുക: അനുവദിച്ച ഭവന തുക ഇതുവരെ ലഭിച്ചിട്ടില്ല ദയവായി ഈ വിഷയം പരിശോധിക്കുക.,Housing,High
தொழிற்சாலை கழிவுகள் அருகிலுள்ள நீர்நிலைக்குள் செல்கின்றன இந்த பிரச்சனையை கவனிக்கவும்.,Environment & Forest,High
ദയവായി ഇത് പരിഹരിക്കുക. വീട് നിർമ്മാണ സബ്സിഡി ഇതുവരെ ലഭിച്ചിട്ടില്ല ദയവായി ആവശ്യമായ നടപടി സ്വീകരിക്കുക.,Housing,Medium
कृपया मदद करें। ग्रामीण विकास परियोजना बंद हो गई है,Rural Development / Panchayat,High
कृपया इस समस्या को देखें: सार्वजनिक पानी की पाइपलाइन में रिसाव है कृपया इस समस्या का समाधान करें।,Water Services,High
Please help. The drainage water is causing a bad smell Please look into this matter.,Drainage & Sewerage,Medium
The street lights in my neighborhood are not working Please look into this matter.,Municipal Corporation,Medium
இந்த பிரச்சனையை கவனிக்கவும்: மக்கள் சாலையோரத்தில் குப்பைகளை கொட்டுகின்றனர்,Waste Management,Medium
I would like to complain that The fertilizer supply has been delayed Please take necessary action.,Agriculture,Medium
എന്റെ തൊഴിലാളി ക്ഷേമ അപേക്ഷയിൽ നടപടി ഉണ്ടായിട്ടില്ല ദയവായി ആവശ്യമായ നടപടി സ്വീകരിക്കുക.,Labour & Employment,Low
The government facility roof is leaking Kindly resolve this issue.,Public Works,Low
I want to report that The public tap has stopped working,Water Services,Medium
कृपया मदद करें। बिजली का मीटर ठीक से काम नहीं कर रहा है कृपया इस मामले को देखें।,Electricity,Medium
ദയവായി ഇത് പരിഹരിക്കുക. എന്റെ വീടിന് പുറത്തുള്ള വൈദ്യുതി തൂൺ കേടായിട്ടുണ്ട്,Electricity,Medium
தயவுசெய்து உதவுங்கள். எனது மாதாந்திர ஓய்வூதியம் கிடைக்கவில்லை தயவுசெய்து தேவையான நடவடிக்கை எடுக்கவும்.,Social Welfare,High
सार्वजनिक नल काम करना बंद कर चुका है कृपया इस मामले को देखें।,Water Services,Medium
ദയവായി ഇത് പരിഹരിക്കുക. എന്റെ പ്രസവാനുകൂല്യ അപേക്ഷ പരിഗണനയിലാണ് ദയവായി ഈ പ്രശ്നം പരിഹരിക്കുക.,Women & Child Welfare,Low
ദയവായി സഹായിക്കണം. എന്റെ തൊഴിലാളി രജിസ്ട്രേഷൻ അപേക്ഷ പരിഗണനയിലാണ്,Labour & Employment,Medium
இந்த பிரச்சனை குறித்து புகார் அளிக்கிறேன்: எனது தொழிலாளர் பதிவு விண்ணப்பம் நிலுவையில் உள்ளது தயவுசெய்து இந்த பிரச்சனையை தீர்க்கவும்.,Labour & Employment,High
ദയവായി സഹായിക്കണം. എന്റെ ക്ഷേമ സർട്ടിഫിക്കറ്റ് നൽകിയിട്ടില്ല,Social Welfare,Medium
தயவுசெய்து இதை சரி செய்யுங்கள். எங்கள் வீட்டருகே உள்ள தெருவிளக்கு கம்பம் சேதமடைந்துள்ளது,Municipal Corporation,Medium
Kindly look into this: The fertilizer supply has been delayed Kindly resolve this issue.,Agriculture,Medium
ദയവായി ഇത് പരിഹരിക്കുക. വെള്ള കണക്ഷൻ അപേക്ഷ ഇപ്പോഴും പരിഗണനയിലാണ് ദയവായി ഈ പ്രശ്നം പരിഹരിക്കുക.,Water Services,Medium
ദയവായി ഇത് പരിഹരിക്കുക. ആശുപത്രിയിൽ അടിസ്ഥാന മെഡിക്കൽ ഉപകരണങ്ങൾ ഇല്ല ദയവായി ആവശ്യമായ നടപടി സ്വീകരിക്കുക.,Health,Low
Please help. There is an error in my property record,Revenue & Land Records,Medium
Government buses are not operating regularly Kindly resolve this issue.,Transport,Medium
The transport pass application is delayed Please look into this matter.,Transport,Low
ഈ പ്രശ്നത്തെക്കുറിച്ച് പരാതി നൽകുന്നു: സർക്കാർ ആരോഗ്യ കേന്ദ്രത്തിൽ ഡോക്ടർ ലഭ്യമല്ല ദയവായി ആവശ്യമായ നടപടി സ്വീകരിക്കുക.,Health,Medium
ഈ പ്രശ്നത്തെക്കുറിച്ച് പരാതി നൽകുന്നു: ബസ് ഷെൽട്ടർ കേടായിട്ടുണ്ട് ദയവായി ഈ പ്രശ്നം പരിഹരിക്കുക.,Transport,Medium
I would like to complain that Someone has damaged my property,Police,Medium
कृपया मदद करें। ओवरहेड पानी की टंकी में पानी नहीं आ रहा है कृपया आवश्यक कार्रवाई करें।,Water Services,High
कृपया इस समस्या को देखें: सरकारी कार्यालय में बिजली की मरम्मत की जरूरत है कृपया इस मामले को देखें।,Public Works,Low
I want to report illegal tree cutting,Environment & Forest,Medium
कृपया मदद करें। हमारे क्षेत्र में बीजों की कमी है कृपया इस मामले को देखें।,Agriculture,High
ഈ പ്രശ്നത്തെക്കുറിച്ച് പരാതി നൽകുന്നു: പൊതു ഓഫീസ് കെട്ടിടത്തിൽ ഘടനാപരമായ കേടുപാടുണ്ട് ദയവായി ഈ പ്രശ്നം പരിഹരിക്കുക.,Public Works,Medium
ദയവായി ഇത് പരിഹരിക്കുക. എന്റെ കർഷക സബ്സിഡി അപേക്ഷ പരിഗണനയിലാണ് ദയവായി ആവശ്യമായ നടപടി സ്വീകരിക്കുക.,Agriculture,Medium
कृपया इस समस्या को देखें: सार्वजनिक भवन की दीवारों में दरारें हैं कृपया इस मामले को देखें।,Public Works,High
எனது வேலை இழப்பு உதவி விண்ணப்பம் நிலுவையில் உள்ளது,Labour & Employment,Low
मैं शिकायत करना चाहता हूं कि ग्रामीण कल्याण परियोजना लंबित है कृपया इस समस्या का समाधान करें।,Rural Development / Panchayat,Low
எங்கள் பகுதியில் நடந்த திருட்டை புகார் செய்ய விரும்புகிறேன்,Police,High
ஒரு தொழிற்சாலை கடுமையான காற்று மாசை ஏற்படுத்துகிறது தயவுசெய்து இந்த பிரச்சனையை தீர்க்கவும்.,Environment & Forest,Medium
I would like to complain that I need to update my ration card details Please take necessary action.,Food & Civil Supplies,Medium
मैं शिकायत करना चाहता हूं कि सार्वजनिक बुनियादी ढांचे का रखरखाव खराब है,Public Works,Medium
I want to report that I want to report illegal tree cutting Please take necessary action.,Environment & Forest,High
ദയവായി ഇത് പരിഹരിക്കുക. റോഡിന്റെ വശം ഇടിഞ്ഞുപോയി ദയവായി ഈ വിഷയം പരിശോധിക്കുക.,Roads & Highways,High
इस समस्या पर ध्यान दें: मेरे श्रमिक पंजीकरण की जानकारी गलत है,Labour & Employment,Low
ദയവായി സഹായിക്കണം. പൊതു ബസിൽ പതിവായി വലിയ തിരക്കാണ് ദയവായി ഈ വിഷയം പരിശോധിക്കുക.,Transport,Medium
வேளாண் அதிகாரி எங்கள் கிராமத்திற்கு வரவில்லை தயவுசெய்து தேவையான நடவடிக்கை எடுக்கவும்.,Agriculture,Medium
இந்த பிரச்சனை குறித்து புகார் அளிக்கிறேன்: தொழிலாளராக பதிவு செய்ய உதவி வேண்டும் தயவுசெய்து இந்த பிரச்சனையை தீர்க்கவும்.,Labour & Employment,Medium
ദയവായി ഇത് പരിഹരിക്കുക. സർക്കാർ ഓഫീസ് കെട്ടിടത്തിന് അറ്റകുറ്റപ്പണി ആവശ്യമാണ്,Public Works,Medium
தயவுசெய்து இதை சரி செய்யுங்கள். எனது புதிய ரேஷன் அட்டை வழங்கப்படவில்லை தயவுசெய்து இந்த பிரச்சனையை தீர்க்கவும்.,Food & Civil Supplies,Medium
कृपया इस समस्या को देखें: सार्वजनिक बस में अक्सर बहुत भीड़ होती है,Transport,Medium
मैं शिकायत करना चाहता हूं कि हमारी सड़क के पास ड्रेनेज पाइप टूट गया है कृपया इस समस्या का समाधान करें।,Drainage & Sewerage,Low
இந்த பிரச்சனையை கவனிக்கவும்: உர விநியோகம் தாமதமாகியுள்ளது,Agriculture,Medium
I would like to complain that Industrial waste is entering the nearby water body Please take necessary action.,Environment & Forest,Low
कृपया मदद करें। मेरा कल्याण योजना आवेदन लंबित है कृपया इस समस्या का समाधान करें।,Social Welfare,Low
ദയവായി ഇത് പരിഹരിക്കുക. എന്റെ കുട്ടിയുടെ ക്ഷേമ അപേക്ഷ വൈകിയിരിക്കുന്നു ദയവായി ആവശ്യമായ നടപടി സ്വീകരിക്കുക.,Women & Child Welfare,High
A sewage manhole is overflowing Kindly resolve this issue.,Drainage & Sewerage,High
இந்த பிரச்சனையை கவனிக்கவும்: நிலத்தடி கழிவுநீர் அமைப்பு அடைத்துள்ளது இந்த பிரச்சனையை கவனிக்கவும்.,Drainage & Sewerage,Medium
எங்கள் தெருவில் குப்பை சேகரிக்கப்படவில்லை தயவுசெய்து இந்த பிரச்சனையை தீர்க்கவும்.,Waste Management,High
இந்த பிரச்சனை குறித்து புகார் அளிக்கிறேன்: எங்கள் பகுதியில் உள்ள பூங்கா சரியாக பராமரிக்கப்படவில்லை,Municipal Corporation,Medium
இந்த பிரச்சனையை கவனிக்கவும்: நில பதிவு செயல்முறை தாமதமாகியுள்ளது தயவுசெய்து இந்த பிரச்சனையை தீர்க்கவும்.,Revenue & Land Records,High
मैं शिकायत करना चाहता हूं कि औद्योगिक इकाई से बहुत अधिक धुआं निकल रहा है,Environment & Forest,Medium
இந்த பிரச்சனையை கவனிக்கவும்: அரசு வீட்டு திட்டம் குறித்து தகவல் வேண்டும் தயவுசெய்து இந்த பிரச்சனையை தீர்க்கவும்.,Housing,Medium
தயவுசெய்து இதை சரி செய்யுங்கள். போக்குவரத்து பாஸ் விண்ணப்பம் தாமதமாகியுள்ளது தயவுசெய்து தேவையான நடவடிக்கை எடுக்கவும்.,Transport,Medium
My farmer subsidy application is pending Please take necessary action.,Agriculture,High
I want to report that A major pothole is blocking traffic Please take necessary action.,Roads & Highways,Medium
I want to report that The garbage container near the market is overflowing Kindly resolve this issue.,Waste Management,Medium
தயவுசெய்து உதவுங்கள். எனது மாற்றுத்திறனாளர் உதவித்தொகை தாமதமாகியுள்ளது தயவுசெய்து இந்த பிரச்சனையை தீர்க்கவும்.,Social Welfare,Medium
Kindly look into this: The welfare office has not responded Please take necessary action.,Social Welfare,Medium
സർക്കാർ ഹോസ്റ്റലിൽ മികച്ച സൗകര്യങ്ങൾ ആവശ്യമാണ് ദയവായി ഈ വിഷയം പരിശോധിക്കുക.,Education,Low
मैं शिकायत करना चाहता हूं कि सीवेज मैनहोल से पानी बाहर निकल रहा है कृपया इस मामले को देखें।,Drainage & Sewerage,High
I want to report that The power supply has not been restored after the outage Please look into this matter.,Electricity,Medium
राशन दुकानदार अतिरिक्त पैसे मांग रहा है कृपया इस समस्या का समाधान करें।,Food & Civil Supplies,Medium
कृपया मदद करें। मेरी दिव्यांग सहायता राशि में देरी हुई है कृपया इस मामले को देखें।,Social Welfare,Low
कृपया मदद करें। मेरा वाहन चोरी हो गया है,Police,Critical
பள்ளி நூலகத்தில் போதுமான புத்தகங்கள் இல்லை தயவுசெய்து தேவையான நடவடிக்கை எடுக்கவும்.,Education,High
The drainage pipe has broken near our street,Drainage & Sewerage,Medium
இந்த பிரச்சனையை கவனிக்கவும்: ஊராட்சி வளர்ச்சி நிதி பயன்படுத்தப்படவில்லை தயவுசெய்து இந்த பிரச்சனையை தீர்க்கவும்.,Rural Development / Panchayat,Medium
மழைக்காலத்தில் சாலை மிகவும் ஆபத்தாகிறது தயவுசெய்து தேவையான நடவடிக்கை எடுக்கவும்.,Roads & Highways,Medium
Please help. The transport pass application is delayed,Transport,High
I would like to complain that I cannot download my government certificate Kindly resolve this issue.,e-Governance,High
தயவுசெய்து இதை சரி செய்யுங்கள். எங்கள் தெருவில் குப்பை சேகரிக்கப்படவில்லை தயவுசெய்து தேவையான நடவடிக்கை எடுக்கவும்.,Waste Management,Medium
ഈ പ്രശ്നം ശ്രദ്ധിക്കുക: വിളനാശത്തിന് സഹായം ആവശ്യമാണ് ദയവായി ഈ പ്രശ്നം പരിഹരിക്കുക.,Agriculture,Low
சாலையின் அருகில் திறந்த குப்பை மேடு உள்ளது இந்த பிரச்சனையை கவனிக்கவும்.,Waste Management,Medium
இந்த பிரச்சனையை கவனிக்கவும்: எனது வேலைவாய்ப்பு நலத்தொகை கிடைக்கவில்லை இந்த பிரச்சனையை கவனிக்கவும்.,Labour & Employment,Medium
பெரிய பள்ளம் போக்குவரத்தை தடுக்கிறது தயவுசெய்து தேவையான நடவடிக்கை எடுக்கவும்.,Roads & Highways,High
தயவுசெய்து உதவுங்கள். எங்கள் கிராமத்திற்கான பேருந்து சேவை குறைக்கப்பட்டுள்ளது,Transport,Medium
ഈ പ്രശ്നം ശ്രദ്ധിക്കുക: മുനിസിപ്പൽ ജീവനക്കാർ ഞങ്ങളുടെ തെരുവ് വൃത്തിയാക്കുന്നില്ല ദയവായി ആവശ്യമായ നടപടി സ്വീകരിക്കുക.,Municipal Corporation,Medium
ഈ പ്രശ്നത്തെക്കുറിച്ച് പരാതി നൽകുന്നു: മുനിസിപ്പൽ ജീവനക്കാർ ഞങ്ങളുടെ തെരുവ് വൃത്തിയാക്കുന്നില്ല ദയവായി ആവശ്യമായ നടപടി സ്വീകരിക്കുക.,Municipal Corporation,Medium
ദയവായി ഇത് പരിഹരിക്കുക. സർക്കാർ കെട്ടിടത്തിലെ ഡ്രെയിനേജ് നന്നാക്കണം ദയവായി ഈ വിഷയം പരിശോധിക്കുക.,Public Works,Medium
தயவுசெய்து உதவுங்கள். மழைக்காலத்தில் சாலை மிகவும் ஆபத்தாகிறது தயவுசெய்து இந்த பிரச்சனையை தீர்க்கவும்.,Roads & Highways,Medium
தயவுசெய்து இதை சரி செய்யுங்கள். எனது நில பதிவில் தவறான தகவல் உள்ளது தயவுசெய்து தேவையான நடவடிக்கை எடுக்கவும்.,Revenue & Land Records,Medium
இந்த பிரச்சனையை கவனிக்கவும்: அரசு பேருந்துகள் முறையாக இயக்கப்படவில்லை இந்த பிரச்சனையை கவனிக்கவும்.,Transport,Medium
വലിയ കുഴി ഗതാഗതത്തെ തടസ്സപ്പെടുത്തുന്നു ദയവായി ഈ പ്രശ്നം പരിഹരിക്കുക.,Roads & Highways,Medium
ദയവായി സഹായിക്കണം. ഞങ്ങളുടെ ഗ്രാമത്തിൽ മികച്ച പൊതു സൗകര്യങ്ങൾ ആവശ്യമാണ് ദയവായി ആവശ്യമായ നടപടി സ്വീകരിക്കുക.,Rural Development / Panchayat,Medium
இந்த பிரச்சனை குறித்து புகார் அளிக்கிறேன்: எனது குழந்தை நல விண்ணப்பம் தாமதமாகியுள்ளது,Women & Child Welfare,Medium
தயவுசெய்து இதை சரி செய்யுங்கள். அரசு மருத்துவமனையில் படுக்கைகள் இல்லை தயவுசெய்து இந்த பிரச்சனையை தீர்க்கவும்.,Health,Medium
Please help. My employment certificate has been delayed Please take necessary action.,Labour & Employment,High
இந்த பிரச்சனை குறித்து புகார் அளிக்கிறேன்: கிராம நலத்திட்டம் நிலுவையில் உள்ளது தயவுசெய்து தேவையான நடவடிக்கை எடுக்கவும்.,Rural Development / Panchayat,High
I would like to complain that I need help registering as a worker,Labour & Employment,Medium
ഈ പ്രശ്നം ശ്രദ്ധിക്കുക: വനമേഖല കൈയേറുന്നു ദയവായി ആവശ്യമായ നടപടി സ്വീകരിക്കുക.,Environment & Forest,Low
कृपया इस समस्या को देखें: घर निर्माण की सब्सिडी अभी तक नहीं मिली है कृपया इस मामले को देखें।,Housing,High
ഈ പ്രശ്നത്തെക്കുറിച്ച് പരാതി നൽകുന്നു: മലിനജലം തെരുവിലേക്ക് ഒഴുകുന്നു,Drainage & Sewerage,Medium
I want to report that My admission application is still pending,Education,Medium
இந்த பிரச்சனையை கவனிக்கவும்: வீட்டு துறை பதிலளிக்கவில்லை தயவுசெய்து தேவையான நடவடிக்கை எடுக்கவும்.,Housing,Medium
मैं शिकायत करना चाहता हूं कि हमारे क्षेत्र का बाल देखभाल केंद्र काम नहीं कर रहा है कृपया इस मामले को देखें।,Women & Child Welfare,Medium
I would like to complain that The government office building needs repair Please look into this matter.,Public Works,Low
എന്റെ തൊഴിലാളി രജിസ്ട്രേഷൻ അപേക്ഷ പരിഗണനയിലാണ്,Labour & Employment,Low
വനിതാ ക്ഷേമ പദ്ധതികളെക്കുറിച്ച് വിവരം വേണം,Women & Child Welfare,Medium
I want to report that Our water pressure is extremely low Please look into this matter.,Water Services,High
Kindly look into this: The road repair work has been delayed Please take necessary action.,Roads & Highways,Medium
இந்த பிரச்சனையை கவனிக்கவும்: எங்கள் பள்ளி அருகே ஆபத்தான முறையில் வாகனங்கள் ஓட்டப்படுகின்றன,Police,Medium
कृपया इस समस्या को देखें: मेरी संपत्ति के रिकॉर्ड में गलती है कृपया इस समस्या का समाधान करें।,Revenue & Land Records,Low
தயவுசெய்து உதவுங்கள். சாக்கடை அடைத்துள்ளது இந்த பிரச்சனையை கவனிக்கவும்.,Drainage & Sewerage,High
ദയവായി സഹായിക്കണം. എന്റെ മെഡിക്കൽ റിപ്പോർട്ട് വൈകിയിരിക്കുന്നു ദയവായി ആവശ്യമായ നടപടി സ്വീകരിക്കുക.,Health,Medium
ദയവായി ഇത് പരിഹരിക്കുക. ഞങ്ങളുടെ പ്രദേശത്ത് മതിയായ ബസ് സർവീസ് ഇല്ല ദയവായി ഈ പ്രശ്നം പരിഹരിക്കുക.,Transport,Medium
தயவுசெய்து இதை சரி செய்யுங்கள். அரசு விடுதிக்கு சிறந்த வசதிகள் தேவை,Education,High
कृपया इस समस्या को देखें: सरकारी भवन के जल निकासी सिस्टम की मरम्मत चाहिए कृपया इस समस्या का समाधान करें।,Public Works,Low
मैं शिकायत करना चाहता हूं कि ऑनलाइन सेवा बार बार टाइम आउट हो रही है कृपया इस समस्या का समाधान करें।,e-Governance,High
कृपया इस समस्या को देखें: मेरी छात्रवृत्ति की राशि अभी तक नहीं मिली है कृपया इस समस्या का समाधान करें।,Education,Low
இந்த பிரச்சனை குறித்து புகார் அளிக்கிறேன்: மருத்துவமனையில் அடிப்படை மருத்துவ உபகரணங்கள் இல்லை தயவுசெய்து தேவையான நடவடிக்கை எடுக்கவும்.,Health,Medium
ഈ പ്രശ്നം ശ്രദ്ധിക്കുക: എന്റെ ഭൂമി രേഖയിൽ തെറ്റായ വിവരമുണ്ട്,Revenue & Land Records,Medium
Please help. The garbage container near the market is overflowing Kindly resolve this issue.,Waste Management,High
ഈ പ്രശ്നത്തെക്കുറിച്ച് പരാതി നൽകുന്നു: എനിക്ക് തൊഴിലാളി ക്ഷേമ തുക ലഭിച്ചിട്ടില്ല ദയവായി ആവശ്യമായ നടപടി സ്വീകരിക്കുക.,Labour & Employment,Low
தயவுசெய்து இதை சரி செய்யுங்கள். எங்கள் கிராமத்திற்கு அருகிலுள்ள ஆறு மாசடைந்துள்ளது,Environment & Forest,Medium
இந்த பிரச்சனையை கவனிக்கவும்: மழைக்காலத்தில் சாலை மிகவும் ஆபத்தாகிறது தயவுசெய்து இந்த பிரச்சனையை தீர்க்கவும்.,Roads & Highways,Low
ദയവായി സഹായിക്കണം. എന്റെ പ്രസവാനുകൂല്യ അപേക്ഷ പരിഗണനയിലാണ് ദയവായി ഈ വിഷയം പരിശോധിക്കുക.,Women & Child Welfare,High
தயவுசெய்து உதவுங்கள். எனது தொழிலாளர் பதிவு விண்ணப்பம் நிலுவையில் உள்ளது,Labour & Employment,Medium
எங்கள் அரசுப் பள்ளியில் கணினிகள் இல்லை,Education,High
இந்த பிரச்சனையை கவனிக்கவும்: அரசு கட்டிடத்தின் வடிகால் பழுதுபார்க்க வேண்டும் தயவுசெய்து தேவையான நடவடிக்கை எடுக்கவும்.,Public Works,Low
Please help. I need to update my ration card details Please look into this matter.,Food & Civil Supplies,Low
The bus shelter is damaged Please take necessary action.,Transport,Medium
தயவுசெய்து உதவுங்கள். எங்கள் தெருவில் குப்பை சேகரிக்கப்படவில்லை தயவுசெய்து தேவையான நடவடிக்கை எடுக்கவும்.,Waste Management,Low
ദയവായി സഹായിക്കണം. വെള്ള വിതരണ സമയക്രമം പാലിക്കുന്നില്ല,Water Services,Medium
பெண்கள் நலத்துறையின் உதவி வேண்டும்,Women & Child Welfare,Medium
The public toilet in our locality is not maintained Please look into this matter.,Municipal Corporation,Medium
कृपया इस समस्या को देखें: मेरा वाहन चोरी हो गया है कृपया इस समस्या का समाधान करें।,Police,Critical
தயவுசெய்து உதவுங்கள். எனது வருவாய் சான்றிதழ் வழங்கப்படவில்லை தயவுசெய்து தேவையான நடவடிக்கை எடுக்கவும்.,Revenue & Land Records,Medium
कृपया मदद करें। मेरे लाभार्थी विवरण गलत हैं कृपया इस मामले को देखें।,Social Welfare,Medium
कृपया मदद करें। सरकारी ऑनलाइन पोर्टल काम नहीं कर रहा है,e-Governance,Medium
ഈ പ്രശ്നത്തെക്കുറിച്ച് പരാതി നൽകുന്നു: വെള്ള വിതരണ സമയക്രമം പാലിക്കുന്നില്ല ദയവായി ഈ വിഷയം പരിശോധിക്കുക.,Water Services,Medium
தயவுசெய்து இதை சரி செய்யுங்கள். தண்ணீர் விநியோக அட்டவணை பின்பற்றப்படவில்லை தயவுசெய்து இந்த பிரச்சனையை தீர்க்கவும்.,Water Services,Low
Kindly look into this: The government building drainage needs repair Kindly resolve this issue.,Public Works,High
इस समस्या पर ध्यान दें: हमारे इलाके में अवैध रूप से पेड़ काटे जा रहे हैं कृपया इस मामले को देखें।,Environment & Forest,High
मैं शिकायत करना चाहता हूं कि हमारा बिजली कनेक्शन बार बार बंद हो रहा है कृपया इस मामले को देखें।,Electricity,Medium
I want to report that I need information about government housing Kindly resolve this issue.,Housing,Low
I want to report that The health centre is overcrowded,Health,Medium
தயவுசெய்து இதை சரி செய்யுங்கள். கிராம நலத்திட்டம் நிலுவையில் உள்ளது தயவுசெய்து இந்த பிரச்சனையை தீர்க்கவும்.,Rural Development / Panchayat,High
Please help. Our area does not have enough bus services Please look into this matter.,Transport,High
ഈ പ്രശ്നം ശ്രദ്ധിക്കുക: വനത്തിന് സമീപം അനധികൃതമായി മാലിന്യം തള്ളുന്നു ദയവായി ഈ പ്രശ്നം പരിഹരിക്കുക.,Environment & Forest,High
I need assistance from the women welfare department Please look into this matter.,Women & Child Welfare,Medium
Please help. I cannot download my government certificate Please take necessary action.,e-Governance,Low
கழிவுநீர் குழாய் அடைத்துள்ளது தயவுசெய்து தேவையான நடவடிக்கை எடுக்கவும்.,Drainage & Sewerage,Medium
हमारे क्षेत्र के पास तेज रासायनिक गंध है,Environment & Forest,High
ദയവായി സഹായിക്കണം. ഞങ്ങളുടെ വാർഡിലെ പൊതു സൗകര്യത്തിന് അറ്റകുറ്റപ്പണി ആവശ്യമാണ് ദയവായി ഈ വിഷയം പരിശോധിക്കുക.,Municipal Corporation,Medium
Kindly look into this: The land registration process has been delayed Please take necessary action.,Revenue & Land Records,Medium
என் வீட்டின் அருகிலுள்ள கழிவுநீர் குழாய் அடைத்துள்ளது தயவுசெய்து இந்த பிரச்சனையை தீர்க்கவும்.,Drainage & Sewerage,Medium
இந்த பிரச்சனையை கவனிக்கவும்: எனது நலத்திட்ட விண்ணப்பம் நிலுவையில் உள்ளது இந்த பிரச்சனையை கவனிக்கவும்.,Social Welfare,Medium
தயவுசெய்து இதை சரி செய்யுங்கள். பயிர் இழப்புக்கு உதவி தேவை இந்த பிரச்சனையை கவனிக்கவும்.,Agriculture,Low
இந்த பிரச்சனையை கவனிக்கவும்: மழைக்காலத்தில் சாலை மிகவும் ஆபத்தாகிறது,Roads & Highways,High
ദയവായി സഹായിക്കണം. ട്രാൻസ്പോർട്ട് പാസ് അപേക്ഷ വൈകുകയാണ് ദയവായി ഈ പ്രശ്നം പരിഹരിക്കുക.,Transport,High
கழிவுநீரால் துர்நாற்றம் ஏற்படுகிறது இந்த பிரச்சனையை கவனிக்கவும்.,Drainage & Sewerage,High
தயவுசெய்து உதவுங்கள். ஆன்லைன் குடிமக்கள் சேவையை அணுக முடியவில்லை தயவுசெய்து தேவையான நடவடிக்கை எடுக்கவும்.,e-Governance,Medium
அரசு பேருந்து அட்டவணையை பின்பற்றவில்லை தயவுசெய்து இந்த பிரச்சனையை தீர்க்கவும்.,Transport,Medium
इस समस्या पर ध्यान दें: पंचायत विकास निधि का उपयोग नहीं किया गया है,Rural Development / Panchayat,Medium
I would like to complain that Farmers have not received crop insurance support Please take necessary action.,Agriculture,Medium
इस समस्या पर ध्यान दें: मेरे लाभार्थी विवरण गलत हैं कृपया इस मामले को देखें।,Social Welfare,Low
தயவுசெய்து உதவுங்கள். அரசு இணையதளம் மிகவும் மெதுவாக உள்ளது,e-Governance,Medium
இந்த பிரச்சனையை கவனிக்கவும்: வனப்பகுதி ஆக்கிரமிக்கப்படுகிறது இந்த பிரச்சனையை கவனிக்கவும்.,Environment & Forest,Low
Please help. The village road development work is incomplete,Rural Development / Panchayat,High
Kindly look into this: Dirty water is coming through the public pipeline,Water Services,Low
कृपया मदद करें। अस्पताल की फार्मेसी में दवाइयां नहीं हैं,Health,Medium
இந்த பிரச்சனை குறித்து புகார் அளிக்கிறேன்: எனது மருத்துவ அறிக்கை தாமதமாகியுள்ளது தயவுசெய்து இந்த பிரச்சனையை தீர்க்கவும்.,Health,Medium
My unemployment assistance application is pending,Labour & Employment,High
इस समस्या पर ध्यान दें: पंचायत कार्यालय ने हमारी शिकायत का जवाब नहीं दिया कृपया इस समस्या का समाधान करें।,Rural Development / Panchayat,Low
എന്റെ ഓൺലൈൻ അപേക്ഷയുടെ സ്ഥിതി മാറിയിട്ടില്ല ദയവായി ഈ വിഷയം പരിശോധിക്കുക.,e-Governance,Medium
ദയവായി ഇത് പരിഹരിക്കുക. ഞങ്ങളുടെ തെരുവിന് സമീപമുള്ള ഡ്രെയിനേജ് പൈപ്പ് പൊട്ടിയിട്ടുണ്ട് ദയവായി ആവശ്യമായ നടപടി സ്വീകരിക്കുക.,Drainage & Sewerage,Low
I would like to complain that My family member is missing from the ration card Please take necessary action.,Food & Civil Supplies,Medium
I want to report that My online application status has not changed,e-Governance,Medium
कृपया मदद करें। मुझे आवास योजना का लाभ अभी तक नहीं मिला है कृपया इस मामले को देखें।,Housing,Low
मैं शिकायत करना चाहता हूं कि कीटों के कारण मेरी फसल खराब हो गई है कृपया इस समस्या का समाधान करें।,Agriculture,High
मैं शिकायत करना चाहता हूं कि पंचायत ने गांव की सुविधाओं की मरम्मत नहीं की है कृपया इस समस्या का समाधान करें।,Rural Development / Panchayat,High
कृपया मदद करें। सड़क के पास बिजली का तार खतरनाक तरीके से लटक रहा है कृपया इस समस्या का समाधान करें।,Electricity,High
मैं शिकायत करना चाहता हूं कि मेरा किफायती आवास आवेदन लंबित है कृपया इस मामले को देखें।,Housing,Medium
ഈ പ്രശ്നത്തെക്കുറിച്ച് പരാതി നൽകുന്നു: പൊതു കെട്ടിടത്തിന്റെ ചുമരുകളിൽ വിള്ളലുകൾ ഉണ്ട് ദയവായി ഈ വിഷയം പരിശോധിക്കുക.,Public Works,High
தயவுசெய்து இதை சரி செய்யுங்கள். பூச்சிகளால் எனது பயிர் சேதமடைந்துள்ளது தயவுசெய்து தேவையான நடவடிக்கை எடுக்கவும்.,Agriculture,Medium
I need a copy of the land survey map Please take necessary action.,Revenue & Land Records,Low
इस समस्या पर ध्यान दें: सड़क की मरम्मत का काम देर से हो रहा है,Roads & Highways,Medium
தயவுசெய்து இதை சரி செய்யுங்கள். எங்கள் பகுதியில் அடிக்கடி மின்னழுத்த ஏற்ற இறக்கம் ஏற்படுகிறது இந்த பிரச்சனையை கவனிக்கவும்.,Electricity,Medium
இந்த பிரச்சனையை கவனிக்கவும்: பள்ளி நூலகத்தில் போதுமான புத்தகங்கள் இல்லை தயவுசெய்து இந்த பிரச்சனையை தீர்க்கவும்.,Education,High
कृपया इस समस्या को देखें: किसानों को सिंचाई का पानी नहीं मिल रहा है,Agriculture,Critical
இந்த பிரச்சனையை கவனிக்கவும்: ஊராட்சி கிராம வசதிகளை பழுதுபார்க்கவில்லை,Rural Development / Panchayat,High
Kindly look into this: The ration shop is not providing rice Please take necessary action.,Food & Civil Supplies,High
குழந்தைகள் பாதுகாப்பு சேவை பதிலளிக்கவில்லை தயவுசெய்து இந்த பிரச்சனையை தீர்க்கவும்.,Women & Child Welfare,High
எனது கல்வி உதவித்தொகை இன்னும் வரவில்லை தயவுசெய்து தேவையான நடவடிக்கை எடுக்கவும்.,Education,High
I want to report that The transport pass application is delayed,Transport,High
தயவுசெய்து உதவுங்கள். எங்கள் வார்டில் உள்ள பொது வசதிக்கு பராமரிப்பு தேவை இந்த பிரச்சனையை கவனிக்கவும்.,Municipal Corporation,High
मैं शिकायत करना चाहता हूं कि मुझे श्रमिक के रूप में पंजीकरण करने में सहायता चाहिए,Labour & Employment,Low
मैं शिकायत करना चाहता हूं कि सरकारी कार्यालय की इमारत की मरम्मत की जरूरत है कृपया आवश्यक कार्रवाई करें।,Public Works,Low
कृपया मदद करें। हमारे गांव के पास की नदी प्रदूषित है कृपया इस समस्या का समाधान करें।,Environment & Forest,Low
The road near our village is full of potholes Kindly resolve this issue.,Roads & Highways,Low
தயவுசெய்து உதவுங்கள். சாக்கடையில் இருந்து கழிவுநீர் வெளியேறுகிறது இந்த பிரச்சனையை கவனிக்கவும்.,Drainage & Sewerage,High
ഞങ്ങളുടെ ഗ്രാമത്തിന് സമീപമുള്ള റോഡ് കുഴികളാൽ നിറഞ്ഞിരിക്കുന്നു ദയവായി ഈ പ്രശ്നം പരിഹരിക്കുക.,Roads & Highways,High
இந்த பிரச்சனை குறித்து புகார் அளிக்கிறேன்: எங்கள் குடியிருப்பு பகுதியில் நகராட்சி சேவைகள் மேம்பட வேண்டும் தயவுசெய்து இந்த பிரச்சனையை தீர்க்கவும்.,Municipal Corporation,Medium
தயவுசெய்து உதவுங்கள். குழந்தைகள் பாதுகாப்பு சேவை பதிலளிக்கவில்லை,Women & Child Welfare,Medium
இந்த பிரச்சனை குறித்து புகார் அளிக்கிறேன்: எங்கள் தெருவில் குப்பை சேகரிக்கப்படவில்லை இந்த பிரச்சனையை கவனிக்கவும்.,Waste Management,Low
ദയവായി ഇത് പരിഹരിക്കുക. പൊതു ബസിൽ പതിവായി വലിയ തിരക്കാണ് ദയവായി ഈ വിഷയം പരിശോധിക്കുക.,Transport,High
ഞങ്ങളുടെ പ്രദേശത്തെ സീവർ ലൈൻ അടഞ്ഞിരിക്കുന്നു ദയവായി ആവശ്യമായ നടപടി സ്വീകരിക്കുക.,Drainage & Sewerage,Low
தயவுசெய்து இதை சரி செய்யுங்கள். சேதமடைந்த சாலையால் விபத்துகள் ஏற்படுகின்றன,Roads & Highways,High
मैं शिकायत करना चाहता हूं कि हमारे स्कूल के पास खतरनाक तरीके से वाहन चलाए जा रहे हैं कृपया इस मामले को देखें।,Police,Critical
I would like to complain that My land mutation application is pending Kindly resolve this issue.,Revenue & Land Records,Medium
कृपया इस समस्या को देखें: कल से हमारे इलाके में बिजली की आपूर्ति नहीं है,Electricity,High
Kindly look into this: My child welfare application has been delayed Kindly resolve this issue.,Women & Child Welfare,High
Our village community hall needs maintenance,Rural Development / Panchayat,Low
Kindly look into this: The child protection service is not responding Please look into this matter.,Women & Child Welfare,Medium
இந்த பிரச்சனையை கவனிக்கவும்: கழிவுநீர் மேன்ஹோல் நிரம்பி வழிகிறது தயவுசெய்து இந்த பிரச்சனையை தீர்க்கவும்.,Drainage & Sewerage,Medium
The bus service to our village has been reduced Please look into this matter.,Transport,Medium
ദയവായി ഇത് പരിഹരിക്കുക. ഞങ്ങളുടെ പ്രദേശത്ത് ദിവസവും വൈദ്യുതി മുടങ്ങുന്നു ദയവായി ആവശ്യമായ നടപടി സ്വീകരിക്കുക.,Electricity,High
ദയവായി സഹായിക്കണം. ന്യായവില കട ജോലി സമയത്ത് തുറക്കുന്നില്ല,Food & Civil Supplies,Medium
मैं शिकायत करना चाहता हूं कि ग्रामीण विकास परियोजना बंद हो गई है कृपया आवश्यक कार्रवाई करें।,Rural Development / Panchayat,High
हमारे घर के बाहर सीवेज का पानी जमा है कृपया इस मामले को देखें।,Drainage & Sewerage,Medium
இந்த பிரச்சனை குறித்து புகார் அளிக்கிறேன்: எனது விவசாய மானிய விண்ணப்பம் நிலுவையில் உள்ளது இந்த பிரச்சனையை கவனிக்கவும்.,Agriculture,Medium
ദയവായി ഇത് പരിഹരിക്കുക. വൈദ്യുതി മുടങ്ങിയതിന് ശേഷം വിതരണം പുനഃസ്ഥാപിച്ചിട്ടില്ല ദയവായി ആവശ്യമായ നടപടി സ്വീകരിക്കുക.,Electricity,High
தயவுசெய்து இதை சரி செய்யுங்கள். வீட்டு துறை பதிலளிக்கவில்லை தயவுசெய்து தேவையான நடவடிக்கை எடுக்கவும்.,Housing,Medium
The rural welfare project is pending Please look into this matter.,Rural Development / Panchayat,Medium
இந்த பிரச்சனை குறித்து புகார் அளிக்கிறேன்: அரசு சுகாதார மையத்தில் மருத்துவர் இல்லை,Health,Low
ഈ പ്രശ്നത്തെക്കുറിച്ച് പരാതി നൽകുന്നു: സർക്കാർ കെട്ടിടത്തിന്റെ മേൽക്കൂരയിൽ ചോർച്ചയുണ്ട് ദയവായി ഈ വിഷയം പരിശോധിക്കുക.,Public Works,High
I would like to complain that There is illegal activity near our street Please take necessary action.,Police,High
आवास योजना की लाभार्थी सूची गलत है कृपया आवश्यक कार्रवाई करें।,Housing,High
தயவுசெய்து உதவுங்கள். மேல்நிலை நீர்த்தேக்க தொட்டிக்கு தண்ணீர் வரவில்லை,Water Services,Low
I want to report that I need information about government housing Please take necessary action.,Housing,Medium
मैं शिकायत करना चाहता हूं कि कल से हमारे इलाके में बिजली की आपूर्ति नहीं है कृपया इस समस्या का समाधान करें।,Electricity,Medium
ഈ പ്രശ്നത്തെക്കുറിച്ച് പരാതി നൽകുന്നു: റേഷൻ കടയിലെ ഭക്ഷ്യസാധനങ്ങൾ മതിയായിട്ടില്ല ദയവായി ഈ വിഷയം പരിശോധിക്കുക.,Food & Civil Supplies,Low
தயவுசெய்து இதை சரி செய்யுங்கள். எனது தொழிலாளர் நல விண்ணப்பம் செயல்படுத்தப்படவில்லை இந்த பிரச்சனையை கவனிக்கவும்.,Labour & Employment,Low
എന്റെ സർക്കാർ സർട്ടിഫിക്കറ്റ് ഡൗൺലോഡ് ചെയ്യാൻ കഴിയുന്നില്ല,e-Governance,Medium
I would like to complain that There is a dispute that requires police assistance Kindly resolve this issue.,Police,Medium
Waste collection has been irregular in our neighborhood Please look into this matter.,Waste Management,Medium
இந்த பிரச்சனை குறித்து புகார் அளிக்கிறேன்: எனது மலிவு விலை வீட்டு விண்ணப்பம் நிலுவையில் உள்ளது,Housing,Low
The road repair work has been delayed,Roads & Highways,Medium
ഈ പ്രശ്നത്തെക്കുറിച്ച് പരാതി നൽകുന്നു: കീടങ്ങൾ കാരണം എന്റെ വിള നശിച്ചു,Agriculture,Medium
मैं शिकायत करना चाहता हूं कि सार्वजनिक बस में अक्सर बहुत भीड़ होती है कृपया इस समस्या का समाधान करें।,Transport,Medium
Please help. My beneficiary details are incorrect Please look into this matter.,Social Welfare,Low
कृपया इस समस्या को देखें: कल से हमारी सड़क पर पानी नहीं आया है कृपया इस मामले को देखें।,Water Services,Critical
मुझे महिला कल्याण विभाग से सहायता चाहिए कृपया आवश्यक कार्रवाई करें।,Women & Child Welfare,Medium
Please help. Wastewater is overflowing onto the street,Drainage & Sewerage,Medium
इस समस्या पर ध्यान दें: हमारी सड़क के पास ड्रेनेज पाइप टूट गया है कृपया इस मामले को देखें।,Drainage & Sewerage,High
इस समस्या पर ध्यान दें: एक विवाद में पुलिस की सहायता चाहिए,Police,Low
இந்த பிரச்சனை குறித்து புகார் அளிக்கிறேன்: எங்கள் பகுதியில் கடுமையான ரசாயன வாசனை உள்ளது தயவுசெய்து தேவையான நடவடிக்கை எடுக்கவும்.,Environment & Forest,Low
ദയവായി ഇത് പരിഹരിക്കുക. എന്റെ സ്കോളർഷിപ്പ് അപേക്ഷ പരിഗണനയിൽ ആണ് ദയവായി ആവശ്യമായ നടപടി സ്വീകരിക്കുക.,Education,Medium
Kindly look into this: Our neighborhood experiences daily power cuts Please look into this matter.,Electricity,Medium
कृपया मदद करें। खराब सड़क के कारण दुर्घटनाएं हो रही हैं कृपया इस मामले को देखें।,Roads & Highways,High
कृपया इस समस्या को देखें: सड़क के पास बिजली का तार खतरनाक तरीके से लटक रहा है,Electricity,High
இந்த பிரச்சனையை கவனிக்கவும்: எனது நில மாற்ற விண்ணப்பம் நிலுவையில் உள்ளது தயவுசெய்து இந்த பிரச்சனையை தீர்க்கவும்.,Revenue & Land Records,Medium
ഈ പ്രശ്നം ശ്രദ്ധിക്കുക: അനുവദിച്ച ഭവന തുക ഇതുവരെ ലഭിച്ചിട്ടില്ല ദയവായി ഈ പ്രശ്നം പരിഹരിക്കുക.,Housing,Medium
There is frequent voltage fluctuation in our locality Kindly resolve this issue.,Electricity,Medium
ദയവായി സഹായിക്കണം. എന്റെ ഭവന സഹായ അപേക്ഷ പരിഗണനയിലാണ് ദയവായി ഈ പ്രശ്നം പരിഹരിക്കുക.,Housing,Medium
मैं शिकायत करना चाहता हूं कि मेरी छात्रवृत्ति की राशि अभी तक नहीं मिली है कृपया इस समस्या का समाधान करें।,Education,Medium
இந்த பிரச்சனையை கவனிக்கவும்: எங்கள் தெருவிற்கு குடிநீர் வரவில்லை,Water Services,Low
I would like to complain that The government clinic is not open during working hours Kindly resolve this issue.,Health,Medium
मैं अपना सरकारी प्रमाणपत्र डाउनलोड नहीं कर सकता कृपया आवश्यक कार्रवाई करें।,e-Governance,High
मुझे सामाजिक कल्याण योजनाओं की जानकारी चाहिए कृपया इस मामले को देखें।,Social Welfare,High
Please help. My ration card application is pending Kindly resolve this issue.,Food & Civil Supplies,High
இந்த பிரச்சனையை கவனிக்கவும்: எங்கள் பகுதியில் உள்ள பூங்கா சரியாக பராமரிக்கப்படவில்லை தயவுசெய்து இந்த பிரச்சனையை தீர்க்கவும்.,Municipal Corporation,High
இந்த பிரச்சனை குறித்து புகார் அளிக்கிறேன்: வேளாண் அதிகாரி எங்கள் கிராமத்திற்கு வரவில்லை இந்த பிரச்சனையை கவனிக்கவும்.,Agriculture,Low
தயவுசெய்து இதை சரி செய்யுங்கள். எங்கள் வார்டில் உள்ள பொது வசதிக்கு பராமரிப்பு தேவை இந்த பிரச்சனையை கவனிக்கவும்.,Municipal Corporation,Medium
தயவுசெய்து இதை சரி செய்யுங்கள். அரசு வீட்டு திட்டம் குறித்து தகவல் வேண்டும் தயவுசெய்து தேவையான நடவடிக்கை எடுக்கவும்.,Housing,Medium
I want to report that Our school lacks proper classroom facilities Please take necessary action.,Education,Low
தயவுசெய்து இதை சரி செய்யுங்கள். எங்கள் தெருவின் அருகே கழிவுநீர் குழாய் உடைந்துள்ளது இந்த பிரச்சனையை கவனிக்கவும்.,Drainage & Sewerage,High
The agriculture officer has not visited our village Please look into this matter.,Agriculture,Medium
Please help. The college has not issued my certificate,Education,Medium
ഞങ്ങളുടെ വാർഡിലെ പൊതു സൗകര്യത്തിന് അറ്റകുറ്റപ്പണി ആവശ്യമാണ്,Municipal Corporation,Medium
कृपया मदद करें। हमारे गांव में बेहतर सार्वजनिक सुविधाओं की जरूरत है कृपया आवश्यक कार्रवाई करें।,Rural Development / Panchayat,High
इस समस्या पर ध्यान दें: कल से हमारे इलाके में बिजली की आपूर्ति नहीं है कृपया आवश्यक कार्रवाई करें।,Electricity,High
I want to report that The ration shop is not providing rice Kindly resolve this issue.,Food & Civil Supplies,High
Kindly look into this: The rural development project has stopped,Rural Development / Panchayat,Medium
ദയവായി ഇത് പരിഹരിക്കുക. സർക്കാർ ഹോസ്റ്റലിൽ മികച്ച സൗകര്യങ്ങൾ ആവശ്യമാണ് ദയവായി ആവശ്യമായ നടപടി സ്വീകരിക്കുക.,Education,Medium
इस समस्या पर ध्यान दें: किसानों को फसल बीमा सहायता नहीं मिली है,Agriculture,Medium
कृपया मदद करें। सार्वजनिक भवन के दरवाजे खराब हैं,Public Works,High
I would like to complain that I need help registering as a worker Please look into this matter.,Labour & Employment,Medium
தயவுசெய்து உதவுங்கள். சுகாதார மையத்தில் அதிக கூட்டம் உள்ளது தயவுசெய்து இந்த பிரச்சனையை தீர்க்கவும்.,Health,High
കർഷകർക്ക് വിള ഇൻഷുറൻസ് സഹായം ലഭിച്ചിട്ടില്ല,Agriculture,High
ഈ പ്രശ്നത്തെക്കുറിച്ച് പരാതി നൽകുന്നു: ഗ്രാമ റോഡ് വികസന പ്രവർത്തനം പൂർത്തിയായിട്ടില്ല ദയവായി ആവശ്യമായ നടപടി സ്വീകരിക്കുക.,Rural Development / Panchayat,Medium
मैं शिकायत करना चाहता हूं कि मेरे ऑनलाइन आवेदन की स्थिति नहीं बदली है कृपया इस मामले को देखें।,e-Governance,High
ഒരു ഫാക്ടറി ഗുരുതരമായ വായു മലിനീകരണം ഉണ്ടാക്കുന്നു ദയവായി ഈ വിഷയം പരിശോധിക്കുക.,Environment & Forest,Medium
मैं शिकायत करना चाहता हूं कि मैं ऑनलाइन नागरिक सेवा का उपयोग नहीं कर पा रहा हूं,e-Governance,Medium
ദയവായി സഹായിക്കണം. സർക്കാർ ഓൺലൈൻ പോർട്ടൽ പ്രവർത്തിക്കുന്നില്ല ദയവായി ഈ വിഷയം പരിശോധിക്കുക.,e-Governance,Low
कृपया इस समस्या को देखें: सरकारी भवन के जल निकासी सिस्टम की मरम्मत चाहिए कृपया आवश्यक कार्रवाई करें।,Public Works,Medium
ദയവായി സഹായിക്കണം. എന്റെ കുട്ടിയുടെ ക്ഷേമ അപേക്ഷ വൈകിയിരിക്കുന്നു ദയവായി ഈ വിഷയം പരിശോധിക്കുക.,Women & Child Welfare,Low
தயவுசெய்து இதை சரி செய்யுங்கள். எனது மாற்றுத்திறனாளர் உதவித்தொகை தாமதமாகியுள்ளது தயவுசெய்து இந்த பிரச்சனையை தீர்க்கவும்.,Social Welfare,Low
ஊராட்சி வளர்ச்சி நிதி பயன்படுத்தப்படவில்லை இந்த பிரச்சனையை கவனிக்கவும்.,Rural Development / Panchayat,Medium
ട്രാൻസ്പോർട്ട് പാസ് അപേക്ഷ വൈകുകയാണ് ദയവായി ഈ പ്രശ്നം പരിഹരിക്കുക.,Transport,Medium
ദയവായി സഹായിക്കണം. എന്റെ സർക്കാർ സർട്ടിഫിക്കറ്റ് ഡൗൺലോഡ് ചെയ്യാൻ കഴിയുന്നില്ല ദയവായി ആവശ്യമായ നടപടി സ്വീകരിക്കുക.,e-Governance,Low
ദയവായി ഇത് പരിഹരിക്കുക. വീട്ടുമാലിന്യം വീടുകൾക്ക് സമീപം കെട്ടിക്കിടക്കുന്നു ദയവായി ആവശ്യമായ നടപടി സ്വീകരിക്കുക.,Waste Management,High
The rural development project has stopped,Rural Development / Panchayat,Low
Kindly look into this: I cannot submit my application online Please take necessary action.,e-Governance,Medium
Kindly look into this: There are no beds available in the public hospital Kindly resolve this issue.,Health,High
मेरी संपत्ति के सर्वेक्षण विवरण गलत हैं,Revenue & Land Records,Low
ഞങ്ങളുടെ വാർഡിലെ പൊതു സൗകര്യത്തിന് അറ്റകുറ്റപ്പണി ആവശ്യമാണ് ദയവായി ആവശ്യമായ നടപടി സ്വീകരിക്കുക.,Municipal Corporation,Low
Kindly look into this: There is a suspicious person near our residential area Please look into this matter.,Police,Medium
இந்த பிரச்சனை குறித்து புகார் அளிக்கிறேன்: எனது மாதாந்திர ஓய்வூதியம் கிடைக்கவில்லை தயவுசெய்து இந்த பிரச்சனையை தீர்க்கவும்.,Social Welfare,Medium
कृपया मदद करें। सड़क के किनारे खुले में कचरा पड़ा है,Waste Management,Medium
मैं शिकायत करना चाहता हूं कि मुझे भूमि सर्वेक्षण मानचित्र की प्रति चाहिए कृपया इस मामले को देखें।,Revenue & Land Records,Medium
Kindly look into this: There is a large pothole on the main road,Roads & Highways,High
मैं शिकायत करना चाहता हूं कि पंचायत कार्यालय ने हमारी शिकायत का जवाब नहीं दिया कृपया आवश्यक कार्रवाई करें।,Rural Development / Panchayat,High
कृपया मदद करें। पानी की आपूर्ति का समय निर्धारित तरीके से नहीं है कृपया इस समस्या का समाधान करें।,Water Services,Medium
டிஜிட்டல் அரசு சேவை கிடைக்கவில்லை,e-Governance,Medium
Please help. My online application status has not changed Please take necessary action.,e-Governance,Medium
Kindly look into this: The sewer line in our area is blocked Please look into this matter.,Drainage & Sewerage,High
ദയവായി ഇത് പരിഹരിക്കുക. സർക്കാർ ബസ് സമയക്രമം പാലിക്കുന്നില്ല ദയവായി ഈ വിഷയം പരിശോധിക്കുക.,Transport,Medium
தயவுசெய்து இதை சரி செய்யுங்கள். தொழிற்சாலையில் இருந்து அதிக புகை வருகிறது,Environment & Forest,Medium
I want to report that I need to update my land ownership record Please take necessary action.,Revenue & Land Records,High
मैं शिकायत करना चाहता हूं कि मेरे राशन कार्ड में गलत जानकारी है,Food & Civil Supplies,Medium
I would like to complain that My ration card application is pending Kindly resolve this issue.,Food & Civil Supplies,Medium
இந்த பிரச்சனை குறித்து புகார் அளிக்கிறேன்: அரசு விடுதிக்கு சிறந்த வசதிகள் தேவை தயவுசெய்து இந்த பிரச்சனையை தீர்க்கவும்.,Education,High
தயவுசெய்து இதை சரி செய்யுங்கள். எங்கள் கிராமத்திற்கு அருகிலுள்ள சாலை பள்ளங்களால் நிறைந்துள்ளது,Roads & Highways,Medium
I would like to complain that The land registration process has been delayed Kindly resolve this issue.,Revenue & Land Records,Medium
இந்த பிரச்சனையை கவனிக்கவும்: எனது ரேஷன் அட்டை விண்ணப்பம் நிலுவையில் உள்ளது தயவுசெய்து தேவையான நடவடிக்கை எடுக்கவும்.,Food & Civil Supplies,Low
ദയവായി സഹായിക്കണം. എന്റെ വിദ്യാഭ്യാസ സർട്ടിഫിക്കറ്റ് ഇതുവരെ ലഭിച്ചിട്ടില്ല,Education,Medium
இந்த பிரச்சனை குறித்து புகார் அளிக்கிறேன்: எங்கள் வார்டில் உள்ள பொது வசதிக்கு பராமரிப்பு தேவை,Municipal Corporation,Medium
இந்த பிரச்சனையை கவனிக்கவும்: அரசு இணையதளம் மிகவும் மெதுவாக உள்ளது தயவுசெய்து தேவையான நடவடிக்கை எடுக்கவும்.,e-Governance,Low
सरकारी छात्रावास में बेहतर सुविधाओं की जरूरत है,Education,Medium
വ്യവസായ യൂണിറ്റിൽ നിന്ന് അമിതമായ പുക വരുന്നു,Environment & Forest,Medium
ദയവായി സഹായിക്കണം. സർക്കാർ പോർട്ടൽ വളരെ മന്ദഗതിയിലാണ്,e-Governance,High
இந்த பிரச்சனை குறித்து புகார் அளிக்கிறேன்: எனது கல்வி உதவித்தொகை இன்னும் வரவில்லை தயவுசெய்து தேவையான நடவடிக்கை எடுக்கவும்.,Education,High
I would like to complain that Industrial waste is entering the nearby water body Kindly resolve this issue.,Environment & Forest,Medium
कृपया इस समस्या को देखें: सार्वजनिक पाइपलाइन से गंदा पानी आ रहा है कृपया इस समस्या का समाधान करें।,Water Services,High
தயவுசெய்து உதவுங்கள். எனது மலிவு விலை வீட்டு விண்ணப்பம் நிலுவையில் உள்ளது,Housing,Medium
സർക്കാർ ബസുകൾ ക്രമമായി ഓടുന്നില്ല ദയവായി ആവശ്യമായ നടപടി സ്വീകരിക്കുക.,Transport,High
इस समस्या पर ध्यान दें: कल से हमारी सड़क पर पानी नहीं आया है कृपया इस समस्या का समाधान करें।,Water Services,Critical
ഞങ്ങളുടെ തെരുവിൽ നിന്ന് മാലിന്യം ശേഖരിക്കുന്നില്ല ദയവായി ഈ വിഷയം പരിശോധിക്കുക.,Waste Management,Medium
I would like to complain that The college has not issued my certificate Kindly resolve this issue.,Education,Medium
कृपया मदद करें। मेरे ऑनलाइन आवेदन की स्थिति नहीं बदली है कृपया आवश्यक कार्रवाई करें।,e-Governance,Low
தயவுசெய்து இதை சரி செய்யுங்கள். எங்கள் பகுதியில் குடிநீர் விநியோகம் இல்லை இந்த பிரச்சனையை கவனிக்கவும்.,Water Services,Low
Please help. The street cleaning schedule is not being followed Kindly resolve this issue.,Municipal Corporation,High
இந்த பிரச்சனை குறித்து புகார் அளிக்கிறேன்: எங்கள் பகுதியில் கழிவுநீர் குழாய் அடைத்துள்ளது தயவுசெய்து தேவையான நடவடிக்கை எடுக்கவும்.,Drainage & Sewerage,Medium
कृपया मदद करें। मुझे महिला कल्याण योजना में सहायता चाहिए कृपया इस मामले को देखें।,Women & Child Welfare,Medium
ദയവായി ഇത് പരിഹരിക്കുക. ഞങ്ങളുടെ വൈദ്യുതി കണക്ഷൻ ഇടയ്ക്കിടെ തടസ്സപ്പെടുന്നു ദയവായി ഈ വിഷയം പരിശോധിക്കുക.,Electricity,High
मैं ऑनलाइन नागरिक सेवा का उपयोग नहीं कर पा रहा हूं,e-Governance,Low
இந்த பிரச்சனையை கவனிக்கவும்: பொது கட்டிடத்தின் கதவுகள் சேதமடைந்துள்ளன,Public Works,Medium
ദയവായി ഇത് പരിഹരിക്കുക. പ്രധാന റോഡിൽ വലിയ കുഴിയുണ്ട് ദയവായി ഈ പ്രശ്നം പരിഹരിക്കുക.,Roads & Highways,Medium
எங்கள் அரசுப் பள்ளியில் கணினிகள் இல்லை தயவுசெய்து தேவையான நடவடிக்கை எடுக்கவும்.,Education,High
I would like to complain that Our school lacks proper classroom facilities Kindly resolve this issue.,Education,Medium
இந்த பிரச்சனையை கவனிக்கவும்: பொது போக்குவரத்து சேவைகள் குறித்து தகவல் வேண்டும்,Transport,Low
இந்த பிரச்சனை குறித்து புகார் அளிக்கிறேன்: எங்கள் வார்டில் உள்ள பொது வசதிக்கு பராமரிப்பு தேவை தயவுசெய்து தேவையான நடவடிக்கை எடுக்கவும்.,Municipal Corporation,Low
ഈ പ്രശ്നത്തെക്കുറിച്ച് പരാതി നൽകുന്നു: ന്യായവില കട ജോലി സമയത്ത് തുറക്കുന്നില്ല ദയവായി ആവശ്യമായ നടപടി സ്വീകരിക്കുക.,Food & Civil Supplies,High
മുനിസിപ്പൽ വെള്ള പൈപ്പ് കേടായിട്ടുണ്ട്,Water Services,High
எங்கள் பகுதியில் தெருவிளக்குகள் வேலை செய்யவில்லை தயவுசெய்து இந்த பிரச்சனையை தீர்க்கவும்.,Municipal Corporation,Medium
I want to report that My police complaint has not received a response,Police,High
ദയവായി ഇത് പരിഹരിക്കുക. എന്റെ ഭിന്നശേഷി സഹായ തുക വൈകിയിരിക്കുന്നു ദയവായി ഈ പ്രശ്നം പരിഹരിക്കുക.,Social Welfare,Medium
தயவுசெய்து உதவுங்கள். எங்கள் மின் இணைப்பு அடிக்கடி துண்டிக்கப்படுகிறது இந்த பிரச்சனையை கவனிக்கவும்.,Electricity,Medium
இந்த பிரச்சனை குறித்து புகார் அளிக்கிறேன்: எனது நலச் சான்றிதழ் வழங்கப்படவில்லை இந்த பிரச்சனையை கவனிக்கவும்.,Social Welfare,High
தயவுசெய்து இதை சரி செய்யுங்கள். நலத்திட்டத்திற்கு விண்ணப்பிக்க உதவி வேண்டும்,Social Welfare,High
Please help. My education certificate has not arrived Please look into this matter.,Education,High
The main road needs resurfacing Please look into this matter.,Roads & Highways,Medium
എന്റെ പ്രസവാനുകൂല്യ അപേക്ഷ പരിഗണനയിലാണ് ദയവായി ആവശ്യമായ നടപടി സ്വീകരിക്കുക.,Women & Child Welfare,Low
ഞങ്ങളുടെ വയലിലേക്കുള്ള ജലസേചന കനാൽ കേടായിട്ടുണ്ട് ദയവായി ആവശ്യമായ നടപടി സ്വീകരിക്കുക.,Agriculture,Low
कृपया इस समस्या को देखें: पंचायत विकास निधि का उपयोग नहीं किया गया है,Rural Development / Panchayat,Medium
मैं शिकायत करना चाहता हूं कि सरकारी बाल सहायता भुगतान लंबित है कृपया इस मामले को देखें।,Women & Child Welfare,High
Kindly look into this: I cannot download my government certificate,e-Governance,High
मेरी मेडिकल रिपोर्ट में देरी हो रही है कृपया इस मामले को देखें।,Health,Medium
ദയവായി സഹായിക്കണം. ഭവന പദ്ധതി അപേക്ഷയിൽ സഹായം വേണം ദയവായി ആവശ്യമായ നടപടി സ്വീകരിക്കുക.,Housing,Medium
ദയവായി ഇത് പരിഹരിക്കുക. സർക്കാർ പോർട്ടൽ വളരെ മന്ദഗതിയിലാണ് ദയവായി ഈ വിഷയം പരിശോധിക്കുക.,e-Governance,Medium
ഈ പ്രശ്നത്തെക്കുറിച്ച് പരാതി നൽകുന്നു: ഞങ്ങളുടെ വാർഡിലെ പൊതു സൗകര്യത്തിന് അറ്റകുറ്റപ്പണി ആവശ്യമാണ് ദയവായി ഈ പ്രശ്നം പരിഹരിക്കുക.,Municipal Corporation,High
Kindly look into this: The hospital lacks basic medical equipment Please take necessary action.,Health,Low
ഭവന പദ്ധതി ഗുണഭോക്തൃ പട്ടിക തെറ്റാണ് ദയവായി ആവശ്യമായ നടപടി സ്വീകരിക്കുക.,Housing,Medium
இந்த பிரச்சனை குறித்து புகார் அளிக்கிறேன்: எனது மலிவு விலை வீட்டு விண்ணப்பம் நிலுவையில் உள்ளது தயவுசெய்து இந்த பிரச்சனையை தீர்க்கவும்.,Housing,High
मैं शिकायत करना चाहता हूं कि किसानों को सिंचाई का पानी नहीं मिल रहा है,Agriculture,Critical
ഈ പ്രശ്നത്തെക്കുറിച്ച് പരാതി നൽകുന്നു: വൈദ്യുതി മുടങ്ങിയതിന് ശേഷം വിതരണം പുനഃസ്ഥാപിച്ചിട്ടില്ല ദയവായി ഈ പ്രശ്നം പരിഹരിക്കുക.,Electricity,Medium
मैं शिकायत करना चाहता हूं कि हमारी सड़क के पास अवैध गतिविधियां हो रही हैं कृपया इस समस्या का समाधान करें।,Police,Low
தயவுசெய்து இதை சரி செய்யுங்கள். உர விநியோகம் தாமதமாகியுள்ளது,Agriculture,Low
ദയവായി ഇത് പരിഹരിക്കുക. എന്റെ ഭൂമി മ്യൂട്ടേഷൻ അപേക്ഷ പരിഗണനയിലാണ്,Revenue & Land Records,Medium
Please help. There is no drinking water supply in our neighborhood Please look into this matter.,Water Services,High
कृपया मदद करें। मेरे राशन कार्ड में गलत जानकारी है कृपया इस समस्या का समाधान करें।,Food & Civil Supplies,Medium
ഈ പ്രശ്നത്തെക്കുറിച്ച് പരാതി നൽകുന്നു: എന്റെ തൊഴിലില്ലായ്മ സഹായ അപേക്ഷ പരിഗണനയിലാണ് ദയവായി ഈ പ്രശ്നം പരിഹരിക്കുക.,Labour & Employment,Low
I want to report that The electricity meter is not functioning correctly Kindly resolve this issue.,Electricity,Low
इस समस्या पर ध्यान दें: मुझे इस महीने का राशन नहीं मिला है कृपया आवश्यक कार्रवाई करें।,Food & Civil Supplies,Low
सरकारी कार्यालय में बिजली की मरम्मत की जरूरत है कृपया इस मामले को देखें।,Public Works,Medium
இந்த பிரச்சனை குறித்து புகார் அளிக்கிறேன்: நெடுஞ்சாலை மிகவும் சேதமடைந்துள்ளது,Roads & Highways,Low
பொது போக்குவரத்து சேவைகள் குறித்து தகவல் வேண்டும் தயவுசெய்து தேவையான நடவடிக்கை எடுக்கவும்.,Transport,Low
എന്റെ ഭിന്നശേഷി സഹായ തുക വൈകിയിരിക്കുന്നു ദയവായി ഈ വിഷയം പരിശോധിക്കുക.,Social Welfare,High
இந்த பிரச்சனையை கவனிக்கவும்: கல்லூரி எனது சான்றிதழை வழங்கவில்லை தயவுசெய்து இந்த பிரச்சனையை தீர்க்கவும்.,Education,High
കീടങ്ങൾ കാരണം എന്റെ വിള നശിച്ചു ദയവായി ഈ വിഷയം പരിശോധിക്കുക.,Agriculture,High
இந்த பிரச்சனை குறித்து புகார் அளிக்கிறேன்: சட்டவிரோத மர வெட்டலை புகார் செய்ய வேண்டும்,Environment & Forest,High
எனது மூத்த குடிமக்கள் நலத்தொகை நிலுவையில் உள்ளது,Social Welfare,Medium
தயவுசெய்து உதவுங்கள். பொது போக்குவரத்து சேவைகள் குறித்து தகவல் வேண்டும் தயவுசெய்து தேவையான நடவடிக்கை எடுக்கவும்.,Transport,High
ഞങ്ങളുടെ താമസ പ്രദേശത്തിന് സമീപം സംശയാസ്പദനായ ഒരാൾ ഉണ്ട്,Police,High
இந்த பிரச்சனையை கவனிக்கவும்: எங்கள் தெருவை நகராட்சி ஊழியர்கள் சுத்தம் செய்யவில்லை இந்த பிரச்சனையை கவனிக்கவும்.,Municipal Corporation,Medium
मैं शिकायत करना चाहता हूं कि हमारे स्कूल में उचित कक्षा सुविधाएं नहीं हैं कृपया इस समस्या का समाधान करें।,Education,Medium
Please help. The public bus is frequently overcrowded Please look into this matter.,Transport,Medium
ഈ പ്രശ്നത്തെക്കുറിച്ച് പരാതി നൽകുന്നു: ഞങ്ങളുടെ താമസ പ്രദേശത്ത് മികച്ച മുനിസിപ്പൽ സേവനങ്ങൾ ആവശ്യമാണ് ദയവായി ആവശ്യമായ നടപടി സ്വീകരിക്കുക.,Municipal Corporation,High
தயவுசெய்து உதவுங்கள். பொது தண்ணீர் குழாய் வேலை செய்யவில்லை தயவுசெய்து இந்த பிரச்சனையை தீர்க்கவும்.,Water Services,High
कृपया मदद करें। बिजली का मीटर ठीक से काम नहीं कर रहा है कृपया इस समस्या का समाधान करें।,Electricity,Medium
सरकारी भवन की छत से पानी टपक रहा है,Public Works,Medium
Kindly look into this: The nutrition service for children is unavailable Kindly resolve this issue.,Women & Child Welfare,High
ഈ പ്രശ്നം ശ്രദ്ധിക്കുക: ഗ്രാമ റോഡ് വികസന പ്രവർത്തനം പൂർത്തിയായിട്ടില്ല ദയവായി ഈ പ്രശ്നം പരിഹരിക്കുക.,Rural Development / Panchayat,Low
வீட்டு துறை பதிலளிக்கவில்லை இந்த பிரச்சனையை கவனிக்கவும்.,Housing,High
தயவுசெய்து உதவுங்கள். எனது புதிய ரேஷன் அட்டை வழங்கப்படவில்லை இந்த பிரச்சனையை கவனிக்கவும்.,Food & Civil Supplies,Low
Please help. A major pothole is blocking traffic Please take necessary action.,Roads & Highways,Low
ദയവായി സഹായിക്കണം. പൊതു ബസിൽ പതിവായി വലിയ തിരക്കാണ്,Transport,Medium
ഈ പ്രശ്നത്തെക്കുറിച്ച് പരാതി നൽകുന്നു: ഞങ്ങളുടെ തെരുവിന് സമീപമുള്ള ട്രാൻസ്ഫോർമറിൽ നിന്ന് വിചിത്രമായ ശബ്ദം കേൾക്കുന്നു,Electricity,Medium
इस समस्या पर ध्यान दें: सरकारी भवन में तत्काल रखरखाव की जरूरत है,Public Works,High
कृपया मदद करें। हमारे इलाके में पानी का दबाव बहुत कम है,Water Services,Medium
I want to report that The government child support payment is pending,Women & Child Welfare,Medium
कृपया इस समस्या को देखें: भूमिगत जल निकासी व्यवस्था बंद है कृपया इस समस्या का समाधान करें।,Drainage & Sewerage,Medium
हमारे क्षेत्र में पर्याप्त बस सेवाएं नहीं हैं कृपया इस समस्या का समाधान करें।,Transport,Low
There is dangerous driving near our school Kindly resolve this issue.,Police,High
இந்த பிரச்சனை குறித்து புகார் அளிக்கிறேன்: பொது கட்டிடத்தின் கதவுகள் சேதமடைந்துள்ளன தயவுசெய்து தேவையான நடவடிக்கை எடுக்கவும்.,Public Works,Low
मैं शिकायत करना चाहता हूं कि मेरे बिजली बिल में गलत रीडिंग दिखाई गई है,Electricity,Medium
इस समस्या पर ध्यान दें: गंदा अपशिष्ट पानी हमारे इलाके में आ रहा है कृपया इस मामले को देखें।,Drainage & Sewerage,Medium
ഈ പ്രശ്നം ശ്രദ്ധിക്കുക: പൊതു ഗതാഗത സേവനങ്ങളെക്കുറിച്ച് വിവരം വേണം ദയവായി ഈ വിഷയം പരിശോധിക്കുക.,Transport,Medium
இந்த பிரச்சனையை கவனிக்கவும்: எனது வேலைவாய்ப்பு சான்றிதழ் தாமதமாகியுள்ளது இந்த பிரச்சனையை கவனிக்கவும்.,Labour & Employment,Medium
ദയവായി ഇത് പരിഹരിക്കുക. ഗ്രാമ വികസന പദ്ധതി നിർത്തിവച്ചിരിക്കുന്നു ദയവായി ഈ വിഷയം പരിശോധിക്കുക.,Rural Development / Panchayat,Medium
தயவுசெய்து உதவுங்கள். ஒரு தொழிற்சாலை கடுமையான காற்று மாசை ஏற்படுத்துகிறது தயவுசெய்து இந்த பிரச்சனையை தீர்க்கவும்.,Environment & Forest,Low
പ്രധാന റോഡ് പുനർനിർമ്മിക്കണം,Roads & Highways,Medium
ഞങ്ങളുടെ പ്രദേശത്ത് ദിവസവും വൈദ്യുതി മുടങ്ങുന്നു ദയവായി ഈ വിഷയം പരിശോധിക്കുക.,Electricity,Low
कृपया मदद करें। हमारे गांव के पास की नदी प्रदूषित है कृपया आवश्यक कार्रवाई करें।,Environment & Forest,High
ഈ പ്രശ്നത്തെക്കുറിച്ച് പരാതി നൽകുന്നു: കോളേജ് എന്റെ സർട്ടിഫിക്കറ്റ് നൽകിയിട്ടില്ല ദയവായി ആവശ്യമായ നടപടി സ്വീകരിക്കുക.,Education,Low
कृपया मदद करें। मुझे श्रमिक कल्याण भुगतान नहीं मिला है कृपया इस मामले को देखें।,Labour & Employment,Medium
ഈ പ്രശ്നം ശ്രദ്ധിക്കുക: തെരുവ് ശുചീകരണ സമയക്രമം പാലിക്കുന്നില്ല ദയവായി ഈ പ്രശ്നം പരിഹരിക്കുക.,Municipal Corporation,High
മലിനജലം ഞങ്ങളുടെ പ്രദേശത്തേക്ക് ഒഴുകുന്നു,Drainage & Sewerage,High
தயவுசெய்து உதவுங்கள். எனது சொத்து பதிவில் பிழை உள்ளது,Revenue & Land Records,High
I would like to complain that I need help with a housing scheme application Please look into this matter.,Housing,Medium
ഈ പ്രശ്നം ശ്രദ്ധിക്കുക: എനിക്ക് പോലീസിൽ പരാതി നൽകണം,Police,High
The child care centre in our area is not functioning Please take necessary action.,Women & Child Welfare,Medium
தயவுசெய்து இதை சரி செய்யுங்கள். எங்கள் பகுதியில் உள்ள பூங்கா பயன்படுத்த முடியாத நிலையில் உள்ளது,Municipal Corporation,Medium
ദയവായി സഹായിക്കണം. ഞങ്ങളുടെ വാർഡിലെ പൊതു സൗകര്യത്തിന് അറ്റകുറ്റപ്പണി ആവശ്യമാണ് ദയവായി ആവശ്യമായ നടപടി സ്വീകരിക്കുക.,Municipal Corporation,Medium
I want to report that The municipal water pipeline is damaged Please take necessary action.,Water Services,Medium
ദയവായി ഇത് പരിഹരിക്കുക. പൊതു കുടിവെള്ള പൈപ്പിൽ ചോർച്ചയുണ്ട് ദയവായി ഈ പ്രശ്നം പരിഹരിക്കുക.,Water Services,Low
इस समस्या पर ध्यान दें: मुझे कल्याण योजना के लिए आवेदन करने में सहायता चाहिए कृपया इस समस्या का समाधान करें।,Social Welfare,High
குப்பை தொட்டிகள் நிரம்பி உள்ளன தயவுசெய்து தேவையான நடவடிக்கை எடுக்கவும்.,Waste Management,Medium
இந்த பிரச்சனை குறித்து புகார் அளிக்கிறேன்: எங்கள் பகுதியில் கடுமையான ரசாயன வாசனை உள்ளது இந்த பிரச்சனையை கவனிக்கவும்.,Environment & Forest,High
I have not received my housing scheme benefit Kindly resolve this issue.,Housing,Low
എന്റെ സർക്കാർ സർട്ടിഫിക്കറ്റ് ഡൗൺലോഡ് ചെയ്യാൻ കഴിയുന്നില്ല ദയവായി ഈ വിഷയം പരിശോധിക്കുക.,e-Governance,Medium
Kindly look into this: I cannot submit my application online Kindly resolve this issue.,e-Governance,Low
I would like to complain that There are no beds available in the public hospital Please take necessary action.,Health,High
எனது அரசு சான்றிதழை பதிவிறக்கம் செய்ய முடியவில்லை இந்த பிரச்சனையை கவனிக்கவும்.,e-Governance,Medium
इस समस्या पर ध्यान दें: हमारे इलाके के बस स्टॉप की मरम्मत की जरूरत है कृपया इस समस्या का समाधान करें।,Transport,High
தயவுசெய்து இதை சரி செய்யுங்கள். எனது நில ஆவணத்தின் நகல் வேண்டும் தயவுசெய்து இந்த பிரச்சனையை தீர்க்கவும்.,Revenue & Land Records,Medium
எனது வீட்டு உதவி விண்ணப்பம் நிலுவையில் உள்ளது இந்த பிரச்சனையை கவனிக்கவும்.,Housing,Low
I would like to complain that The transformer near our street is making unusual sounds,Electricity,Low
ഈ പ്രശ്നം ശ്രദ്ധിക്കുക: റേഷൻ കടയിലെ ഭക്ഷ്യസാധനങ്ങൾ മതിയായിട്ടില്ല ദയവായി ഈ വിഷയം പരിശോധിക്കുക.,Food & Civil Supplies,Medium
कृपया इस समस्या को देखें: हमारे क्षेत्र का बाल देखभाल केंद्र काम नहीं कर रहा है कृपया आवश्यक कार्रवाई करें।,Women & Child Welfare,Medium
தயவுசெய்து உதவுங்கள். குடிநீர் குழாயில் அழுத்தம் குறைவாக உள்ளது தயவுசெய்து இந்த பிரச்சனையை தீர்க்கவும்.,Water Services,Low
हमारे क्षेत्र का सामुदायिक पार्क उपयोग के लायक नहीं है कृपया इस समस्या का समाधान करें।,Municipal Corporation,Medium
Please help. The government office building needs repair,Public Works,Medium
தயவுசெய்து இதை சரி செய்யுங்கள். எனது சொத்து பதிவில் பிழை உள்ளது தயவுசெய்து இந்த பிரச்சனையை தீர்க்கவும்.,Revenue & Land Records,Medium
कृपया इस समस्या को देखें: पानी के कनेक्शन का आवेदन अभी लंबित है कृपया आवश्यक कार्रवाई करें।,Water Services,Low
My unemployment assistance application is pending Please look into this matter.,Labour & Employment,Low
I received a threatening message Please take necessary action.,Police,High
தயவுசெய்து இதை சரி செய்யுங்கள். பொது உள்கட்டமைப்பு சரியாக பராமரிக்கப்படவில்லை தயவுசெய்து தேவையான நடவடிக்கை எடுக்கவும்.,Public Works,Low
मैं शिकायत करना चाहता हूं कि स्वास्थ्य केंद्र में बहुत ज्यादा भीड़ है कृपया इस मामले को देखें।,Health,High
ദയവായി ഇത് പരിഹരിക്കുക. ഞങ്ങളുടെ പ്രദേശത്ത് മാലിന്യ ശേഖരണം ക്രമമായിട്ടില്ല ദയവായി ആവശ്യമായ നടപടി സ്വീകരിക്കുക.,Waste Management,High
ദയവായി സഹായിക്കണം. പൊതു ബസിൽ പതിവായി വലിയ തിരക്കാണ് ദയവായി ആവശ്യമായ നടപടി സ്വീകരിക്കുക.,Transport,Low
Please help. There is a large pothole on the main road,Roads & Highways,Medium
कृपया इस समस्या को देखें: कॉलेज ने मेरा प्रमाणपत्र जारी नहीं किया है कृपया इस समस्या का समाधान करें।,Education,Medium
ദയവായി ഇത് പരിഹരിക്കുക. എന്റെ ഡിജിറ്റൽ അപേക്ഷയിൽ നടപടി ഉണ്ടായിട്ടില്ല ദയവായി ഈ പ്രശ്നം പരിഹരിക്കുക.,e-Governance,Medium
I would like to complain that I want to report a theft in my neighborhood Kindly resolve this issue.,Police,High
स्वीकृत आवास राशि अभी तक नहीं मिली है कृपया आवश्यक कार्रवाई करें।,Housing,Low
தயவுசெய்து இதை சரி செய்யுங்கள். பூச்சிகளால் எனது பயிர் சேதமடைந்துள்ளது,Agriculture,Low
இந்த பிரச்சனை குறித்து புகார் அளிக்கிறேன்: தொழிற்சாலையில் இருந்து அதிக புகை வருகிறது,Environment & Forest,Medium
ദയവായി സഹായിക്കണം. എന്റെ വീടിന് സമീപമുള്ള മലിനജല ഓട അടഞ്ഞിരിക്കുന്നു ദയവായി ഈ പ്രശ്നം പരിഹരിക്കുക.,Drainage & Sewerage,Low
ഈ പ്രശ്നത്തെക്കുറിച്ച് പരാതി നൽകുന്നു: സർക്കാർ ഭവന അനുവദിക്കൽ വൈകുകയാണ്,Housing,Medium
ദയവായി സഹായിക്കണം. എന്റെ ക്ഷേമ സർട്ടിഫിക്കറ്റ് നൽകിയിട്ടില്ല ദയവായി ഈ വിഷയം പരിശോധിക്കുക.,Social Welfare,Medium
Please help. There is no drinking water supply in our neighborhood,Water Services,Low
Please help. There is illegal tree cutting in our area Please look into this matter.,Environment & Forest,Medium
Please help. The transport pass application is delayed Kindly resolve this issue.,Transport,High
Please help. The main road needs resurfacing Please look into this matter.,Roads & Highways,Medium
இந்த பிரச்சனையை கவனிக்கவும்: பேருந்து நிறுத்த நிழற்குடை சேதமடைந்துள்ளது இந்த பிரச்சனையை கவனிக்கவும்.,Transport,High
എന്റെ തൊഴിൽ സർട്ടിഫിക്കറ്റ് വൈകിയിരിക്കുന്നു ദയവായി ഈ പ്രശ്നം പരിഹരിക്കുക.,Labour & Employment,Medium
I want to report that Our village needs better public facilities Please look into this matter.,Rural Development / Panchayat,High
कृपया मदद करें। मेरा कल्याण प्रमाणपत्र जारी नहीं हुआ है कृपया इस मामले को देखें।,Social Welfare,Medium
இந்த பிரச்சனையை கவனிக்கவும்: வீட்டு திட்ட பயனாளிகள் பட்டியல் தவறாக உள்ளது,Housing,Medium
ഈ പ്രശ്നത്തെക്കുറിച്ച് പരാതി നൽകുന്നു: ഭൂഗർഭ ഡ്രെയിനേജ് സംവിധാനം അടഞ്ഞിരിക്കുന്നു ദയവായി ഈ പ്രശ്നം പരിഹരിക്കുക.,Drainage & Sewerage,Medium
कृपया मदद करें। मेरे घर के बाहर बिजली का खंभा खराब है कृपया इस मामले को देखें।,Electricity,Medium
कृपया मदद करें। हमारे क्षेत्र का सामुदायिक पार्क उपयोग के लायक नहीं है कृपया इस समस्या का समाधान करें।,Municipal Corporation,High
ശിശു സംരക്ഷണ സേവനം പ്രതികരിക്കുന്നില്ല ദയവായി ഈ പ്രശ്നം പരിഹരിക്കുക.,Women & Child Welfare,High
എനിക്ക് ഭീഷണി സന്ദേശം ലഭിച്ചു ദയവായി ഈ പ്രശ്നം പരിഹരിക്കുക.,Police,Critical
कृपया इस समस्या को देखें: मुझे कृषि सब्सिडी के बारे में जानकारी चाहिए कृपया आवश्यक कार्रवाई करें।,Agriculture,High
தயவுசெய்து இதை சரி செய்யுங்கள். அரசு கட்டிடத்தின் வடிகால் பழுதுபார்க்க வேண்டும்,Public Works,High
Kindly look into this: My crop has been damaged by pests Kindly resolve this issue.,Agriculture,Medium
நேற்று முதல் எங்கள் தெருவிற்கு தண்ணீர் வரவில்லை இந்த பிரச்சனையை கவனிக்கவும்.,Water Services,Medium
இந்த பிரச்சனையை கவனிக்கவும்: அரசுப் பள்ளியில் போதுமான ஆசிரியர்கள் இல்லை,Education,Medium
Please help. The municipal water pipeline is damaged Please take necessary action.,Water Services,Medium
इस समस्या पर ध्यान दें: हमारे इलाके की स्ट्रीट लाइटें काम नहीं कर रही हैं कृपया इस समस्या का समाधान करें।,Municipal Corporation,Low
எனது சொத்து பதிவில் பிழை உள்ளது,Revenue & Land Records,Medium
நில உரிமை பதிவை புதுப்பிக்க வேண்டும் தயவுசெய்து தேவையான நடவடிக்கை எடுக்கவும்.,Revenue & Land Records,Low
Please help. The transformer near our street is making unusual sounds Please look into this matter.,Electricity,Medium
റേഷൻ കാർഡ് വിവരങ്ങൾ പുതുക്കണം ദയവായി ആവശ്യമായ നടപടി സ്വീകരിക്കുക.,Food & Civil Supplies,High
ദയവായി ഇത് പരിഹരിക്കുക. എന്റെ സ്കോളർഷിപ്പ് തുക ഇതുവരെ ലഭിച്ചിട്ടില്ല ദയവായി ഈ പ്രശ്നം പരിഹരിക്കുക.,Education,Low
ഈ പ്രശ്നം ശ്രദ്ധിക്കുക: ഞങ്ങളുടെ പ്രദേശത്ത് വോൾട്ടേജ് വ്യതിയാനം പതിവാണ് ദയവായി ഈ പ്രശ്നം പരിഹരിക്കുക.,Electricity,High
I want to report that The government bus is not following its schedule Please look into this matter.,Transport,Low
इस समस्या पर ध्यान दें: सार्वजनिक भवन की खिड़कियां टूट गई हैं कृपया आवश्यक कार्रवाई करें।,Public Works,Medium
इस समस्या पर ध्यान दें: मुझे भूमि स्वामित्व रिकॉर्ड अपडेट करना है,Revenue & Land Records,Medium
Please help. The garbage vehicle has stopped visiting our locality Please take necessary action.,Waste Management,High
I would like to complain that The public park in our area is poorly maintained Kindly resolve this issue.,Municipal Corporation,High
இந்த பிரச்சனையை கவனிக்கவும்: எங்கள் பகுதியில் கழிவுநீர் தேங்கி உள்ளது தயவுசெய்து தேவையான நடவடிக்கை எடுக்கவும்.,Drainage & Sewerage,Low
The ambulance service is not responding Please look into this matter.,Health,Medium
I would like to complain that The river near our village is polluted,Environment & Forest,Low
தயவுசெய்து உதவுங்கள். எனது வீட்டு உதவி விண்ணப்பம் நிலுவையில் உள்ளது இந்த பிரச்சனையை கவனிக்கவும்.,Housing,Medium
Kindly look into this: The electricity meter is not functioning correctly Please look into this matter.,Electricity,Medium
My vehicle has been stolen Please take necessary action.,Police,Critical
ഈ പ്രശ്നത്തെക്കുറിച്ച് പരാതി നൽകുന്നു: എന്റെ ഗുണഭോക്തൃ വിവരങ്ങൾ തെറ്റാണ് ദയവായി ഈ വിഷയം പരിശോധിക്കുക.,Social Welfare,Low
I would like to complain that My welfare certificate has not been issued,Social Welfare,Medium
ഈ പ്രശ്നം ശ്രദ്ധിക്കുക: എന്റെ കുട്ടിയുടെ ക്ഷേമ അപേക്ഷ വൈകിയിരിക്കുന്നു ദയവായി ഈ വിഷയം പരിശോധിക്കുക.,Women & Child Welfare,High
कृपया मदद करें। सरकारी रोजगार योजना में काम नहीं मिला है,Labour & Employment,Medium
कृपया इस समस्या को देखें: मेरे घर के बाहर बिजली का खंभा खराब है,Electricity,Low
இந்த பிரச்சனை குறித்து புகார் அளிக்கிறேன்: பொது கட்டிடத்தின் சுவர்களில் விரிசல்கள் உள்ளன,Public Works,High
कृपया मदद करें। मुझे धमकी भरा संदेश मिला है,Police,Critical
இந்த பிரச்சனை குறித்து புகார் அளிக்கிறேன்: எனது பயனாளி விவரங்கள் தவறாக உள்ளன தயவுசெய்து இந்த பிரச்சனையை தீர்க்கவும்.,Social Welfare,Low
मैं शिकायत करना चाहता हूं कि पंचायत कार्यालय ने हमारी शिकायत का जवाब नहीं दिया कृपया इस मामले को देखें।,Rural Development / Panchayat,High
ഈ പ്രശ്നത്തെക്കുറിച്ച് പരാതി നൽകുന്നു: ഞങ്ങളുടെ പ്രദേശത്ത് വിത്തുകളുടെ ക്ഷാമമുണ്ട്,Agriculture,Medium
I want to report that I have not received my housing scheme benefit Please look into this matter.,Housing,Medium
I want to report that My medical report has been delayed Please look into this matter.,Health,Medium
Kindly look into this: The government employment scheme has not provided work Please look into this matter.,Labour & Employment,Medium
தொழிலாளராக பதிவு செய்ய உதவி வேண்டும் தயவுசெய்து இந்த பிரச்சனையை தீர்க்கவும்.,Labour & Employment,Medium
தயவுசெய்து இதை சரி செய்யுங்கள். எங்கள் பகுதியில் கடுமையான ரசாயன வாசனை உள்ளது தயவுசெய்து தேவையான நடவடிக்கை எடுக்கவும்.,Environment & Forest,Low
ദയവായി സഹായിക്കണം. കാർഷിക സബ്സിഡിയെക്കുറിച്ച് വിവരം വേണം ദയവായി ഈ പ്രശ്നം പരിഹരിക്കുക.,Agriculture,Medium
ദയവായി സഹായിക്കണം. പൊതു അടിസ്ഥാന സൗകര്യങ്ങൾ ശരിയായി പരിപാലിക്കുന്നില്ല,Public Works,Medium
இந்த பிரச்சனை குறித்து புகார் அளிக்கிறேன்: எனது குழந்தை நல விண்ணப்பம் தாமதமாகியுள்ளது இந்த பிரச்சனையை கவனிக்கவும்.,Women & Child Welfare,High
मैं शिकायत करना चाहता हूं कि मुझे सामाजिक कल्याण योजनाओं की जानकारी चाहिए कृपया इस मामले को देखें।,Social Welfare,Medium
எங்கள் வீட்டருகே உள்ள தெருவிளக்கு கம்பம் சேதமடைந்துள்ளது இந்த பிரச்சனையை கவனிக்கவும்.,Municipal Corporation,Low
தயவுசெய்து உதவுங்கள். குப்பை வண்டி எங்கள் பகுதிக்கு வரவில்லை,Waste Management,Medium
ദയവായി ഇത് പരിഹരിക്കുക. എന്റെ റേഷൻ കാർഡിൽ തെറ്റായ വിവരങ്ങളുണ്ട് ദയവായി ഈ വിഷയം പരിശോധിക്കുക.,Food & Civil Supplies,Low
ദയവായി ഇത് പരിഹരിക്കുക. എനിക്ക് പോലീസിൽ പരാതി നൽകണം,Police,Medium
இந்த பிரச்சனையை கவனிக்கவும்: எங்கள் தெருவின் அருகே கழிவுநீர் குழாய் உடைந்துள்ளது,Drainage & Sewerage,Medium
ദയവായി ഇത് പരിഹരിക്കുക. ഞങ്ങളുടെ ഗ്രാമത്തിന് സമീപമുള്ള റോഡ് കുഴികളാൽ നിറഞ്ഞിരിക്കുന്നു ദയവായി ഈ പ്രശ്നം പരിഹരിക്കുക.,Roads & Highways,Medium
ദയവായി ഇത് പരിഹരിക്കുക. കാർഷിക സബ്സിഡിയെക്കുറിച്ച് വിവരം വേണം,Agriculture,Low
இந்த பிரச்சனை குறித்து புகார் அளிக்கிறேன்: கழிவுநீர் குழாய் அடைத்துள்ளது தயவுசெய்து தேவையான நடவடிக்கை எடுக்கவும்.,Drainage & Sewerage,Low
Kindly look into this: Our school lacks proper classroom facilities Please look into this matter.,Education,Medium
எனது கல்வி உதவித்தொகை விண்ணப்பம் நிலுவையில் உள்ளது தயவுசெய்து தேவையான நடவடிக்கை எடுக்கவும்.,Education,Medium
इस समस्या पर ध्यान दें: मेरे डिजिटल आवेदन पर कार्रवाई नहीं हुई है,e-Governance,Low
I would like to complain that I need to update my ration card details Please look into this matter.,Food & Civil Supplies,Low
Kindly look into this: My maternity benefit application is pending,Women & Child Welfare,Medium
ഈ പ്രശ്നം ശ്രദ്ധിക്കുക: എന്റെ റേഷൻ കാർഡിൽ തെറ്റായ വിവരങ്ങളുണ്ട്,Food & Civil Supplies,Medium
I want to report that A damaged road is causing accidents Please look into this matter.,Roads & Highways,High
இந்த பிரச்சனையை கவனிக்கவும்: வீட்டு குப்பைகள் எங்கள் வீடுகளுக்கு அருகில் குவிந்துள்ளன தயவுசெய்து இந்த பிரச்சனையை தீர்க்கவும்.,Waste Management,Medium
कृपया मदद करें। मेरे बच्चे के कल्याण आवेदन में देरी हुई है कृपया आवश्यक कार्रवाई करें।,Women & Child Welfare,Low
Please help. My crop has been damaged by pests,Agriculture,Medium
Uncollected garbage is causing a bad smell,Waste Management,Medium
ശേഖരിക്കാത്ത മാലിന്യം ദുർഗന്ധം ഉണ്ടാക്കുന്നു,Waste Management,High
मैं शिकायत करना चाहता हूं कि राशन की दुकान पर चावल नहीं दिया जा रहा है,Food & Civil Supplies,Medium
कृपया मदद करें। गांव के विकास कार्य में देरी हो रही है कृपया आवश्यक कार्रवाई करें।,Rural Development / Panchayat,Low
பொது தண்ணீர் குழாய் வேலை செய்யவில்லை இந்த பிரச்சனையை கவனிக்கவும்.,Water Services,High
कीटों के कारण मेरी फसल खराब हो गई है,Agriculture,High
தயவுசெய்து இதை சரி செய்யுங்கள். நேற்று முதல் எங்கள் தெருவிற்கு தண்ணீர் வரவில்லை இந்த பிரச்சனையை கவனிக்கவும்.,Water Services,Medium
ദയവായി സഹായിക്കണം. വൈദ്യുതി മുടങ്ങിയതിന് ശേഷം വിതരണം പുനഃസ്ഥാപിച്ചിട്ടില്ല ദയവായി ആവശ്യമായ നടപടി സ്വീകരിക്കുക.,Electricity,Low
कृपया इस समस्या को देखें: मुझे कृषि सब्सिडी के बारे में जानकारी चाहिए कृपया इस मामले को देखें।,Agriculture,Medium
ദയവായി ഇത് പരിഹരിക്കുക. വ്യവസായ യൂണിറ്റിൽ നിന്ന് അമിതമായ പുക വരുന്നു,Environment & Forest,High
I want to report that I need information about social welfare schemes Please look into this matter.,Social Welfare,High
I want to report that Garbage has not been collected from our street Kindly resolve this issue.,Waste Management,High
सार्वजनिक भवन की दीवारों में दरारें हैं,Public Works,Medium
தயவுசெய்து இதை சரி செய்யுங்கள். பேருந்து நிறுத்த நிழற்குடை சேதமடைந்துள்ளது தயவுசெய்து தேவையான நடவடிக்கை எடுக்கவும்.,Transport,Medium
ഈ പ്രശ്നം ശ്രദ്ധിക്കുക: മഴക്കാലത്ത് റോഡ് വളരെ അപകടകരമാണ് ദയവായി ഈ വിഷയം പരിശോധിക്കുക.,Roads & Highways,Medium
ദയവായി സഹായിക്കണം. എന്റെ മുതിർന്ന പൗരൻ ആനുകൂല്യം പരിഗണനയിലാണ് ദയവായി ഈ വിഷയം പരിശോധിക്കുക.,Social Welfare,Medium
இந்த பிரச்சனையை கவனிக்கவும்: எனது சொத்து சர்வே விவரங்கள் தவறாக உள்ளன,Revenue & Land Records,Medium
ഈ പ്രശ്നം ശ്രദ്ധിക്കുക: വൈദ്യുതി മീറ്റർ ശരിയായി പ്രവർത്തിക്കുന്നില്ല,Electricity,High
I want to report that The health centre is overcrowded Kindly resolve this issue.,Health,Low
ഈ പ്രശ്നം ശ്രദ്ധിക്കുക: സീവേജ് മാൻഹോൾ നിറഞ്ഞുകവിഞ്ഞു ദയവായി ആവശ്യമായ നടപടി സ്വീകരിക്കുക.,Drainage & Sewerage,Medium
There is an error in my property record Please look into this matter.,Revenue & Land Records,Medium
कृपया इस समस्या को देखें: गांव के विकास कार्य में देरी हो रही है,Rural Development / Panchayat,Medium
தயவுசெய்து உதவுங்கள். எனது மகப்பேறு உதவி விண்ணப்பம் நிலுவையில் உள்ளது இந்த பிரச்சனையை கவனிக்கவும்.,Women & Child Welfare,High
ഈ പ്രശ്നം ശ്രദ്ധിക്കുക: സർക്കാർ പോർട്ടൽ വളരെ മന്ദഗതിയിലാണ്,e-Governance,Medium
My housing assistance application is pending Kindly resolve this issue.,Housing,Low
मैं शिकायत करना चाहता हूं कि सड़क के पास बिजली का तार खतरनाक तरीके से लटक रहा है कृपया इस समस्या का समाधान करें।,Electricity,Critical
ദയവായി സഹായിക്കണം. ഞങ്ങളുടെ ഗ്രാമത്തിന് സമീപമുള്ള റോഡ് കുഴികളാൽ നിറഞ്ഞിരിക്കുന്നു,Roads & Highways,Medium
தயவுசெய்து இதை சரி செய்யுங்கள். நிலத்தடி கழிவுநீர் அமைப்பு அடைத்துள்ளது இந்த பிரச்சனையை கவனிக்கவும்.,Drainage & Sewerage,Medium
ദയവായി സഹായിക്കണം. എന്റെ പോലീസ് പരാതിക്ക് ഇതുവരെ മറുപടി ലഭിച്ചിട്ടില്ല ദയവായി ഈ പ്രശ്നം പരിഹരിക്കുക.,Police,Medium
இந்த பிரச்சனையை கவனிக்கவும்: வனப்பகுதி ஆக்கிரமிக்கப்படுகிறது தயவுசெய்து இந்த பிரச்சனையை தீர்க்கவும்.,Environment & Forest,High
சாலை பழுதுபார்ப்பு பணி தாமதமாகியுள்ளது இந்த பிரச்சனையை கவனிக்கவும்.,Roads & Highways,Medium
இந்த பிரச்சனை குறித்து புகார் அளிக்கிறேன்: எங்கள் வீட்டிற்கு வெளியே உள்ள மின்கம்பம் சேதமடைந்துள்ளது தயவுசெய்து தேவையான நடவடிக்கை எடுக்கவும்.,Electricity,Medium
Please help. The public facility has broken windows Please take necessary action.,Public Works,Medium
I would like to complain that The streetlight pole near my house is damaged Please look into this matter.,Municipal Corporation,Medium
இந்த பிரச்சனையை கவனிக்கவும்: குப்பை சேகரிப்பு பணியாளர்கள் முறையாக வரவில்லை தயவுசெய்து இந்த பிரச்சனையை தீர்க்கவும்.,Waste Management,High
Kindly look into this: The ration shop is not providing rice Kindly resolve this issue.,Food & Civil Supplies,Medium
कृपया मदद करें। सरकारी कार्यालय में बिजली की मरम्मत की जरूरत है,Public Works,Medium
இந்த பிரச்சனை குறித்து புகார் அளிக்கிறேன்: ரேஷன் அட்டை விவரங்களை புதுப்பிக்க வேண்டும் இந்த பிரச்சனையை கவனிக்கவும்.,Food & Civil Supplies,Low
தயவுசெய்து உதவுங்கள். காவல்துறை உதவி தேவைப்படும் பிரச்சனை உள்ளது இந்த பிரச்சனையை கவனிக்கவும்.,Police,Medium
मेरी दिव्यांग सहायता राशि में देरी हुई है,Social Welfare,High
தயவுசெய்து உதவுங்கள். எனது பயனாளி விவரங்கள் தவறாக உள்ளன தயவுசெய்து இந்த பிரச்சனையை தீர்க்கவும்.,Social Welfare,High
இந்த பிரச்சனையை கவனிக்கவும்: விவசாய மானியங்கள் குறித்து தகவல் வேண்டும் தயவுசெய்து தேவையான நடவடிக்கை எடுக்கவும்.,Agriculture,Medium
The water connection application is still pending Kindly resolve this issue.,Water Services,High
Please help. My unemployment assistance application is pending Please look into this matter.,Labour & Employment,High
தயவுசெய்து இதை சரி செய்யுங்கள். எனது ரேஷன் அட்டையில் தவறான விவரங்கள் உள்ளன தயவுசெய்து இந்த பிரச்சனையை தீர்க்கவும்.,Food & Civil Supplies,High
இந்த பிரச்சனையை கவனிக்கவும்: எங்கள் கிராமத்திற்கு அருகிலுள்ள சாலை பள்ளங்களால் நிறைந்துள்ளது இந்த பிரச்சனையை கவனிக்கவும்.,Roads & Highways,Low
Please help. My digital application has not been processed,e-Governance,High
ഈ പ്രശ്നത്തെക്കുറിച്ച് പരാതി നൽകുന്നു: റേഷൻ കാർഡ് വിവരങ്ങൾ പുതുക്കണം ദയവായി ഈ പ്രശ്നം പരിഹരിക്കുക.,Food & Civil Supplies,Low
कृपया मदद करें। मेरा शिक्षा प्रमाणपत्र अभी तक नहीं आया है कृपया इस समस्या का समाधान करें।,Education,High
ഈ പ്രശ്നം ശ്രദ്ധിക്കുക: പഞ്ചായത്ത് ഓഫീസ് ഞങ്ങളുടെ പരാതിക്ക് മറുപടി നൽകിയിട്ടില്ല ദയവായി ഈ വിഷയം പരിശോധിക്കുക.,Rural Development / Panchayat,High
இந்த பிரச்சனையை கவனிக்கவும்: எனது புதிய ரேஷன் அட்டை வழங்கப்படவில்லை இந்த பிரச்சனையை கவனிக்கவும்.,Food & Civil Supplies,Medium
ഈ പ്രശ്നത്തെക്കുറിച്ച് പരാതി നൽകുന്നു: പൊതു ടാപ്പ് പ്രവർത്തിക്കുന്നില്ല ദയവായി ഈ വിഷയം പരിശോധിക്കുക.,Water Services,Medium
कृपया मदद करें। मेरे घर के बाहर बिजली का खंभा खराब है कृपया इस समस्या का समाधान करें।,Electricity,Medium
இந்த பிரச்சனையை கவனிக்கவும்: எங்கள் குடியிருப்பு பகுதியில் நகராட்சி சேவைகள் மேம்பட வேண்டும்,Municipal Corporation,High
I cannot download my government certificate Please take necessary action.,e-Governance,Low
इस समस्या पर ध्यान दें: हमारी सड़क के पास अवैध गतिविधियां हो रही हैं कृपया आवश्यक कार्रवाई करें।,Police,High
इस समस्या पर ध्यान दें: मुझे अपने भूमि दस्तावेज की प्रति चाहिए कृपया आवश्यक कार्रवाई करें।,Revenue & Land Records,Medium
இந்த பிரச்சனை குறித்து புகார் அளிக்கிறேன்: எனது தொழிலாளர் நலத்தொகை கிடைக்கவில்லை இந்த பிரச்சனையை கவனிக்கவும்.,Labour & Employment,Low
कृपया इस समस्या को देखें: पंचायत कार्यालय ने हमारी शिकायत का जवाब नहीं दिया कृपया आवश्यक कार्रवाई करें।,Rural Development / Panchayat,Medium
हमारी सड़क से कचरा नहीं उठाया गया है,Waste Management,Medium
தயவுசெய்து உதவுங்கள். எனது நில பதிவில் தவறான தகவல் உள்ளது,Revenue & Land Records,Medium
I would like to complain that The government child support payment is pending Please look into this matter.,Women & Child Welfare,Medium
I want to report that The government hospital does not have essential medicines,Health,High
Dirty water is coming through the public pipeline,Water Services,Low
The ration shop is not providing rice Please take necessary action.,Food & Civil Supplies,Medium
कृपया इस समस्या को देखें: सड़क की सफाई का समय निर्धारित तरीके से नहीं हो रहा है कृपया इस समस्या का समाधान करें।,Municipal Corporation,High
Kindly look into this: My student scholarship application is pending,Education,Medium
I want to report that The government hostel needs better facilities,Education,High
कृपया इस समस्या को देखें: बच्चों के लिए पोषण सेवा उपलब्ध नहीं है,Women & Child Welfare,Medium
ഈ പ്രശ്നത്തെക്കുറിച്ച് പരാതി നൽകുന്നു: എന്റെ പ്രസവാനുകൂല്യ അപേക്ഷ പരിഗണനയിലാണ് ദയവായി ഈ പ്രശ്നം പരിഹരിക്കുക.,Women & Child Welfare,Low
പൊതു കെട്ടിടത്തിലെ ജനലുകൾ തകർന്നിട്ടുണ്ട് ദയവായി ആവശ്യമായ നടപടി സ്വീകരിക്കുക.,Public Works,High
தயவுசெய்து உதவுங்கள். பள்ளி நூலகத்தில் போதுமான புத்தகங்கள் இல்லை தயவுசெய்து இந்த பிரச்சனையை தீர்க்கவும்.,Education,Low
தயவுசெய்து இதை சரி செய்யுங்கள். எனது ஆன்லைன் விண்ணப்ப நிலை மாறவில்லை தயவுசெய்து தேவையான நடவடிக்கை எடுக்கவும்.,e-Governance,Low
தயவுசெய்து இதை சரி செய்யுங்கள். எனது சமூக நல ஓய்வூதியம் வரவில்லை தயவுசெய்து தேவையான நடவடிக்கை எடுக்கவும்.,Social Welfare,Low
ദയവായി സഹായിക്കണം. എനിക്ക് പോലീസിൽ പരാതി നൽകണം ദയവായി ആവശ്യമായ നടപടി സ്വീകരിക്കുക.,Police,Medium
ഈ പ്രശ്നം ശ്രദ്ധിക്കുക: റേഷൻ കടക്കാരൻ അധിക പണം ആവശ്യപ്പെടുന്നു ദയവായി ആവശ്യമായ നടപടി സ്വീകരിക്കുക.,Food & Civil Supplies,Low
Please help. There is a shortage of seeds in our area Please look into this matter.,Agriculture,Low
I need information about government housing Please look into this matter.,Housing,High
कृपया मदद करें। उचित मूल्य की दुकान काम के समय बंद रहती है,Food & Civil Supplies,Low
Kindly look into this: The public infrastructure is poorly maintained Please look into this matter.,Public Works,Medium
தயவுசெய்து இதை சரி செய்யுங்கள். பெரிய பள்ளம் போக்குவரத்தை தடுக்கிறது தயவுசெய்து இந்த பிரச்சனையை தீர்க்கவும்.,Roads & Highways,Low
The government office building needs repair Please look into this matter.,Public Works,High
ഞങ്ങളുടെ പ്രദേശത്ത് മതിയായ ബസ് സർവീസ് ഇല്ല ദയവായി ആവശ്യമായ നടപടി സ്വീകരിക്കുക.,Transport,Medium
Kindly look into this: My employment certificate has been delayed Please look into this matter.,Labour & Employment,High
தயவுசெய்து உதவுங்கள். எனது கல்வி உதவித்தொகை இன்னும் வரவில்லை,Education,Medium
ദയവായി ഇത് പരിഹരിക്കുക. ഡിജിറ്റൽ സർക്കാർ സേവനം ലഭ്യമല്ല ദയവായി ആവശ്യമായ നടപടി സ്വീകരിക്കുക.,e-Governance,Medium
இந்த பிரச்சனையை கவனிக்கவும்: ஊராட்சி வளர்ச்சி நிதி பயன்படுத்தப்படவில்லை தயவுசெய்து தேவையான நடவடிக்கை எடுக்கவும்.,Rural Development / Panchayat,High
தயவுசெய்து இதை சரி செய்யுங்கள். எங்கள் கிராமத்திற்கு சிறந்த அடிப்படை வசதிகள் தேவை,Rural Development / Panchayat,High
இந்த பிரச்சனை குறித்து புகார் அளிக்கிறேன்: யாரோ எனது சொத்தை சேதப்படுத்தியுள்ளனர் தயவுசெய்து தேவையான நடவடிக்கை எடுக்கவும்.,Police,Medium
தயவுசெய்து உதவுங்கள். எனது மருத்துவ அறிக்கை தாமதமாகியுள்ளது தயவுசெய்து இந்த பிரச்சனையை தீர்க்கவும்.,Health,Medium
தயவுசெய்து இதை சரி செய்யுங்கள். எங்கள் தெருவிற்கு குடிநீர் வரவில்லை இந்த பிரச்சனையை கவனிக்கவும்.,Water Services,High
இந்த பிரச்சனையை கவனிக்கவும்: தண்ணீர் இணைப்பு விண்ணப்பம் இன்னும் நிலுவையில் உள்ளது இந்த பிரச்சனையை கவனிக்கவும்.,Water Services,Low
I want to report that The school library does not have enough books Kindly resolve this issue.,Education,Medium
இந்த பிரச்சனையை கவனிக்கவும்: அரசு வேலைவாய்ப்பு திட்டத்தில் வேலை கிடைக்கவில்லை,Labour & Employment,Medium
Kindly look into this: My new ration card has not been issued Please look into this matter.,Food & Civil Supplies,High
അനധികൃത മരം മുറിക്കൽ റിപ്പോർട്ട് ചെയ്യണം ദയവായി ഈ വിഷയം പരിശോധിക്കുക.,Environment & Forest,Medium
இந்த பிரச்சனையை கவனிக்கவும்: எனது காவல் புகாருக்கு இன்னும் பதில் கிடைக்கவில்லை,Police,Low
ദയവായി സഹായിക്കണം. പൊതു കെട്ടിടത്തിന്റെ വാതിലുകൾ കേടായിട്ടുണ്ട് ദയവായി ഈ വിഷയം പരിശോധിക്കുക.,Public Works,Medium
ദയവായി സഹായിക്കണം. ഞങ്ങളുടെ ഗ്രാമത്തിന് സമീപമുള്ള നദി മലിനമായി ദയവായി ഈ വിഷയം പരിശോധിക്കുക.,Environment & Forest,Medium
ഈ പ്രശ്നം ശ്രദ്ധിക്കുക: ഭൂമി സർവേ മാപ്പിന്റെ പകർപ്പ് വേണം ദയവായി ആവശ്യമായ നടപടി സ്വീകരിക്കുക.,Revenue & Land Records,Medium
ദയവായി ഇത് പരിഹരിക്കുക. പഞ്ചായത്ത് ഓഫീസ് ഞങ്ങളുടെ പരാതിക്ക് മറുപടി നൽകിയിട്ടില്ല,Rural Development / Panchayat,Low
ദയവായി ഇത് പരിഹരിക്കുക. എന്റെ പ്രസവാനുകൂല്യ അപേക്ഷ പരിഗണനയിലാണ് ദയവായി ആവശ്യമായ നടപടി സ്വീകരിക്കുക.,Women & Child Welfare,Medium
സീവേജ് മാൻഹോൾ നിറഞ്ഞുകവിഞ്ഞു ദയവായി ഈ പ്രശ്നം പരിഹരിക്കുക.,Drainage & Sewerage,Medium
मैं शिकायत करना चाहता हूं कि सरकारी छात्रावास में बेहतर सुविधाओं की जरूरत है कृपया आवश्यक कार्रवाई करें।,Education,Medium
मैं शिकायत करना चाहता हूं कि गांव के विकास कार्य में देरी हो रही है कृपया इस समस्या का समाधान करें।,Rural Development / Panchayat,Low
There is a strong chemical smell near our locality Kindly resolve this issue.,Environment & Forest,Medium
தயவுசெய்து உதவுங்கள். எங்கள் பகுதியில் நடந்த திருட்டை புகார் செய்ய விரும்புகிறேன் தயவுசெய்து இந்த பிரச்சனையை தீர்க்கவும்.,Police,High
इस समस्या पर ध्यान दें: नगर निगम के कर्मचारी हमारी सड़क की सफाई नहीं कर रहे हैं कृपया इस समस्या का समाधान करें।,Municipal Corporation,Low
தயவுசெய்து உதவுங்கள். எங்கள் கிராமத்திற்கு அருகிலுள்ள சாலை பள்ளங்களால் நிறைந்துள்ளது தயவுசெய்து தேவையான நடவடிக்கை எடுக்கவும்.,Roads & Highways,Low
ദയവായി സഹായിക്കണം. സർക്കാർ ആശുപത്രിയിൽ കിടക്കകൾ ലഭ്യമല്ല ദയവായി ഈ വിഷയം പരിശോധിക്കുക.,Health,Medium
Kindly look into this: The government hostel needs better facilities Please take necessary action.,Education,Medium
कृपया इस समस्या को देखें: सरकारी क्लिनिक काम के समय में खुला नहीं है,Health,Medium
இந்த பிரச்சனை குறித்து புகார் அளிக்கிறேன்: பெண்கள் நலத்திட்டத்தில் உதவி வேண்டும் இந்த பிரச்சனையை கவனிக்கவும்.,Women & Child Welfare,Medium
इस समस्या पर ध्यान दें: सरकारी भवन के जल निकासी सिस्टम की मरम्मत चाहिए कृपया इस समस्या का समाधान करें।,Public Works,High
इस समस्या पर ध्यान दें: सार्वजनिक भवन के दरवाजे खराब हैं कृपया आवश्यक कार्रवाई करें।,Public Works,High
தயவுசெய்து இதை சரி செய்யுங்கள். பொது கட்டிடத்தின் சுவர்களில் விரிசல்கள் உள்ளன தயவுசெய்து இந்த பிரச்சனையை தீர்க்கவும்.,Public Works,Low
कृपया इस समस्या को देखें: हमारे इलाके में कचरा संग्रह नियमित नहीं है कृपया इस समस्या का समाधान करें।,Waste Management,High
Please help. There is illegal tree cutting in our area,Environment & Forest,Medium
தயவுசெய்து உதவுங்கள். எங்கள் பகுதியில் தண்ணீர் அழுத்தம் மிகவும் குறைவாக உள்ளது இந்த பிரச்சனையை கவனிக்கவும்.,Water Services,High
सरकारी बस अपने समय का पालन नहीं कर रही है कृपया इस समस्या का समाधान करें।,Transport,Medium
Please help. The river near our village is polluted,Environment & Forest,High
தயவுசெய்து இதை சரி செய்யுங்கள். எங்கள் தெருவின் அருகே சட்டவிரோத செயல்கள் நடக்கின்றன தயவுசெய்து தேவையான நடவடிக்கை எடுக்கவும்.,Police,Medium
Kindly look into this: My family member is missing from the ration card,Food & Civil Supplies,Low
कृपया इस समस्या को देखें: सरकारी क्लिनिक काम के समय में खुला नहीं है कृपया इस मामले को देखें।,Health,Low
Kindly look into this: The fair price shop is closed during working hours,Food & Civil Supplies,Medium
தயவுசெய்து இதை சரி செய்யுங்கள். எங்கள் பகுதியில் விதைகள் பற்றாக்குறையாக உள்ளன தயவுசெய்து தேவையான நடவடிக்கை எடுக்கவும்.,Agriculture,High
தயவுசெய்து இதை சரி செய்யுங்கள். மருத்துவமனை மருந்தகத்தில் மருந்துகள் இல்லை தயவுசெய்து இந்த பிரச்சனையை தீர்க்கவும்.,Health,Low
സർക്കാർ കെട്ടിടത്തിന് അടിയന്തര പരിപാലനം ആവശ്യമാണ് ദയവായി ആവശ്യമായ നടപടി സ്വീകരിക്കുക.,Public Works,High
இந்த பிரச்சனை குறித்து புகார் அளிக்கிறேன்: எனது கல்விச் சான்றிதழ் இன்னும் வரவில்லை தயவுசெய்து தேவையான நடவடிக்கை எடுக்கவும்.,Education,Medium
कृपया इस समस्या को देखें: एम्बुलेंस सेवा जवाब नहीं दे रही है कृपया आवश्यक कार्रवाई करें।,Health,Medium
ഈ പ്രശ്നം ശ്രദ്ധിക്കുക: ആരോ എന്റെ സ്വത്തിന് കേടുപാടുകൾ വരുത്തി ദയവായി ആവശ്യമായ നടപടി സ്വീകരിക്കുക.,Police,Medium
ദയവായി സഹായിക്കണം. ഞങ്ങളുടെ പ്രദേശത്തെ തെരുവ് വിളക്കുകൾ പ്രവർത്തിക്കുന്നില്ല ദയവായി ഈ വിഷയം പരിശോധിക്കുക.,Municipal Corporation,Low
I would like to complain that There is dangerous driving near our school Please take necessary action.,Police,Critical
Kindly look into this: There is an error in my property record,Revenue & Land Records,Medium
கழிவுநீரால் துர்நாற்றம் ஏற்படுகிறது,Drainage & Sewerage,Medium
தயவுசெய்து உதவுங்கள். எனது மூத்த குடிமக்கள் நலத்தொகை நிலுவையில் உள்ளது இந்த பிரச்சனையை கவனிக்கவும்.,Social Welfare,High
இந்த பிரச்சனை குறித்து புகார் அளிக்கிறேன்: எங்கள் பகுதியில் உள்ள பொது கழிப்பிடம் பராமரிக்கப்படவில்லை தயவுசெய்து தேவையான நடவடிக்கை எடுக்கவும்.,Municipal Corporation,Medium
मेरा किसान सब्सिडी आवेदन लंबित है,Agriculture,Medium
ஆன்லைன் குடிமக்கள் சேவையை அணுக முடியவில்லை,e-Governance,Low
कृपया इस समस्या को देखें: हमारे गांव में बेहतर सार्वजनिक सुविधाओं की जरूरत है कृपया आवश्यक कार्रवाई करें।,Rural Development / Panchayat,Low
ഈ പ്രശ്നം ശ്രദ്ധിക്കുക: എന്റെ സ്കോളർഷിപ്പ് തുക ഇതുവരെ ലഭിച്ചിട്ടില്ല ദയവായി ആവശ്യമായ നടപടി സ്വീകരിക്കുക.,Education,Low
விவசாய மானியங்கள் குறித்து தகவல் வேண்டும் தயவுசெய்து தேவையான நடவடிக்கை எடுக்கவும்.,Agriculture,Medium
I need information about government housing Please take necessary action.,Housing,Low
വൈദ്യുതി മീറ്റർ ശരിയായി പ്രവർത്തിക്കുന്നില്ല ദയവായി ഈ വിഷയം പരിശോധിക്കുക.,Electricity,Medium
कृपया इस समस्या को देखें: जंगल के पास अवैध रूप से कचरा डाला जा रहा है,Environment & Forest,Medium
இந்த பிரச்சனையை கவனிக்கவும்: நில அளவை வரைபடத்தின் நகல் வேண்டும் இந்த பிரச்சனையை கவனிக்கவும்.,Revenue & Land Records,High
कृपया मदद करें। मेरा राजस्व प्रमाणपत्र जारी नहीं हुआ है कृपया आवश्यक कार्रवाई करें।,Revenue & Land Records,High
കുട്ടികൾക്കുള്ള പോഷകാഹാര സേവനം ലഭ്യമല്ല,Women & Child Welfare,Medium
ഈ പ്രശ്നം ശ്രദ്ധിക്കുക: സർക്കാർ ആശുപത്രിയിൽ കിടക്കകൾ ലഭ്യമല്ല ദയവായി ആവശ്യമായ നടപടി സ്വീകരിക്കുക.,Health,Low
இந்த பிரச்சனை குறித்து புகார் அளிக்கிறேன்: போக்குவரத்து பாஸ் விண்ணப்பம் தாமதமாகியுள்ளது தயவுசெய்து இந்த பிரச்சனையை தீர்க்கவும்.,Transport,Medium
ഈ പ്രശ്നം ശ്രദ്ധിക്കുക: സർക്കാർ സ്കൂളിൽ മതിയായ അധ്യാപകർ ഇല്ല ദയവായി ഈ പ്രശ്നം പരിഹരിക്കുക.,Education,Low
தயவுசெய்து உதவுங்கள். மழைக்காலத்தில் சாலை மிகவும் ஆபத்தாகிறது இந்த பிரச்சனையை கவனிக்கவும்.,Roads & Highways,Low
मैं शिकायत करना चाहता हूं कि बारिश के दौरान सड़क बहुत खतरनाक हो जाती है कृपया इस समस्या का समाधान करें।,Roads & Highways,High
ഈ പ്രശ്നത്തെക്കുറിച്ച് പരാതി നൽകുന്നു: ഗ്രാമ വികസന പ്രവർത്തനം വൈകുകയാണ്,Rural Development / Panchayat,Medium
मैं शिकायत करना चाहता हूं कि बड़ा गड्ढा यातायात को रोक रहा है कृपया इस मामले को देखें।,Roads & Highways,High
ഈ പ്രശ്നം ശ്രദ്ധിക്കുക: ഞങ്ങളുടെ പ്രദേശത്തെ പൊതു ശൗചാലയം പരിപാലിക്കുന്നില്ല ദയവായി ഈ വിഷയം പരിശോധിക്കുക.,Municipal Corporation,Medium
मैं शिकायत करना चाहता हूं कि मेरे श्रमिक कल्याण आवेदन पर कार्रवाई नहीं हुई है,Labour & Employment,High
Kindly look into this: The housing scheme beneficiary list is incorrect,Housing,High
कृपया मदद करें। फसल के नुकसान के लिए सहायता चाहिए,Agriculture,High
அரசு கட்டிடத்தின் வடிகால் பழுதுபார்க்க வேண்டும் தயவுசெய்து இந்த பிரச்சனையை தீர்க்கவும்.,Public Works,Low
Kindly look into this: I cannot download my government certificate Kindly resolve this issue.,e-Governance,High
I would like to complain that The vaccination service is unavailable Please look into this matter.,Health,Low
ഈ പ്രശ്നം ശ്രദ്ധിക്കുക: എന്റെ വീടിന് സമീപമുള്ള തെരുവ് വിളക്ക് തൂൺ കേടായിട്ടുണ്ട് ദയവായി ആവശ്യമായ നടപടി സ്വീകരിക്കുക.,Municipal Corporation,High
ഈ പ്രശ്നം ശ്രദ്ധിക്കുക: സർക്കാർ ബസുകൾ ക്രമമായി ഓടുന്നില്ല,Transport,Medium
मैं शिकायत करना चाहता हूं कि मेरा वरिष्ठ नागरिक लाभ लंबित है कृपया इस मामले को देखें।,Social Welfare,High
ദയവായി സഹായിക്കണം. സർക്കാർ കുട്ടി സഹായ തുക പരിഗണനയിലാണ് ദയവായി ഈ വിഷയം പരിശോധിക്കുക.,Women & Child Welfare,High
I would like to complain that My senior citizen benefit is pending Kindly resolve this issue.,Social Welfare,Medium
I would like to complain that The overhead water tank is not receiving water,Water Services,Medium
Please help. My revenue certificate has not been issued Kindly resolve this issue.,Revenue & Land Records,Low
मैं शिकायत करना चाहता हूं कि किसानों को फसल बीमा सहायता नहीं मिली है कृपया इस मामले को देखें।,Agriculture,Medium
इस समस्या पर ध्यान दें: हमारे गांव में बेहतर बुनियादी सुविधाओं की जरूरत है कृपया आवश्यक कार्रवाई करें।,Rural Development / Panchayat,High
ഈ പ്രശ്നം ശ്രദ്ധിക്കുക: ശേഖരിക്കാത്ത മാലിന്യം ദുർഗന്ധം ഉണ്ടാക്കുന്നു,Waste Management,Medium
कृपया इस समस्या को देखें: पट्टा हस्तांतरण आवेदन लंबित है कृपया इस समस्या का समाधान करें।,Revenue & Land Records,High
இந்த பிரச்சனையை கவனிக்கவும்: குடிநீர் பல நாட்களாக வரவில்லை இந்த பிரச்சனையை கவனிக்கவும்.,Water Services,Low
I want to report that My social welfare pension has not been credited Kindly resolve this issue.,Social Welfare,Medium
मेरे डिजिटल आवेदन पर कार्रवाई नहीं हुई है कृपया इस मामले को देखें।,e-Governance,High
இந்த பிரச்சனையை கவனிக்கவும்: எங்கள் பகுதியில் கழிவுநீர் குழாய் அடைத்துள்ளது,Drainage & Sewerage,Medium
தயவுசெய்து இதை சரி செய்யுங்கள். நிலத்தடி கழிவுநீர் அமைப்பு அடைத்துள்ளது தயவுசெய்து தேவையான நடவடிக்கை எடுக்கவும்.,Drainage & Sewerage,High
I want to report that The village development work has been delayed,Rural Development / Panchayat,Medium
എന്റെ കുറഞ്ഞ ചെലവിലുള്ള ഭവന അപേക്ഷ പരിഗണനയിലാണ്,Housing,Medium
സ്കൂൾ ലൈബ്രറിയിൽ മതിയായ പുസ്തകങ്ങൾ ഇല്ല ദയവായി ഈ വിഷയം പരിശോധിക്കുക.,Education,Medium
ഭൂമി ഉടമസ്ഥാവകാശ രേഖ പുതുക്കണം ദയവായി ഈ വിഷയം പരിശോധിക്കുക.,Revenue & Land Records,High
ഈ പ്രശ്നത്തെക്കുറിച്ച് പരാതി നൽകുന്നു: എന്റെ സ്കോളർഷിപ്പ് തുക ഇതുവരെ ലഭിച്ചിട്ടില്ല ദയവായി ഈ പ്രശ്നം പരിഹരിക്കുക.,Education,High
इस समस्या पर ध्यान दें: हमारे सरकारी स्कूल में कंप्यूटर नहीं हैं कृपया इस समस्या का समाधान करें।,Education,Low
मैं शिकायत करना चाहता हूं कि मेरी छात्रवृत्ति का आवेदन लंबित है कृपया आवश्यक कार्रवाई करें।,Education,Medium
எனது மாற்றுத்திறனாளர் உதவித்தொகை தாமதமாகியுள்ளது தயவுசெய்து இந்த பிரச்சனையை தீர்க்கவும்.,Social Welfare,Low
ഞങ്ങളുടെ പ്രദേശത്തെ ബസ് സ്റ്റോപ്പിന് അറ്റകുറ്റപ്പണി ആവശ്യമാണ് ദയവായി ഈ വിഷയം പരിശോധിക്കുക.,Transport,High
किसानों को सिंचाई का पानी नहीं मिल रहा है कृपया इस समस्या का समाधान करें।,Agriculture,High
சாலை பழுதுபார்ப்பு பணி தாமதமாகியுள்ளது தயவுசெய்து தேவையான நடவடிக்கை எடுக்கவும்.,Roads & Highways,Medium
ഈ പ്രശ്നത്തെക്കുറിച്ച് പരാതി നൽകുന്നു: എന്റെ തൊഴിൽ സർട്ടിഫിക്കറ്റ് വൈകിയിരിക്കുന്നു,Labour & Employment,High
ദയവായി ഇത് പരിഹരിക്കുക. സർക്കാർ ആശുപത്രിയിൽ ആവശ്യമായ മരുന്നുകൾ ലഭ്യമല്ല ദയവായി ആവശ്യമായ നടപടി സ്വീകരിക്കുക.,Health,Low
தயவுசெய்து இதை சரி செய்யுங்கள். அரசு கட்டிடத்தின் வடிகால் பழுதுபார்க்க வேண்டும் இந்த பிரச்சனையை கவனிக்கவும்.,Public Works,Medium
தயவுசெய்து உதவுங்கள். எங்கள் கிராமத்திற்கு அருகிலுள்ள ஆறு மாசடைந்துள்ளது இந்த பிரச்சனையை கவனிக்கவும்.,Environment & Forest,High
தயவுசெய்து உதவுங்கள். அரசு வீட்டு ஒதுக்கீடு தாமதமாகியுள்ளது தயவுசெய்து இந்த பிரச்சனையை தீர்க்கவும்.,Housing,Medium
இந்த பிரச்சனையை கவனிக்கவும்: எனது வீட்டு திட்ட உதவி இன்னும் கிடைக்கவில்லை இந்த பிரச்சனையை கவனிக்கவும்.,Housing,Medium
இந்த பிரச்சனையை கவனிக்கவும்: எங்கள் பகுதியில் உள்ள பொது கழிப்பிடம் பராமரிக்கப்படவில்லை தயவுசெய்து தேவையான நடவடிக்கை எடுக்கவும்.,Municipal Corporation,High
मेरे परिवार का सदस्य राशन कार्ड में नहीं है,Food & Civil Supplies,Low
ഈ പ്രശ്നത്തെക്കുറിച്ച് പരാതി നൽകുന്നു: തെരുവ് ശുചീകരണ സമയക്രമം പാലിക്കുന്നില്ല,Municipal Corporation,Medium
ഈ പ്രശ്നം ശ്രദ്ധിക്കുക: ട്രാൻസ്പോർട്ട് പാസ് അപേക്ഷ വൈകുകയാണ് ദയവായി ഈ പ്രശ്നം പരിഹരിക്കുക.,Transport,High
தயவுசெய்து இதை சரி செய்யுங்கள். நில பதிவு செயல்முறை தாமதமாகியுள்ளது தயவுசெய்து இந்த பிரச்சனையை தீர்க்கவும்.,Revenue & Land Records,Medium
I would like to complain that The welfare office has not responded Kindly resolve this issue.,Social Welfare,Medium
இந்த பிரச்சனை குறித்து புகார் அளிக்கிறேன்: வேலைவாய்ப்பு திட்டங்கள் குறித்து தகவல் வேண்டும் இந்த பிரச்சனையை கவனிக்கவும்.,Labour & Employment,High
इस समस्या पर ध्यान दें: स्कूल की लाइब्रेरी में पर्याप्त किताबें नहीं हैं कृपया इस मामले को देखें।,Education,Low
தயவுசெய்து உதவுங்கள். குடிநீர் குழாயில் அழுத்தம் குறைவாக உள்ளது,Water Services,Low
ഞങ്ങളുടെ പ്രദേശത്തിന് സമീപം ശക്തമായ രാസവസ്തു ഗന്ധമുണ്ട് ദയവായി ഈ പ്രശ്നം പരിഹരിക്കുക.,Environment & Forest,Medium
இந்த பிரச்சனையை கவனிக்கவும்: குப்பை வாகனம் எங்கள் பகுதிக்கு வருவதை நிறுத்திவிட்டது தயவுசெய்து இந்த பிரச்சனையை தீர்க்கவும்.,Waste Management,Medium
इस समस्या पर ध्यान दें: हमारे गांव में बेहतर सार्वजनिक सुविधाओं की जरूरत है कृपया इस मामले को देखें।,Rural Development / Panchayat,Low
कृपया इस समस्या को देखें: सरकारी अस्पताल में बेड उपलब्ध नहीं हैं,Health,Medium
I would like to complain that Uncollected garbage is causing a bad smell,Waste Management,Low
ഈ പ്രശ്നം ശ്രദ്ധിക്കുക: ഞങ്ങളുടെ ഗ്രാമത്തിൽ മികച്ച പൊതു സൗകര്യങ്ങൾ ആവശ്യമാണ് ദയവായി ഈ വിഷയം പരിശോധിക്കുക.,Rural Development / Panchayat,High
ഈ പ്രശ്നത്തെക്കുറിച്ച് പരാതി നൽകുന്നു: പഞ്ചായത്ത് ഓഫീസ് ഞങ്ങളുടെ പരാതിക്ക് മറുപടി നൽകിയിട്ടില്ല,Rural Development / Panchayat,High
कृपया मदद करें। हमारे क्षेत्र के पास तेज रासायनिक गंध है कृपया इस मामले को देखें।,Environment & Forest,Low
ദയവായി ഇത് പരിഹരിക്കുക. എന്റെ ഭൂമി രേഖയിൽ തെറ്റായ വിവരമുണ്ട് ദയവായി ആവശ്യമായ നടപടി സ്വീകരിക്കുക.,Revenue & Land Records,Low
சாக்கடையில் இருந்து கழிவுநீர் வெளியேறுகிறது தயவுசெய்து இந்த பிரச்சனையை தீர்க்கவும்.,Drainage & Sewerage,Medium
ദയവായി ഇത് പരിഹരിക്കുക. എന്റെ വൈദ്യുതി ബില്ലിൽ തെറ്റായ റീഡിംഗ് കാണിക്കുന്നു ദയവായി ആവശ്യമായ നടപടി സ്വീകരിക്കുക.,Electricity,High
I would like to complain that I need help applying for a welfare scheme Kindly resolve this issue.,Social Welfare,High
ഈ പ്രശ്നത്തെക്കുറിച്ച് പരാതി നൽകുന്നു: കേടായ റോഡ് കാരണം അപകടങ്ങൾ ഉണ്ടാകുന്നു ദയവായി ഈ വിഷയം പരിശോധിക്കുക.,Roads & Highways,Low
कृपया इस समस्या को देखें: कृषि अधिकारी हमारे गांव में नहीं आए हैं कृपया इस समस्या का समाधान करें।,Agriculture,Medium
कृपया इस समस्या को देखें: मेरी संपत्ति के सर्वेक्षण विवरण गलत हैं कृपया आवश्यक कार्रवाई करें।,Revenue & Land Records,High
இந்த பிரச்சனையை கவனிக்கவும்: எனது குழந்தை நலத்தொகை கிடைக்கவில்லை தயவுசெய்து இந்த பிரச்சனையை தீர்க்கவும்.,Women & Child Welfare,Low
I need information about government housing Kindly resolve this issue.,Housing,Medium
ഈ പ്രശ്നം ശ്രദ്ധിക്കുക: ഞങ്ങളുടെ പ്രദേശത്ത് അനധികൃതമായി മരങ്ങൾ മുറിക്കുന്നു ദയവായി ഈ വിഷയം പരിശോധിക്കുക.,Environment & Forest,High
தயவுசெய்து இதை சரி செய்யுங்கள். நகராட்சி குடிநீர் குழாய் சேதமடைந்துள்ளது தயவுசெய்து தேவையான நடவடிக்கை எடுக்கவும்.,Water Services,High
I would like to complain that Wastewater is overflowing onto the street Please look into this matter.,Drainage & Sewerage,Medium
தயவுசெய்து உதவுங்கள். எனது வேலைவாய்ப்பு சான்றிதழ் தாமதமாகியுள்ளது தயவுசெய்து இந்த பிரச்சனையை தீர்க்கவும்.,Labour & Employment,Medium
I would like to complain that I need information about employment schemes Please take necessary action.,Labour & Employment,Medium
हमारी सड़क से कचरा नहीं उठाया गया है कृपया इस समस्या का समाधान करें।,Waste Management,Medium
मैं शिकायत करना चाहता हूं कि हमारे इलाके में रोज बिजली कटौती होती है कृपया इस समस्या का समाधान करें।,Electricity,Medium
ഈ പ്രശ്നം ശ്രദ്ധിക്കുക: റേഷൻ കടക്കാരൻ അധിക പണം ആവശ്യപ്പെടുന്നു,Food & Civil Supplies,Medium
ഈ പ്രശ്നം ശ്രദ്ധിക്കുക: ഞങ്ങളുടെ പ്രദേശത്ത് വിത്തുകളുടെ ക്ഷാമമുണ്ട് ദയവായി ആവശ്യമായ നടപടി സ്വീകരിക്കുക.,Agriculture,Low
हमारे इलाके में अवैध रूप से पेड़ काटे जा रहे हैं कृपया आवश्यक कार्रवाई करें।,Environment & Forest,High
எனது ஆன்லைன் விண்ணப்ப நிலை மாறவில்லை இந்த பிரச்சனையை கவனிக்கவும்.,e-Governance,High
कृपया इस समस्या को देखें: मुझे सार्वजनिक परिवहन सेवाओं की जानकारी चाहिए कृपया आवश्यक कार्रवाई करें।,Transport,Medium
இந்த பிரச்சனையை கவனிக்கவும்: தடுப்பூசி சேவை கிடைக்கவில்லை தயவுசெய்து இந்த பிரச்சனையை தீர்க்கவும்.,Health,Low
कृपया इस समस्या को देखें: हमारे गांव के पास की सड़क गड्ढों से भरी है कृपया इस मामले को देखें।,Roads & Highways,Low
Please help. The bus service to our village has been reduced Please take necessary action.,Transport,Medium
தயவுசெய்து இதை சரி செய்யுங்கள். எனது தொழிலாளர் நல விண்ணப்பம் செயல்படுத்தப்படவில்லை,Labour & Employment,Medium
இந்த பிரச்சனையை கவனிக்கவும்: ஊராட்சி அலுவலகம் எங்கள் புகாருக்கு பதிலளிக்கவில்லை தயவுசெய்து தேவையான நடவடிக்கை எடுக்கவும்.,Rural Development / Panchayat,Low
ദയവായി സഹായിക്കണം. എന്റെ സ്കോളർഷിപ്പ് അപേക്ഷ പരിഗണനയിൽ ആണ് ദയവായി ഈ പ്രശ്നം പരിഹരിക്കുക.,Education,Low
इस समस्या पर ध्यान दें: सरकारी वेबसाइट पर त्रुटि दिखाई दे रही है कृपया आवश्यक कार्रवाई करें।,e-Governance,Medium
தயவுசெய்து உதவுங்கள். எங்கள் பகுதியில் தண்ணீர் விநியோகம் நிறுத்தப்பட்டுள்ளது தயவுசெய்து தேவையான நடவடிக்கை எடுக்கவும்.,Water Services,Medium
कृपया मदद करें। मेरा किफायती आवास आवेदन लंबित है कृपया आवश्यक कार्रवाई करें।,Housing,High
ഈ പ്രശ്നത്തെക്കുറിച്ച് പരാതി നൽകുന്നു: ഞങ്ങളുടെ ഗ്രാമത്തിൽ മികച്ച അടിസ്ഥാന സൗകര്യങ്ങൾ ആവശ്യമാണ് ദയവായി ഈ വിഷയം പരിശോധിക്കുക.,Rural Development / Panchayat,Low
मैं शिकायत करना चाहता हूं कि सार्वजनिक बुनियादी ढांचे का रखरखाव खराब है कृपया इस मामले को देखें।,Public Works,Medium
भूमि पंजीकरण प्रक्रिया में देरी हो रही है कृपया इस मामले को देखें।,Revenue & Land Records,Low
Kindly look into this: The transformer near our street is making unusual sounds Kindly resolve this issue.,Electricity,Low
இந்த பிரச்சனை குறித்து புகார் அளிக்கிறேன்: தொழிற்சாலை கழிவுகள் அருகிலுள்ள நீர்நிலைக்குள் செல்கின்றன,Environment & Forest,Medium
मैं शिकायत करना चाहता हूं कि औद्योगिक कचरा पास के जल स्रोत में जा रहा है कृपया इस मामले को देखें।,Environment & Forest,Medium
இந்த பிரச்சனையை கவனிக்கவும்: சமூக நலத்திட்டங்கள் குறித்து தகவல் வேண்டும் தயவுசெய்து தேவையான நடவடிக்கை எடுக்கவும்.,Social Welfare,Low
I want to report that Farmers are not receiving irrigation water Please take necessary action.,Agriculture,High
Kindly look into this: I want to report a theft in my neighborhood Please take necessary action.,Police,High
इस समस्या पर ध्यान दें: नगर निगम कार्यालय ने हमारी शिकायत का जवाब नहीं दिया,Municipal Corporation,High
റോഡ് അറ്റകുറ്റപ്പണി വൈകുകയാണ്,Roads & Highways,Medium
இந்த பிரச்சனை குறித்து புகார் அளிக்கிறேன்: எனது வீட்டு திட்ட உதவி இன்னும் கிடைக்கவில்லை இந்த பிரச்சனையை கவனிக்கவும்.,Housing,Medium
மழைக்காலத்தில் சாலை மிகவும் ஆபத்தாகிறது,Roads & Highways,Low
मैं शिकायत करना चाहता हूं कि कल से हमारी सड़क पर पानी नहीं आया है,Water Services,High
എന്റെ വീടിന് സമീപമുള്ള തെരുവ് വിളക്ക് തൂൺ കേടായിട്ടുണ്ട്,Municipal Corporation,Medium
எனது தொழிலாளர் பதிவு விண்ணப்பம் நிலுவையில் உள்ளது,Labour & Employment,Low
ആരോഗ്യ കേന്ദ്രത്തിൽ വളരെ അധികം തിരക്കുണ്ട്,Health,Low
I want to report that The forest area is being encroached Please take necessary action.,Environment & Forest,Medium
இந்த பிரச்சனை குறித்து புகார் அளிக்கிறேன்: மழைக்காலத்தில் சாலை மிகவும் ஆபத்தாகிறது,Roads & Highways,High
ദയവായി സഹായിക്കണം. വൈദ്യുതി മുടങ്ങിയതിന് ശേഷം വിതരണം പുനഃസ്ഥാപിച്ചിട്ടില്ല,Electricity,Low
ഈ പ്രശ്നത്തെക്കുറിച്ച് പരാതി നൽകുന്നു: എന്റെ ഭൂമി രേഖയിൽ തെറ്റായ വിവരമുണ്ട് ദയവായി ഈ പ്രശ്നം പരിഹരിക്കുക.,Revenue & Land Records,Medium
എന്റെ കുറഞ്ഞ ചെലവിലുള്ള ഭവന അപേക്ഷ പരിഗണനയിലാണ് ദയവായി ആവശ്യമായ നടപടി സ്വീകരിക്കുക.,Housing,Medium
मेरे परिवार का सदस्य राशन कार्ड में नहीं है कृपया इस समस्या का समाधान करें।,Food & Civil Supplies,Medium
I want to report illegal tree cutting Please take necessary action.,Environment & Forest,Medium
ദയവായി ഇത് പരിഹരിക്കുക. കീടങ്ങൾ കാരണം എന്റെ വിള നശിച്ചു ദയവായി ആവശ്യമായ നടപടി സ്വീകരിക്കുക.,Agriculture,Medium
बाल संरक्षण सेवा जवाब नहीं दे रही है कृपया आवश्यक कार्रवाई करें।,Women & Child Welfare,Low
தயவுசெய்து இதை சரி செய்யுங்கள். எங்கள் கிராமத்திற்கு அருகிலுள்ள சாலை பள்ளங்களால் நிறைந்துள்ளது தயவுசெய்து தேவையான நடவடிக்கை எடுக்கவும்.,Roads & Highways,Low
There is a large pothole on the main road,Roads & Highways,High
ഈ പ്രശ്നം ശ്രദ്ധിക്കുക: പ്രധാന റോഡ് പുനർനിർമ്മിക്കണം ദയവായി ആവശ്യമായ നടപടി സ്വീകരിക്കുക.,Roads & Highways,Medium
I would like to complain that Waste bins in our area are overflowing Please look into this matter.,Waste Management,Medium
इस समस्या पर ध्यान दें: सार्वजनिक बस में अक्सर बहुत भीड़ होती है कृपया आवश्यक कार्रवाई करें।,Transport,High
Kindly look into this: My ration card contains incorrect details Please take necessary action.,Food & Civil Supplies,High
தயவுசெய்து இதை சரி செய்யுங்கள். எனது ஆன்லைன் விண்ணப்ப நிலை மாறவில்லை,e-Governance,Medium
இந்த பிரச்சனையை கவனிக்கவும்: எனது மலிவு விலை வீட்டு விண்ணப்பம் நிலுவையில் உள்ளது தயவுசெய்து தேவையான நடவடிக்கை எடுக்கவும்.,Housing,Medium
ദയവായി സഹായിക്കണം. എന്റെ കുറഞ്ഞ ചെലവിലുള്ള ഭവന അപേക്ഷ പരിഗണനയിലാണ് ദയവായി ഈ വിഷയം പരിശോധിക്കുക.,Housing,Medium
இந்த பிரச்சனையை கவனிக்கவும்: எனது மருத்துவ அறிக்கை தாமதமாகியுள்ளது தயவுசெய்து இந்த பிரச்சனையை தீர்க்கவும்.,Health,Medium
இந்த பிரச்சனை குறித்து புகார் அளிக்கிறேன்: பயிர் இழப்புக்கு உதவி தேவை தயவுசெய்து இந்த பிரச்சனையை தீர்க்கவும்.,Agriculture,Medium
Household waste is piling up near our houses,Waste Management,Medium
इस समस्या पर ध्यान दें: लोग सड़क के किनारे कचरा फेंक रहे हैं,Waste Management,Medium
இந்த பிரச்சனை குறித்து புகார் அளிக்கிறேன்: அரசு சுகாதார மையத்தில் மருத்துவர் இல்லை இந்த பிரச்சனையை கவனிக்கவும்.,Health,Medium
വൈദ്യുതി മീറ്റർ ശരിയായി പ്രവർത്തിക്കുന്നില്ല ദയവായി ഈ പ്രശ്നം പരിഹരിക്കുക.,Electricity,Medium
हमारे आवासीय क्षेत्र में बेहतर नगर निगम सेवाओं की जरूरत है कृपया आवश्यक कार्रवाई करें।,Municipal Corporation,Medium
Please help. I have not received my monthly pension,Social Welfare,High
ഈ പ്രശ്നത്തെക്കുറിച്ച് പരാതി നൽകുന്നു: സർക്കാർ വെബ്സൈറ്റിൽ പിശക് കാണിക്കുന്നു,e-Governance,High
I would like to complain that The municipal office has not responded to our complaint,Municipal Corporation,High
இந்த பிரச்சனையை கவனிக்கவும்: எனது வாகனம் திருடப்பட்டுள்ளது இந்த பிரச்சனையை கவனிக்கவும்.,Police,High
The sewer line in our area is blocked Please look into this matter.,Drainage & Sewerage,Low
I want to report that The panchayat office has not responded to our complaint Kindly resolve this issue.,Rural Development / Panchayat,High
தயவுசெய்து உதவுங்கள். அரசு சுகாதார மையத்தில் மருத்துவர் இல்லை,Health,High
इस समस्या पर ध्यान दें: मुझे सार्वजनिक परिवहन सेवाओं की जानकारी चाहिए,Transport,Medium
I would like to complain that My medical report has been delayed Kindly resolve this issue.,Health,Medium
कृपया इस समस्या को देखें: मेरी छात्रवृत्ति की राशि अभी तक नहीं मिली है कृपया इस मामले को देखें।,Education,Medium
Kindly look into this: The government online portal is not working Kindly resolve this issue.,e-Governance,High
ഈ പ്രശ്നത്തെക്കുറിച്ച് പരാതി നൽകുന്നു: കുട്ടികൾക്കുള്ള പോഷകാഹാര സേവനം ലഭ്യമല്ല ദയവായി ഈ വിഷയം പരിശോധിക്കുക.,Women & Child Welfare,Medium
Please help. I need information about public transport services Kindly resolve this issue.,Transport,Medium
कृपया इस समस्या को देखें: हमारे स्कूल के पास खतरनाक तरीके से वाहन चलाए जा रहे हैं,Police,High
Kindly look into this: Water has not reached our street since yesterday Kindly resolve this issue.,Water Services,Medium
ദയവായി ഇത് പരിഹരിക്കുക. ഇന്നലെ മുതൽ ഞങ്ങളുടെ തെരുവിൽ വെള്ളം എത്തിയിട്ടില്ല ദയവായി ഈ വിഷയം പരിശോധിക്കുക.,Water Services,Low
I want to report that My senior citizen benefit is pending Please take necessary action.,Social Welfare,High
இந்த பிரச்சனையை கவனிக்கவும்: எங்கள் வயலுக்கான பாசன கால்வாய் சேதமடைந்துள்ளது தயவுசெய்து தேவையான நடவடிக்கை எடுக்கவும்.,Agriculture,High
मैं शिकायत करना चाहता हूं कि कारखाने से ध्वनि प्रदूषण हो रहा है,Environment & Forest,High
ദയവായി സഹായിക്കണം. ഞങ്ങളുടെ വയലിലേക്കുള്ള ജലസേചന കനാൽ കേടായിട്ടുണ്ട്,Agriculture,Medium
मैं शिकायत करना चाहता हूं कि मेरे ऑनलाइन आवेदन की स्थिति नहीं बदली है कृपया इस समस्या का समाधान करें।,e-Governance,High
സർക്കാർ കെട്ടിടത്തിന്റെ മേൽക്കൂരയിൽ ചോർച്ചയുണ്ട്,Public Works,Medium
बड़ा गड्ढा यातायात को रोक रहा है कृपया इस समस्या का समाधान करें।,Roads & Highways,Low
I would like to complain that The underground drainage system is blocked Please take necessary action.,Drainage & Sewerage,Low
I want to report that The public bus is frequently overcrowded,Transport,Medium
इस समस्या पर ध्यान दें: हमारी सड़क के पास अवैध गतिविधियां हो रही हैं कृपया इस मामले को देखें।,Police,High
ദയവായി സഹായിക്കണം. മുനിസിപ്പൽ ജീവനക്കാർ ഞങ്ങളുടെ തെരുവ് വൃത്തിയാക്കുന്നില്ല,Municipal Corporation,Medium
ദയവായി സഹായിക്കണം. ഞങ്ങളുടെ പ്രദേശത്ത് മതിയായ ബസ് സർവീസ് ഇല്ല ദയവായി ഈ പ്രശ്നം പരിഹരിക്കുക.,Transport,High
The public bus is frequently overcrowded Please take necessary action.,Transport,Low
I would like to complain that There is a suspicious person near our residential area Kindly resolve this issue.,Police,High
इस समस्या पर ध्यान दें: हमारे क्षेत्र का सार्वजनिक पार्क ठीक से साफ नहीं किया जाता कृपया इस मामले को देखें।,Municipal Corporation,High
Kindly look into this: The village road development work is incomplete Please look into this matter.,Rural Development / Panchayat,High
Please help. My ration card contains incorrect details Kindly resolve this issue.,Food & Civil Supplies,Medium
இந்த பிரச்சனையை கவனிக்கவும்: நெடுஞ்சாலையில் பல விரிசல்கள் உள்ளன,Roads & Highways,Medium
இந்த பிரச்சனையை கவனிக்கவும்: எங்கள் வீட்டிற்கு வெளியே கழிவுநீர் தேங்கியுள்ளது,Drainage & Sewerage,Medium
कृपया इस समस्या को देखें: हमारे इलाके की स्ट्रीट लाइटें काम नहीं कर रही हैं कृपया इस समस्या का समाधान करें।,Municipal Corporation,Medium
ദയവായി ഇത് പരിഹരിക്കുക. ബസ് ഷെൽട്ടർ കേടായിട്ടുണ്ട്,Transport,Low
Kindly look into this: The panchayat has not repaired the village facilities Please take necessary action.,Rural Development / Panchayat,Medium
मैं शिकायत करना चाहता हूं कि मेरे बच्चे का कल्याण लाभ नहीं मिला है कृपया इस समस्या का समाधान करें।,Women & Child Welfare,Medium
Kindly look into this: The road near our village is full of potholes Please take necessary action.,Roads & Highways,Medium
இந்த பிரச்சனையை கவனிக்கவும்: எனது வேலைவாய்ப்பு சான்றிதழ் தாமதமாகியுள்ளது தயவுசெய்து தேவையான நடவடிக்கை எடுக்கவும்.,Labour & Employment,Medium
இந்த பிரச்சனை குறித்து புகார் அளிக்கிறேன்: குப்பை தொட்டிகள் நிரம்பி உள்ளன இந்த பிரச்சனையை கவனிக்கவும்.,Waste Management,Low
இந்த பிரச்சனை குறித்து புகார் அளிக்கிறேன்: எனது சமூக நல ஓய்வூதியம் வரவில்லை இந்த பிரச்சனையை கவனிக்கவும்.,Social Welfare,Low
എന്റെ കുട്ടിയുടെ ക്ഷേമ അപേക്ഷ വൈകിയിരിക്കുന്നു,Women & Child Welfare,Medium
Illegal dumping is happening near the forest Please take necessary action.,Environment & Forest,Medium
हमारे गांव में बेहतर बुनियादी सुविधाओं की जरूरत है कृपया इस मामले को देखें।,Rural Development / Panchayat,Medium
ഈ പ്രശ്നം ശ്രദ്ധിക്കുക: പൊതു അടിസ്ഥാന സൗകര്യങ്ങൾ ശരിയായി പരിപാലിക്കുന്നില്ല ദയവായി ഈ വിഷയം പരിശോധിക്കുക.,Public Works,High
தயவுசெய்து உதவுங்கள். நில உரிமை பதிவை புதுப்பிக்க வேண்டும் தயவுசெய்து தேவையான நடவடிக்கை எடுக்கவும்.,Revenue & Land Records,Medium
Kindly look into this: There is a strong chemical smell near our locality Please take necessary action.,Environment & Forest,Low
कृपया इस समस्या को देखें: कृषि अधिकारी हमारे गांव में नहीं आए हैं कृपया आवश्यक कार्रवाई करें।,Agriculture,High
कृपया मदद करें। मेरी सामाजिक कल्याण पेंशन जमा नहीं हुई है कृपया आवश्यक कार्रवाई करें।,Social Welfare,High
इस समस्या पर ध्यान दें: हमारे गांव की बस सेवा कम कर दी गई है,Transport,Low
कृपया मदद करें। मेरा भूमि म्यूटेशन आवेदन लंबित है कृपया इस मामले को देखें।,Revenue & Land Records,Low
വനിതാ ക്ഷേമ പദ്ധതിയിൽ സഹായം വേണം ദയവായി ആവശ്യമായ നടപടി സ്വീകരിക്കുക.,Women & Child Welfare,Low
Please help. The garbage vehicle has stopped visiting our locality,Waste Management,Medium
I want to report that The bus service to our village has been reduced Please take necessary action.,Transport,High
தயவுசெய்து உதவுங்கள். எங்கள் கிராம சமூக கூடத்திற்கு பராமரிப்பு தேவை இந்த பிரச்சனையை கவனிக்கவும்.,Rural Development / Panchayat,High
I would like to complain that Someone has damaged my property Kindly resolve this issue.,Police,Low
Please help. The underground drainage system is blocked,Drainage & Sewerage,High
மக்கள் சாலையோரத்தில் குப்பைகளை கொட்டுகின்றனர் தயவுசெய்து தேவையான நடவடிக்கை எடுக்கவும்.,Waste Management,Medium
कृपया इस समस्या को देखें: मुझे भूमि सर्वेक्षण मानचित्र की प्रति चाहिए कृपया इस समस्या का समाधान करें।,Revenue & Land Records,High
தயவுசெய்து இதை சரி செய்யுங்கள். ஊராட்சி வளர்ச்சி நிதி பயன்படுத்தப்படவில்லை இந்த பிரச்சனையை கவனிக்கவும்.,Rural Development / Panchayat,High
मुझे भूमि सर्वेक्षण मानचित्र की प्रति चाहिए कृपया इस मामले को देखें।,Revenue & Land Records,Medium
I would like to complain that A damaged road is causing accidents Please take necessary action.,Roads & Highways,High
Please help. Farmers have not received crop insurance support Please take necessary action.,Agriculture,High
ദയവായി ഇത് പരിഹരിക്കുക. റോഡിന് സമീപമുള്ള വൈദ്യുതി വയർ അപകടകരമായി തൂങ്ങിയിരിക്കുന്നു ദയവായി ഈ വിഷയം പരിശോധിക്കുക.,Electricity,Medium
ഈ പ്രശ്നം ശ്രദ്ധിക്കുക: സർക്കാർ ആശുപത്രിയിൽ കിടക്കകൾ ലഭ്യമല്ല ദയവായി ഈ പ്രശ്നം പരിഹരിക്കുക.,Health,Medium
ദയവായി സഹായിക്കണം. റേഷൻ കാർഡ് വിവരങ്ങൾ പുതുക്കണം ദയവായി ഈ വിഷയം പരിശോധിക്കുക.,Food & Civil Supplies,High
பயிர் இழப்புக்கு உதவி தேவை தயவுசெய்து இந்த பிரச்சனையை தீர்க்கவும்.,Agriculture,Low
இந்த பிரச்சனையை கவனிக்கவும்: அனுமதிக்கப்பட்ட வீட்டு தொகை இன்னும் கிடைக்கவில்லை,Housing,Low
The public building has damaged doors Please look into this matter.,Public Works,Medium
എന്റെ റേഷൻ കാർഡിൽ തെറ്റായ വിവരങ്ങളുണ്ട് ദയവായി ഈ വിഷയം പരിശോധിക്കുക.,Food & Civil Supplies,Medium
The welfare office has not responded Please look into this matter.,Social Welfare,Low
कृपया इस समस्या को देखें: हमारे क्षेत्र का बाल देखभाल केंद्र काम नहीं कर रहा है,Women & Child Welfare,Medium
இந்த பிரச்சனை குறித்து புகார் அளிக்கிறேன்: எங்கள் பகுதியில் தெருவிளக்குகள் வேலை செய்யவில்லை,Municipal Corporation,Low
इस समस्या पर ध्यान दें: एम्बुलेंस सेवा जवाब नहीं दे रही है कृपया इस मामले को देखें।,Health,Medium
தயவுசெய்து உதவுங்கள். எங்கள் தெருவை நகராட்சி ஊழியர்கள் சுத்தம் செய்யவில்லை தயவுசெய்து தேவையான நடவடிக்கை எடுக்கவும்.,Municipal Corporation,Low
गंदा पानी सड़क पर बह रहा है,Drainage & Sewerage,Low
There are cracks across the highway Kindly resolve this issue.,Roads & Highways,Medium
இந்த பிரச்சனை குறித்து புகார் அளிக்கிறேன்: நில உரிமை பதிவை புதுப்பிக்க வேண்டும் தயவுசெய்து இந்த பிரச்சனையை தீர்க்கவும்.,Revenue & Land Records,Medium
இந்த பிரச்சனையை கவனிக்கவும்: எனது தொழிலாளர் நல விண்ணப்பம் செயல்படுத்தப்படவில்லை தயவுசெய்து தேவையான நடவடிக்கை எடுக்கவும்.,Labour & Employment,Medium
அரசு வீட்டு திட்டம் குறித்து தகவல் வேண்டும்,Housing,Medium
கழிவுநீர் கால்வாய் நிரம்பியுள்ளது,Drainage & Sewerage,High
कृपया इस समस्या को देखें: एक कारखाना गंभीर वायु प्रदूषण कर रहा है कृपया इस मामले को देखें।,Environment & Forest,Medium
Kindly look into this: The government building needs urgent maintenance Please take necessary action.,Public Works,Low
இந்த பிரச்சனை குறித்து புகார் அளிக்கிறேன்: எங்கள் குடியிருப்பு பகுதியில் சந்தேகமான நபர் உள்ளார்,Police,Medium
വലിയ കുഴി ഗതാഗതത്തെ തടസ്സപ്പെടുത്തുന്നു ദയവായി ആവശ്യമായ നടപടി സ്വീകരിക്കുക.,Roads & Highways,Low
ഈ പ്രശ്നം ശ്രദ്ധിക്കുക: എന്റെ കുറഞ്ഞ ചെലവിലുള്ള ഭവന അപേക്ഷ പരിഗണനയിലാണ്,Housing,High
ഈ പ്രശ്നം ശ്രദ്ധിക്കുക: സർക്കാർ ബസ് സമയക്രമം പാലിക്കുന്നില്ല ദയവായി ഈ വിഷയം പരിശോധിക്കുക.,Transport,Medium
कृपया मदद करें। मेरे परिवार का सदस्य राशन कार्ड में नहीं है कृपया इस समस्या का समाधान करें।,Food & Civil Supplies,Medium
ദയവായി സഹായിക്കണം. റോഡിന് സമീപമുള്ള വൈദ്യുതി വയർ അപകടകരമായി തൂങ്ങിയിരിക്കുന്നു ദയവായി ആവശ്യമായ നടപടി സ്വീകരിക്കുക.,Electricity,Medium
कृपया मदद करें। सड़क की मरम्मत का काम देर से हो रहा है कृपया इस समस्या का समाधान करें।,Roads & Highways,Medium
எங்கள் தெருவை நகராட்சி ஊழியர்கள் சுத்தம் செய்யவில்லை தயவுசெய்து தேவையான நடவடிக்கை எடுக்கவும்.,Municipal Corporation,Medium
कृपया मदद करें। मेरा भूमि म्यूटेशन आवेदन लंबित है कृपया आवश्यक कार्रवाई करें।,Revenue & Land Records,Low
ഞങ്ങളുടെ പ്രദേശത്തെ പൊതു പാർക്ക് ശരിയായി പരിപാലിക്കുന്നില്ല,Municipal Corporation,Medium
I want to report that There is a dispute that requires police assistance Please look into this matter.,Police,Medium
कृपया मदद करें। उर्वरक की आपूर्ति में देरी हो रही है कृपया आवश्यक कार्रवाई करें।,Agriculture,Medium
ദയവായി സഹായിക്കണം. എന്റെ പുതിയ റേഷൻ കാർഡ് നൽകിയിട്ടില്ല ദയവായി ഈ പ്രശ്നം പരിഹരിക്കുക.,Food & Civil Supplies,Medium
இந்த பிரச்சனையை கவனிக்கவும்: பொது கட்டிடத்தின் ஜன்னல்கள் உடைந்துள்ளன,Public Works,High
सार्वजनिक पाइपलाइन से गंदा पानी आ रहा है,Water Services,Medium
ദയവായി സഹായിക്കണം. സർക്കാർ ക്ലിനിക്ക് ജോലി സമയത്ത് തുറക്കുന്നില്ല ദയവായി ആവശ്യമായ നടപടി സ്വീകരിക്കുക.,Health,High
कृपया मदद करें। सड़क के किनारे खुले में कचरा पड़ा है कृपया इस समस्या का समाधान करें।,Waste Management,Medium
Kindly look into this: I need help applying for a welfare scheme Please take necessary action.,Social Welfare,Medium
कृपया इस समस्या को देखें: भूमि पंजीकरण प्रक्रिया में देरी हो रही है कृपया इस समस्या का समाधान करें।,Revenue & Land Records,High
ദയവായി ഇത് പരിഹരിക്കുക. റോഡ് അറ്റകുറ്റപ്പണി വൈകുകയാണ് ദയവായി ഈ പ്രശ്നം പരിഹരിക്കുക.,Roads & Highways,Medium
தயவுசெய்து இதை சரி செய்யுங்கள். தடுப்பூசி சேவை கிடைக்கவில்லை தயவுசெய்து தேவையான நடவடிக்கை எடுக்கவும்.,Health,Low
ദയവായി ഇത് പരിഹരിക്കുക. എന്റെ മുതിർന്ന പൗരൻ ആനുകൂല്യം പരിഗണനയിലാണ് ദയവായി ഈ വിഷയം പരിശോധിക്കുക.,Social Welfare,High
இந்த பிரச்சனை குறித்து புகார் அளிக்கிறேன்: பெரிய பள்ளம் போக்குவரத்தை தடுக்கிறது,Roads & Highways,Low
இந்த பிரச்சனையை கவனிக்கவும்: நெடுஞ்சாலை மிகவும் சேதமடைந்துள்ளது தயவுசெய்து தேவையான நடவடிக்கை எடுக்கவும்.,Roads & Highways,Medium
தயவுசெய்து இதை சரி செய்யுங்கள். எங்கள் கிராமத்திற்கு சிறந்த அடிப்படை வசதிகள் தேவை தயவுசெய்து தேவையான நடவடிக்கை எடுக்கவும்.,Rural Development / Panchayat,High
हमारे क्षेत्र का सार्वजनिक पार्क ठीक से साफ नहीं किया जाता कृपया इस समस्या का समाधान करें।,Municipal Corporation,High
मैं शिकायत करना चाहता हूं कि मैं अपना आवेदन ऑनलाइन जमा नहीं कर सकता कृपया इस समस्या का समाधान करें।,e-Governance,Medium
इस समस्या पर ध्यान दें: बच्चों के लिए पोषण सेवा उपलब्ध नहीं है,Women & Child Welfare,Medium
இந்த பிரச்சனை குறித்து புகார் அளிக்கிறேன்: நலத்துறை அலுவலகம் பதிலளிக்கவில்லை இந்த பிரச்சனையை கவனிக்கவும்.,Social Welfare,Medium
I want to report that Illegal dumping is happening near the forest Please take necessary action.,Environment & Forest,Medium
कृपया इस समस्या को देखें: सरकारी कार्यालय में बिजली की मरम्मत की जरूरत है कृपया आवश्यक कार्रवाई करें।,Public Works,Low
Please help. My social welfare pension has not been credited Please look into this matter.,Social Welfare,Low
कृपया मदद करें। लोग सड़क के किनारे कचरा फेंक रहे हैं,Waste Management,High
இந்த பிரச்சனையை கவனிக்கவும்: எங்கள் பகுதியில் குப்பைகள் குவிந்துள்ளன இந்த பிரச்சனையை கவனிக்கவும்.,Waste Management,Low
हमारे गांव की बस सेवा कम कर दी गई है कृपया आवश्यक कार्रवाई करें।,Transport,Low
मैं शिकायत करना चाहता हूं कि नगरपालिका की पानी की पाइपलाइन खराब है कृपया इस मामले को देखें।,Water Services,Medium
ഡ്രെയിനേജ് വെള്ളം ദുർഗന്ധം ഉണ്ടാക്കുന്നു,Drainage & Sewerage,High
ദയവായി സഹായിക്കണം. മുനിസിപ്പൽ ഓഫീസ് ഞങ്ങളുടെ പരാതിക്ക് മറുപടി നൽകിയിട്ടില്ല ദയവായി ഈ വിഷയം പരിശോധിക്കുക.,Municipal Corporation,Medium
Waste collection has been irregular in our neighborhood,Waste Management,Low
Please help. Our area does not have enough bus services,Transport,Medium
कृपया मदद करें। मेरा वाहन चोरी हो गया है कृपया इस समस्या का समाधान करें।,Police,High
ഈ പ്രശ്നത്തെക്കുറിച്ച് പരാതി നൽകുന്നു: ആളുകൾ റോഡിന്റെ വശത്ത് മാലിന്യം വലിച്ചെറിയുന്നു ദയവായി ഈ പ്രശ്നം പരിഹരിക്കുക.,Waste Management,High
இந்த பிரச்சனையை கவனிக்கவும்: எனது பயனாளி விவரங்கள் தவறாக உள்ளன தயவுசெய்து இந்த பிரச்சனையை தீர்க்கவும்.,Social Welfare,Medium
इस समस्या पर ध्यान दें: सार्वजनिक बस में अक्सर बहुत भीड़ होती है,Transport,High
मैं शिकायत करना चाहता हूं कि ग्रामीण कल्याण परियोजना लंबित है कृपया आवश्यक कार्रवाई करें।,Rural Development / Panchayat,Low
I want to report that My crop has been damaged by pests Please take necessary action.,Agriculture,Medium
इस समस्या पर ध्यान दें: हमारे गांव की बस सेवा कम कर दी गई है कृपया इस मामले को देखें।,Transport,Medium
The panchayat office has not responded to our complaint Please take necessary action.,Rural Development / Panchayat,Medium
தயவுசெய்து இதை சரி செய்யுங்கள். கிராம சாலை வளர்ச்சி பணி முடிக்கப்படவில்லை,Rural Development / Panchayat,High
தயவுசெய்து இதை சரி செய்யுங்கள். எங்கள் கிராமத்திற்கான பேருந்து சேவை குறைக்கப்பட்டுள்ளது இந்த பிரச்சனையை கவனிக்கவும்.,Transport,High
ദയവായി ഇത് പരിഹരിക്കുക. ഞങ്ങളുടെ പ്രദേശത്ത് വിത്തുകളുടെ ക്ഷാമമുണ്ട് ദയവായി ഈ വിഷയം പരിശോധിക്കുക.,Agriculture,High
இந்த பிரச்சனையை கவனிக்கவும்: எங்கள் தெருவில் குப்பை சேகரிக்கப்படவில்லை தயவுசெய்து இந்த பிரச்சனையை தீர்க்கவும்.,Waste Management,Low
ഈ പ്രശ്നത്തെക്കുറിച്ച് പരാതി നൽകുന്നു: എന്റെ സ്വത്തിന്റെ സർവേ വിവരങ്ങൾ തെറ്റാണ്,Revenue & Land Records,Medium
I want to report that The housing scheme beneficiary list is incorrect Please take necessary action.,Housing,Medium
സർക്കാർ ഓൺലൈൻ പോർട്ടൽ പ്രവർത്തിക്കുന്നില്ല ദയവായി ഈ വിഷയം പരിശോധിക്കുക.,e-Governance,Low
Kindly look into this: The government hospital does not have essential medicines,Health,High
ഈ പ്രശ്നത്തെക്കുറിച്ച് പരാതി നൽകുന്നു: ഞങ്ങളുടെ പ്രദേശത്ത് വെള്ളത്തിന്റെ സമ്മർദ്ദം വളരെ കുറവാണ് ദയവായി ഈ വിഷയം പരിശോധിക്കുക.,Water Services,Medium
ദയവായി സഹായിക്കണം. ഞങ്ങളുടെ പ്രദേശത്തെ കമ്മ്യൂണിറ്റി പാർക്ക് ഉപയോഗിക്കാൻ കഴിയുന്നില്ല ദയവായി ഈ വിഷയം പരിശോധിക്കുക.,Municipal Corporation,Low
ഞങ്ങളുടെ സ്കൂളിന് സമീപം അപകടകരമായി വാഹനങ്ങൾ ഓടിക്കുന്നു ദയവായി ഈ വിഷയം പരിശോധിക്കുക.,Police,Medium
குடிநீர் குழாயில் அழுத்தம் குறைவாக உள்ளது தயவுசெய்து இந்த பிரச்சனையை தீர்க்கவும்.,Water Services,High
பெண்கள் நலத்துறையின் உதவி வேண்டும் தயவுசெய்து இந்த பிரச்சனையை தீர்க்கவும்.,Women & Child Welfare,Medium
இந்த பிரச்சனையை கவனிக்கவும்: பொது பேருந்து அடிக்கடி அதிக கூட்டமாக உள்ளது தயவுசெய்து இந்த பிரச்சனையை தீர்க்கவும்.,Transport,Medium
இந்த பிரச்சனை குறித்து புகார் அளிக்கிறேன்: எனது தொழிலாளர் பதிவு விண்ணப்பம் நிலுவையில் உள்ளது,Labour & Employment,Medium
मैं शिकायत करना चाहता हूं कि पंचायत विकास निधि का उपयोग नहीं किया गया है,Rural Development / Panchayat,Medium
தயவுசெய்து இதை சரி செய்யுங்கள். விவசாயிகளுக்கு பாசன நீர் கிடைக்கவில்லை இந்த பிரச்சனையை கவனிக்கவும்.,Agriculture,Medium
There are no beds available in the public hospital Please look into this matter.,Health,Medium
I would like to complain that The government bus is not following its schedule Please take necessary action.,Transport,Low
എന്റെ ഭൂമി രേഖയുടെ പകർപ്പ് വേണം ദയവായി ഈ വിഷയം പരിശോധിക്കുക.,Revenue & Land Records,Medium
इस समस्या पर ध्यान दें: हमारे स्कूल के पास खतरनाक तरीके से वाहन चलाए जा रहे हैं कृपया इस समस्या का समाधान करें।,Police,High
ഈ പ്രശ്നത്തെക്കുറിച്ച് പരാതി നൽകുന്നു: ഞങ്ങളുടെ തെരുവിൽ നിന്ന് മാലിന്യം ശേഖരിക്കുന്നില്ല,Waste Management,High
वन क्षेत्र पर अतिक्रमण किया जा रहा है कृपया इस मामले को देखें।,Environment & Forest,Low
Kindly look into this: The public facility in our ward requires maintenance Kindly resolve this issue.,Municipal Corporation,Medium
இந்த பிரச்சனை குறித்து புகார் அளிக்கிறேன்: எனது புதிய ரேஷன் அட்டை வழங்கப்படவில்லை இந்த பிரச்சனையை கவனிக்கவும்.,Food & Civil Supplies,Low
इस समस्या पर ध्यान दें: आवास योजना की लाभार्थी सूची गलत है,Housing,Medium
कृपया मदद करें। मेरा बेरोजगारी सहायता आवेदन लंबित है कृपया आवश्यक कार्रवाई करें।,Labour & Employment,Medium
Kindly look into this: Someone has damaged my property Please take necessary action.,Police,Medium
मैं शिकायत करना चाहता हूं कि सरकारी बसें नियमित रूप से नहीं चल रही हैं कृपया इस मामले को देखें।,Transport,Low
कृपया इस समस्या को देखें: मेरा किसान सब्सिडी आवेदन लंबित है कृपया आवश्यक कार्रवाई करें।,Agriculture,High
தயவுசெய்து இதை சரி செய்யுங்கள். எங்கள் வயலுக்கான பாசன கால்வாய் சேதமடைந்துள்ளது,Agriculture,Medium
मैं शिकायत करना चाहता हूं कि मेरे घर के पास स्ट्रीट लाइट का खंभा खराब है कृपया आवश्यक कार्रवाई करें।,Municipal Corporation,Medium
I want to report that Our village needs better basic infrastructure Kindly resolve this issue.,Rural Development / Panchayat,Medium
Please help. Our village needs better public facilities,Rural Development / Panchayat,High
இந்த பிரச்சனை குறித்து புகார் அளிக்கிறேன்: அரசு பேருந்துகள் முறையாக இயக்கப்படவில்லை தயவுசெய்து தேவையான நடவடிக்கை எடுக்கவும்.,Transport,Medium
ഈ പ്രശ്നം ശ്രദ്ധിക്കുക: എന്റെ സ്കോളർഷിപ്പ് തുക ഇതുവരെ ലഭിച്ചിട്ടില്ല,Education,Low
தயவுசெய்து இதை சரி செய்யுங்கள். கழிவுநீர் குழாய் அடைத்துள்ளது இந்த பிரச்சனையை கவனிக்கவும்.,Drainage & Sewerage,High
ഈ പ്രശ്നത്തെക്കുറിച്ച് പരാതി നൽകുന്നു: കർഷകർക്ക് ജലസേചന വെള്ളം ലഭിക്കുന്നില്ല ദയവായി ഈ പ്രശ്നം പരിഹരിക്കുക.,Agriculture,Medium
I cannot download my government certificate,e-Governance,Medium
सड़क का किनारा टूट गया है,Roads & Highways,High
ദയവായി സഹായിക്കണം. സർക്കാർ ആശുപത്രിയിൽ കിടക്കകൾ ലഭ്യമല്ല ദയവായി ആവശ്യമായ നടപടി സ്വീകരിക്കുക.,Health,Low
कृपया इस समस्या को देखें: मेरा किफायती आवास आवेदन लंबित है,Housing,Medium
ദയവായി ഇത് പരിഹരിക്കുക. ഞങ്ങളുടെ വാർഡിലെ പൊതു സൗകര്യത്തിന് അറ്റകുറ്റപ്പണി ആവശ്യമാണ്,Municipal Corporation,Low
मैं शिकायत करना चाहता हूं कि मेरा किसान सब्सिडी आवेदन लंबित है कृपया इस समस्या का समाधान करें।,Agriculture,Medium
कृपया इस समस्या को देखें: एम्बुलेंस सेवा जवाब नहीं दे रही है,Health,Low
ഞങ്ങളുടെ തെരുവിന് സമീപമുള്ള ഡ്രെയിനേജ് പൈപ്പ് പൊട്ടിയിട്ടുണ്ട് ദയവായി ആവശ്യമായ നടപടി സ്വീകരിക്കുക.,Drainage & Sewerage,High
मैं शिकायत करना चाहता हूं कि सरकारी ऑनलाइन पोर्टल काम नहीं कर रहा है कृपया इस मामले को देखें।,e-Governance,High
कृपया इस समस्या को देखें: मेरी छात्रवृत्ति की राशि अभी तक नहीं मिली है कृपया आवश्यक कार्रवाई करें।,Education,Low
சுகாதார மையத்தில் அதிக கூட்டம் உள்ளது தயவுசெய்து இந்த பிரச்சனையை தீர்க்கவும்.,Health,Medium
Kindly look into this: The nutrition service for children is unavailable Please look into this matter.,Women & Child Welfare,Medium
कृपया इस समस्या को देखें: हमारे आवासीय क्षेत्र के पास एक संदिग्ध व्यक्ति है कृपया आवश्यक कार्रवाई करें।,Police,High
कृपया मदद करें। नगरपालिका की पानी की पाइपलाइन खराब है कृपया इस समस्या का समाधान करें।,Water Services,Low
I want to report that The doctor is unavailable at the public health centre Kindly resolve this issue.,Health,Medium
தயவுசெய்து உதவுங்கள். வீட்டு குப்பைகள் எங்கள் வீடுகளுக்கு அருகில் குவிந்துள்ளன தயவுசெய்து தேவையான நடவடிக்கை எடுக்கவும்.,Waste Management,Medium
इस समस्या पर ध्यान दें: मेरी मेडिकल रिपोर्ट में देरी हो रही है,Health,Medium
இந்த பிரச்சனை குறித்து புகார் அளிக்கிறேன்: எங்கள் தெருவில் குப்பை சேகரிக்கப்படவில்லை தயவுசெய்து தேவையான நடவடிக்கை எடுக்கவும்.,Waste Management,Low
I would like to complain that There is a large pothole on the main road Kindly resolve this issue.,Roads & Highways,Medium
मैं शिकायत करना चाहता हूं कि मेरी पुलिस शिकायत का अभी तक जवाब नहीं मिला है कृपया इस मामले को देखें।,Police,Low
ദയവായി ഇത് പരിഹരിക്കുക. ഞങ്ങളുടെ താമസ പ്രദേശത്തിന് സമീപം സംശയാസ്പദനായ ഒരാൾ ഉണ്ട് ദയവായി ആവശ്യമായ നടപടി സ്വീകരിക്കുക.,Police,Medium
The garbage container near the market is overflowing Please look into this matter.,Waste Management,High
எங்கள் பகுதியில் குடிநீர் வரவில்லை இந்த பிரச்சனையை கவனிக்கவும்.,Water Services,Medium
Kindly look into this: The panchayat development fund has not been used Kindly resolve this issue.,Rural Development / Panchayat,Medium
இந்த பிரச்சனை குறித்து புகார் அளிக்கிறேன்: தொழிற்சாலையில் இருந்து அதிக புகை வருகிறது இந்த பிரச்சனையை கவனிக்கவும்.,Environment & Forest,Medium
Please help. There is noise pollution from a factory Please look into this matter.,Environment & Forest,High
कृपया इस समस्या को देखें: मेरे परिवार का सदस्य राशन कार्ड में नहीं है कृपया आवश्यक कार्रवाई करें।,Food & Civil Supplies,Medium
தயவுசெய்து உதவுங்கள். எனது வேலைவாய்ப்பு நலத்தொகை கிடைக்கவில்லை தயவுசெய்து தேவையான நடவடிக்கை எடுக்கவும்.,Labour & Employment,Medium
இந்த பிரச்சனையை கவனிக்கவும்: எங்கள் வயலுக்கான பாசன கால்வாய் சேதமடைந்துள்ளது இந்த பிரச்சனையை கவனிக்கவும்.,Agriculture,High
ഈ പ്രശ്നം ശ്രദ്ധിക്കുക: എന്റെ പ്രവേശന അപേക്ഷ ഇപ്പോഴും പരിഗണനയിലാണ് ദയവായി ആവശ്യമായ നടപടി സ്വീകരിക്കുക.,Education,Low
എന്റെ ക്ഷേമ പദ്ധതി അപേക്ഷ പരിഗണനയിലാണ് ദയവായി ആവശ്യമായ നടപടി സ്വീകരിക്കുക.,Social Welfare,High
मैं शिकायत करना चाहता हूं कि हमारे गांव में बेहतर सार्वजनिक सुविधाओं की जरूरत है,Rural Development / Panchayat,Low
मैं शिकायत करना चाहता हूं कि सरकारी भवन की छत से पानी टपक रहा है कृपया आवश्यक कार्रवाई करें।,Public Works,Medium
ഭൂമി രജിസ്ട്രേഷൻ നടപടിയിൽ വൈകുന്നു,Revenue & Land Records,Medium
ഈ പ്രശ്നം ശ്രദ്ധിക്കുക: വിളനാശത്തിന് സഹായം ആവശ്യമാണ് ദയവായി ആവശ്യമായ നടപടി സ്വീകരിക്കുക.,Agriculture,High
I want to report that The school library does not have enough books Please take necessary action.,Education,Low
தயவுசெய்து இதை சரி செய்யுங்கள். நலத்திட்டத்திற்கு விண்ணப்பிக்க உதவி வேண்டும் இந்த பிரச்சனையை கவனிக்கவும்.,Social Welfare,Low
ஒரு தொழிற்சாலை கடுமையான காற்று மாசை ஏற்படுத்துகிறது தயவுசெய்து தேவையான நடவடிக்கை எடுக்கவும்.,Environment & Forest,Medium
ഈ പ്രശ്നം ശ്രദ്ധിക്കുക: ആംബുലൻസ് സേവനം പ്രതികരിക്കുന്നില്ല,Health,High
सरकारी छात्रावास में बेहतर सुविधाओं की जरूरत है कृपया इस मामले को देखें।,Education,Medium
इस समस्या पर ध्यान दें: मैं अवैध पेड़ कटाई की शिकायत करना चाहता हूं कृपया आवश्यक कार्रवाई करें।,Environment & Forest,Medium
कृपया इस समस्या को देखें: सरकारी रोजगार योजना में काम नहीं मिला है,Labour & Employment,High
സർക്കാർ ക്ലിനിക്ക് ജോലി സമയത്ത് തുറക്കുന്നില്ല ദയവായി ഈ പ്രശ്നം പരിഹരിക്കുക.,Health,Medium
இந்த பிரச்சனை குறித்து புகார் அளிக்கிறேன்: அரசு பேருந்துகள் முறையாக இயக்கப்படவில்லை தயவுசெய்து இந்த பிரச்சனையை தீர்க்கவும்.,Transport,Medium
குப்பை தொட்டிகள் நிரம்பி உள்ளன தயவுசெய்து இந்த பிரச்சனையை தீர்க்கவும்.,Waste Management,Medium
I would like to complain that The municipal office has not responded to our complaint Kindly resolve this issue.,Municipal Corporation,Medium
कृपया मदद करें। सरकारी क्लिनिक काम के समय में खुला नहीं है कृपया आवश्यक कार्रवाई करें।,Health,Low
Kindly look into this: The patta transfer application is pending Please look into this matter.,Revenue & Land Records,High
हमारे क्षेत्र का सार्वजनिक पार्क ठीक से साफ नहीं किया जाता कृपया आवश्यक कार्रवाई करें।,Municipal Corporation,Medium
ദയവായി ഇത് പരിഹരിക്കുക. ന്യായവില കട ജോലി സമയത്ത് തുറക്കുന്നില്ല ദയവായി ആവശ്യമായ നടപടി സ്വീകരിക്കുക.,Food & Civil Supplies,High
വ്യവസായ മാലിന്യം സമീപത്തെ ജലാശയത്തിലേക്ക് ഒഴുകുന്നു ദയവായി ഈ വിഷയം പരിശോധിക്കുക.,Environment & Forest,High
कृपया मदद करें। गांव के विकास कार्य में देरी हो रही है कृपया इस मामले को देखें।,Rural Development / Panchayat,High
कृपया इस समस्या को देखें: बारिश के बाद सीवर का पानी बाहर आ रहा है कृपया आवश्यक कार्रवाई करें।,Drainage & Sewerage,Medium
मेरा कल्याण प्रमाणपत्र जारी नहीं हुआ है कृपया आवश्यक कार्रवाई करें।,Social Welfare,Medium
ഈ പ്രശ്നത്തെക്കുറിച്ച് പരാതി നൽകുന്നു: സ്കൂൾ ലൈബ്രറിയിൽ മതിയായ പുസ്തകങ്ങൾ ഇല്ല ദയവായി ഈ വിഷയം പരിശോധിക്കുക.,Education,Medium
कृपया इस समस्या को देखें: हमारी सड़क से कचरा नहीं उठाया गया है कृपया आवश्यक कार्रवाई करें।,Waste Management,High
ദയവായി സഹായിക്കണം. സ്കൂൾ ലൈബ്രറിയിൽ മതിയായ പുസ്തകങ്ങൾ ഇല്ല,Education,High
ഈ പ്രശ്നം ശ്രദ്ധിക്കുക: എനിക്ക് ഈ മാസത്തെ പെൻഷൻ ലഭിച്ചിട്ടില്ല ദയവായി ആവശ്യമായ നടപടി സ്വീകരിക്കുക.,Social Welfare,Medium
सार्वजनिक भवन की खिड़कियां टूट गई हैं कृपया आवश्यक कार्रवाई करें।,Public Works,Medium
Please help. My land record has an incorrect entry Please take necessary action.,Revenue & Land Records,Medium
ദയവായി ഇത് പരിഹരിക്കുക. ഞങ്ങളുടെ ഗ്രാമത്തിലെ കമ്മ്യൂണിറ്റി ഹാളിന് അറ്റകുറ്റപ്പണി വേണം,Rural Development / Panchayat,Low
இந்த பிரச்சனையை கவனிக்கவும்: எனது சொத்து சர்வே விவரங்கள் தவறாக உள்ளன தயவுசெய்து இந்த பிரச்சனையை தீர்க்கவும்.,Revenue & Land Records,Medium
इस समस्या पर ध्यान दें: बारिश के बाद सीवर का पानी बाहर आ रहा है कृपया इस मामले को देखें।,Drainage & Sewerage,Medium
I would like to complain that The public toilet in our locality is not maintained Please look into this matter.,Municipal Corporation,High
தயவுசெய்து உதவுங்கள். பெண்கள் நலத்திட்டத்தில் உதவி வேண்டும் தயவுசெய்து தேவையான நடவடிக்கை எடுக்கவும்.,Women & Child Welfare,Low
தயவுசெய்து உதவுங்கள். அரசுப் பள்ளியில் போதுமான ஆசிரியர்கள் இல்லை தயவுசெய்து இந்த பிரச்சனையை தீர்க்கவும்.,Education,Medium
कृपया इस समस्या को देखें: मेरी मेडिकल रिपोर्ट में देरी हो रही है कृपया आवश्यक कार्रवाई करें।,Health,Medium
Please help. The road shoulder has collapsed Please take necessary action.,Roads & Highways,High
इस समस्या पर ध्यान दें: ऑनलाइन सेवा बार बार टाइम आउट हो रही है कृपया आवश्यक कार्रवाई करें।,e-Governance,Medium
എന്റെ ഭൂമി മ്യൂട്ടേഷൻ അപേക്ഷ പരിഗണനയിലാണ്,Revenue & Land Records,Medium
कृषि अधिकारी हमारे गांव में नहीं आए हैं कृपया इस समस्या का समाधान करें।,Agriculture,Low
कृपया मदद करें। सरकारी अस्पताल में जरूरी दवाइयां उपलब्ध नहीं हैं कृपया आवश्यक कार्रवाई करें।,Health,Medium
പൊതു ബസിൽ പതിവായി വലിയ തിരക്കാണ്,Transport,Low
இந்த பிரச்சனை குறித்து புகார் அளிக்கிறேன்: நெடுஞ்சாலையில் பல விரிசல்கள் உள்ளன இந்த பிரச்சனையை கவனிக்கவும்.,Roads & Highways,High
இந்த பிரச்சனை குறித்து புகார் அளிக்கிறேன்: டிஜிட்டல் அரசு சேவை கிடைக்கவில்லை,e-Governance,Medium
ദയവായി സഹായിക്കണം. ഞങ്ങളുടെ ഗ്രാമത്തിന് സമീപമുള്ള റോഡ് കുഴികളാൽ നിറഞ്ഞിരിക്കുന്നു ദയവായി ആവശ്യമായ നടപടി സ്വീകരിക്കുക.,Roads & Highways,Medium
ദയവായി ഇത് പരിഹരിക്കുക. ഒരു തർക്കത്തിന് പോലീസ് സഹായം ആവശ്യമാണ് ദയവായി ഈ വിഷയം പരിശോധിക്കുക.,Police,Low
எங்கள் தெருவில் குடிநீர் விநியோகம் இல்லை தயவுசெய்து இந்த பிரச்சனையை தீர்க்கவும்.,Water Services,Low
தயவுசெய்து உதவுங்கள். நில அளவை வரைபடத்தின் நகல் வேண்டும் தயவுசெய்து தேவையான நடவடிக்கை எடுக்கவும்.,Revenue & Land Records,Medium
कृपया इस समस्या को देखें: मुझे महिला कल्याण योजना में सहायता चाहिए कृपया आवश्यक कार्रवाई करें।,Women & Child Welfare,Medium
தயவுசெய்து இதை சரி செய்யுங்கள். அரசின் குழந்தை உதவித்தொகை நிலுவையில் உள்ளது தயவுசெய்து இந்த பிரச்சனையை தீர்க்கவும்.,Women & Child Welfare,Medium
इस समस्या पर ध्यान दें: सड़क का किनारा टूट गया है कृपया इस समस्या का समाधान करें।,Roads & Highways,Medium
Kindly look into this: The power supply has not been restored after the outage Kindly resolve this issue.,Electricity,Medium
தயவுசெய்து உதவுங்கள். காட்டிற்கு அருகில் சட்டவிரோதமாக கழிவுகள் கொட்டப்படுகின்றன இந்த பிரச்சனையை கவனிக்கவும்.,Environment & Forest,Low
Please help. There is an open garbage dump beside the road,Waste Management,Medium
ഈ പ്രശ്നം ശ്രദ്ധിക്കുക: ഞങ്ങളുടെ പ്രദേശത്ത് ദിവസവും വൈദ്യുതി മുടങ്ങുന്നു ദയവായി ഈ പ്രശ്നം പരിഹരിക്കുക.,Electricity,Medium
Please help. My scholarship has not been credited Kindly resolve this issue.,Education,Medium
தயவுசெய்து இதை சரி செய்யுங்கள். எங்கள் வீட்டருகே உள்ள தெருவிளக்கு கம்பம் சேதமடைந்துள்ளது தயவுசெய்து தேவையான நடவடிக்கை எடுக்கவும்.,Municipal Corporation,Medium
இந்த பிரச்சனை குறித்து புகார் அளிக்கிறேன்: சாலையின் அருகே மின்கம்பி ஆபத்தான நிலையில் தொங்குகிறது,Electricity,Low
I want to report that The fertilizer supply has been delayed Kindly resolve this issue.,Agriculture,Medium
We need assistance for crop loss Please take necessary action.,Agriculture,High
इस समस्या पर ध्यान दें: हमारे इलाके में कचरा संग्रह नियमित नहीं है,Waste Management,High
कृपया इस समस्या को देखें: मैं अवैध पेड़ कटाई की शिकायत करना चाहता हूं कृपया इस मामले को देखें।,Environment & Forest,Medium
फसल के नुकसान के लिए सहायता चाहिए कृपया इस मामले को देखें।,Agriculture,High
தயவுசெய்து உதவுங்கள். நலத்துறை அலுவலகம் பதிலளிக்கவில்லை தயவுசெய்து இந்த பிரச்சனையை தீர்க்கவும்.,Social Welfare,Low
I would like to complain that I need a copy of the land survey map Please look into this matter.,Revenue & Land Records,Medium
எங்கள் பகுதியில் போதுமான பேருந்து சேவைகள் இல்லை,Transport,High
தயவுசெய்து உதவுங்கள். எங்கள் பள்ளியில் சரியான வகுப்பறை வசதிகள் இல்லை,Education,High
ഈ പ്രശ്നം ശ്രദ്ധിക്കുക: കീടങ്ങൾ കാരണം എന്റെ വിള നശിച്ചു ദയവായി ഈ പ്രശ്നം പരിഹരിക്കുക.,Agriculture,Low
मैं शिकायत करना चाहता हूं कि अस्पताल की फार्मेसी में दवाइयां नहीं हैं कृपया इस मामले को देखें।,Health,Low
I would like to complain that The food supply at the ration shop is insufficient Please look into this matter.,Food & Civil Supplies,Medium
ദയവായി സഹായിക്കണം. ഇന്നലെ മുതൽ ഞങ്ങളുടെ തെരുവിൽ വെള്ളം എത്തിയിട്ടില്ല ദയവായി ഈ വിഷയം പരിശോധിക്കുക.,Water Services,Low
தயவுசெய்து இதை சரி செய்யுங்கள். எனது சொத்து பதிவில் பிழை உள்ளது,Revenue & Land Records,Medium
I cannot submit my application online,e-Governance,Low
தயவுசெய்து உதவுங்கள். எங்கள் பகுதியில் கடுமையான ரசாயன வாசனை உள்ளது தயவுசெய்து தேவையான நடவடிக்கை எடுக்கவும்.,Environment & Forest,Medium
ദയവായി ഇത് പരിഹരിക്കുക. ഞങ്ങളുടെ താമസ പ്രദേശത്ത് മികച്ച മുനിസിപ്പൽ സേവനങ്ങൾ ആവശ്യമാണ്,Municipal Corporation,Medium
I would like to complain that My beneficiary details are incorrect Please look into this matter.,Social Welfare,Low
I would like to complain that The government office requires electrical repairs Please look into this matter.,Public Works,High
I would like to complain that My employment certificate has been delayed Please take necessary action.,Labour & Employment,Medium
ഈ പ്രശ്നത്തെക്കുറിച്ച് പരാതി നൽകുന്നു: വീട്ടുമാലിന്യം വീടുകൾക്ക് സമീപം കെട്ടിക്കിടക്കുന്നു ദയവായി ഈ വിഷയം പരിശോധിക്കുക.,Waste Management,Medium
ഈ പ്രശ്നത്തെക്കുറിച്ച് പരാതി നൽകുന്നു: കൃഷി ഓഫീസർ ഞങ്ങളുടെ ഗ്രാമത്തിൽ വന്നിട്ടില്ല ദയവായി ഈ പ്രശ്നം പരിഹരിക്കുക.,Agriculture,Low
எங்கள் கிராமத்திற்கு அருகிலுள்ள ஆறு மாசடைந்துள்ளது,Environment & Forest,Low
இந்த பிரச்சனை குறித்து புகார் அளிக்கிறேன்: குழந்தைகளுக்கான ஊட்டச்சத்து சேவை கிடைக்கவில்லை தயவுசெய்து இந்த பிரச்சனையை தீர்க்கவும்.,Women & Child Welfare,High
தயவுசெய்து உதவுங்கள். எனது தொழிலாளர் பதிவு விவரங்கள் தவறாக உள்ளன தயவுசெய்து தேவையான நடவடிக்கை எடுக்கவும்.,Labour & Employment,High
कृपया मदद करें। मेरी छात्रवृत्ति का आवेदन लंबित है कृपया इस समस्या का समाधान करें।,Education,Low
இந்த பிரச்சனையை கவனிக்கவும்: எங்கள் பகுதியில் கடுமையான ரசாயன வாசனை உள்ளது இந்த பிரச்சனையை கவனிக்கவும்.,Environment & Forest,Low
कृपया इस समस्या को देखें: भूमिगत जल निकासी व्यवस्था बंद है कृपया आवश्यक कार्रवाई करें।,Drainage & Sewerage,Low
हमारा बिजली कनेक्शन बार बार बंद हो रहा है कृपया आवश्यक कार्रवाई करें।,Electricity,Medium
ഈ പ്രശ്നം ശ്രദ്ധിക്കുക: സർക്കാർ ഹോസ്റ്റലിൽ മികച്ച സൗകര്യങ്ങൾ ആവശ്യമാണ്,Education,Medium
இந்த பிரச்சனையை கவனிக்கவும்: அரசின் குழந்தை உதவித்தொகை நிலுவையில் உள்ளது,Women & Child Welfare,Medium
My police complaint has not received a response Kindly resolve this issue.,Police,Medium
कृपया मदद करें। भूमिगत जल निकासी व्यवस्था बंद है कृपया इस मामले को देखें।,Drainage & Sewerage,High
ഈ പ്രശ്നം ശ്രദ്ധിക്കുക: എന്റെ റവന്യൂ സർട്ടിഫിക്കറ്റ് നൽകിയിട്ടില്ല ദയവായി ഈ പ്രശ്നം പരിഹരിക്കുക.,Revenue & Land Records,Medium
இந்த பிரச்சனையை கவனிக்கவும்: எனது விண்ணப்பத்தை ஆன்லைனில் சமர்ப்பிக்க முடியவில்லை,e-Governance,High
தயவுசெய்து உதவுங்கள். எனக்கு மிரட்டல் செய்தி வந்துள்ளது தயவுசெய்து தேவையான நடவடிக்கை எடுக்கவும்.,Police,High
ഈ പ്രശ്നത്തെക്കുറിച്ച് പരാതി നൽകുന്നു: പഞ്ചായത്ത് ഓഫീസ് ഞങ്ങളുടെ പരാതിക്ക് മറുപടി നൽകിയിട്ടില്ല ദയവായി ഈ വിഷയം പരിശോധിക്കുക.,Rural Development / Panchayat,High
இந்த பிரச்சனை குறித்து புகார் அளிக்கிறேன்: எனது ஆன்லைன் விண்ணப்ப நிலை மாறவில்லை தயவுசெய்து தேவையான நடவடிக்கை எடுக்கவும்.,e-Governance,Medium
कृपया मदद करें। मेरे श्रमिक पंजीकरण की जानकारी गलत है कृपया इस मामले को देखें।,Labour & Employment,High
Please help. The digital government service is unavailable Please look into this matter.,e-Governance,Medium
எங்கள் பகுதியில் கழிவுநீர் தேங்கி உள்ளது இந்த பிரச்சனையை கவனிக்கவும்.,Drainage & Sewerage,Medium
ദയവായി ഇത് പരിഹരിക്കുക. സർക്കാർ കുട്ടി സഹായ തുക പരിഗണനയിലാണ് ദയവായി ഈ പ്രശ്നം പരിഹരിക്കുക.,Women & Child Welfare,Medium
Kindly look into this: The hospital pharmacy has no medicines,Health,High
I want to report that The garbage vehicle has stopped visiting our locality Kindly resolve this issue.,Waste Management,High
தயவுசெய்து இதை சரி செய்யுங்கள். எங்கள் குடியிருப்பு பகுதியில் சந்தேகமான நபர் உள்ளார் இந்த பிரச்சனையை கவனிக்கவும்.,Police,Medium
इस समस्या पर ध्यान दें: एक कारखाना गंभीर वायु प्रदूषण कर रहा है कृपया आवश्यक कार्रवाई करें।,Environment & Forest,Medium
இந்த பிரச்சனையை கவனிக்கவும்: பெண்கள் நலத்திட்டத்தில் உதவி வேண்டும் இந்த பிரச்சனையை கவனிக்கவும்.,Women & Child Welfare,Medium
தயவுசெய்து உதவுங்கள். நில உரிமை பதிவை புதுப்பிக்க வேண்டும்,Revenue & Land Records,Low
Kindly look into this: The rural welfare project is pending Please take necessary action.,Rural Development / Panchayat,Medium
I would like to complain that My medical report has been delayed,Health,High
Please help. I have not received my housing scheme benefit Kindly resolve this issue.,Housing,Medium
தயவுசெய்து இதை சரி செய்யுங்கள். குடிநீர் குழாயில் அழுத்தம் குறைவாக உள்ளது,Water Services,High
தயவுசெய்து இதை சரி செய்யுங்கள். எனது மருத்துவ அறிக்கை தாமதமாகியுள்ளது தயவுசெய்து இந்த பிரச்சனையை தீர்க்கவும்.,Health,High
There is sewage water outside our house Please take necessary action.,Drainage & Sewerage,High
ഈ പ്രശ്നം ശ്രദ്ധിക്കുക: ഞങ്ങളുടെ ഗ്രാമത്തിലേക്കുള്ള ബസ് സർവീസ് കുറച്ചു ദയവായി ആവശ്യമായ നടപടി സ്വീകരിക്കുക.,Transport,Medium
ഈ പ്രശ്നം ശ്രദ്ധിക്കുക: എന്റെ സ്വത്ത് രേഖയിൽ പിഴവുണ്ട് ദയവായി ഈ പ്രശ്നം പരിഹരിക്കുക.,Revenue & Land Records,Medium
நிலத்தடி கழிவுநீர் அமைப்பு அடைத்துள்ளது தயவுசெய்து தேவையான நடவடிக்கை எடுக்கவும்.,Drainage & Sewerage,Medium
ഈ പ്രശ്നത്തെക്കുറിച്ച് പരാതി നൽകുന്നു: എന്റെ വാഹനം മോഷണം പോയി,Police,Critical
I would like to complain that Garbage has not been collected from our street Please take necessary action.,Waste Management,Low
I would like to complain that The main road needs resurfacing Please look into this matter.,Roads & Highways,Medium
मैं शिकायत करना चाहता हूं कि मेरा शिक्षा प्रमाणपत्र अभी तक नहीं आया है,Education,Medium
ദയവായി സഹായിക്കണം. എനിക്ക് ഭീഷണി സന്ദേശം ലഭിച്ചു ദയവായി ഈ പ്രശ്നം പരിഹരിക്കുക.,Police,Critical
நெடுஞ்சாலை மிகவும் சேதமடைந்துள்ளது,Roads & Highways,Low
எங்கள் பள்ளியில் சரியான வகுப்பறை வசதிகள் இல்லை தயவுசெய்து தேவையான நடவடிக்கை எடுக்கவும்.,Education,Medium
कृपया इस समस्या को देखें: कल से हमारे इलाके में बिजली की आपूर्ति नहीं है कृपया आवश्यक कार्रवाई करें।,Electricity,Medium
कृपया मदद करें। हमारे इलाके का सार्वजनिक शौचालय ठीक से maintained नहीं है,Municipal Corporation,Medium
ദയവായി സഹായിക്കണം. എനിക്ക് ഭീഷണി സന്ദേശം ലഭിച്ചു,Police,High
ദയവായി ഇത് പരിഹരിക്കുക. റേഷൻ കടയിൽ അരി നൽകുന്നില്ല ദയവായി ആവശ്യമായ നടപടി സ്വീകരിക്കുക.,Food & Civil Supplies,High
அரசு அலுவலகத்திற்கு மின் பழுதுபார்ப்பு தேவை இந்த பிரச்சனையை கவனிக்கவும்.,Public Works,High
தயவுசெய்து இதை சரி செய்யுங்கள். விவசாயிகளுக்கு பயிர் காப்பீட்டு உதவி கிடைக்கவில்லை இந்த பிரச்சனையை கவனிக்கவும்.,Agriculture,High
தயவுசெய்து உதவுங்கள். எங்கள் கிராமத்திற்கான பேருந்து சேவை குறைக்கப்பட்டுள்ளது தயவுசெய்து இந்த பிரச்சனையை தீர்க்கவும்.,Transport,High
இந்த பிரச்சனை குறித்து புகார் அளிக்கிறேன்: சாலையின் அருகே மின்கம்பி ஆபத்தான நிலையில் தொங்குகிறது தயவுசெய்து தேவையான நடவடிக்கை எடுக்கவும்.,Electricity,Medium
My affordable housing application is pending Please take necessary action.,Housing,Medium
ഈ പ്രശ്നം ശ്രദ്ധിക്കുക: ഞങ്ങളുടെ സർക്കാർ സ്കൂളിൽ കമ്പ്യൂട്ടറുകൾ ഇല്ല,Education,Medium
कृपया इस समस्या को देखें: मेरे बिजली बिल में गलत रीडिंग दिखाई गई है कृपया इस समस्या का समाधान करें।,Electricity,Low
ദയവായി സഹായിക്കണം. എന്റെ സ്വത്തിന്റെ സർവേ വിവരങ്ങൾ തെറ്റാണ് ദയവായി ആവശ്യമായ നടപടി സ്വീകരിക്കുക.,Revenue & Land Records,Low
தயவுசெய்து உதவுங்கள். எனது நலத்திட்ட விண்ணப்பம் நிலுவையில் உள்ளது,Social Welfare,Medium
Kindly look into this: The nutrition service for children is unavailable Please take necessary action.,Women & Child Welfare,Medium
सरकारी क्लिनिक काम के समय में खुला नहीं है कृपया इस समस्या का समाधान करें।,Health,Medium
ദയവായി സഹായിക്കണം. എന്റെ ഭവന സഹായ അപേക്ഷ പരിഗണനയിലാണ്,Housing,Low
எங்கள் பகுதியில் குடிநீர் பற்றாக்குறை உள்ளது,Water Services,High
ഈ പ്രശ്നം ശ്രദ്ധിക്കുക: ഗ്രാമ വികസന പ്രവർത്തനം വൈകുകയാണ് ദയവായി ഈ പ്രശ്നം പരിഹരിക്കുക.,Rural Development / Panchayat,Medium
தயவுசெய்து உதவுங்கள். எனது வேலைவாய்ப்பு சான்றிதழ் தாமதமாகியுள்ளது இந்த பிரச்சனையை கவனிக்கவும்.,Labour & Employment,Medium
ദയവായി ഇത് പരിഹരിക്കുക. എന്റെ വീടിന് സമീപമുള്ള മലിനജല ഓട അടഞ്ഞിരിക്കുന്നു,Drainage & Sewerage,Medium
ദയവായി ഇത് പരിഹരിക്കുക. സർക്കാർ തൊഴിൽ പദ്ധതിയിൽ ജോലി ലഭിച്ചിട്ടില്ല ദയവായി ഈ പ്രശ്നം പരിഹരിക്കുക.,Labour & Employment,Medium
ദയവായി സഹായിക്കണം. ഞങ്ങളുടെ പ്രദേശത്ത് വോൾട്ടേജ് വ്യതിയാനം പതിവാണ് ദയവായി ആവശ്യമായ നടപടി സ്വീകരിക്കുക.,Electricity,High
इस समस्या पर ध्यान दें: मैं अपना सरकारी प्रमाणपत्र डाउनलोड नहीं कर सकता,e-Governance,Low
ദയവായി ഇത് പരിഹരിക്കുക. എന്റെ റേഷൻ കാർഡ് അപേക്ഷ പരിഗണനയിലാണ് ദയവായി ഈ പ്രശ്നം പരിഹരിക്കുക.,Food & Civil Supplies,Low
இந்த பிரச்சனை குறித்து புகார் அளிக்கிறேன்: எங்கள் பகுதியில் உள்ள குப்பைத் தொட்டிகள் நிரம்பி வழிகின்றன,Waste Management,Medium
தயவுசெய்து உதவுங்கள். வேளாண் அதிகாரி எங்கள் கிராமத்திற்கு வரவில்லை,Agriculture,Medium
कृपया मदद करें। राशन की दुकान पर खाद्य सामग्री पर्याप्त नहीं है,Food & Civil Supplies,Medium
मैं शिकायत करना चाहता हूं कि सार्वजनिक भवन की खिड़कियां टूट गई हैं कृपया आवश्यक कार्रवाई करें।,Public Works,High
ദയവായി സഹായിക്കണം. വനത്തിന് സമീപം അനധികൃതമായി മാലിന്യം തള്ളുന്നു ദയവായി ഈ വിഷയം പരിശോധിക്കുക.,Environment & Forest,Low
ദയവായി ഇത് പരിഹരിക്കുക. ഞങ്ങളുടെ പ്രദേശത്തിന് സമീപം ശക്തമായ രാസവസ്തു ഗന്ധമുണ്ട് ദയവായി ഈ വിഷയം പരിശോധിക്കുക.,Environment & Forest,High
எனது ரேஷன் அட்டை விண்ணப்பம் நிலுவையில் உள்ளது இந்த பிரச்சனையை கவனிக்கவும்.,Food & Civil Supplies,Medium
இந்த பிரச்சனை குறித்து புகார் அளிக்கிறேன்: சுகாதார மையத்தில் அதிக கூட்டம் உள்ளது தயவுசெய்து தேவையான நடவடிக்கை எடுக்கவும்.,Health,Medium
बाजार के पास कचरे का डिब्बा भर गया है कृपया आवश्यक कार्रवाई करें।,Waste Management,Low
தயவுசெய்து இதை சரி செய்யுங்கள். கிராம வளர்ச்சி திட்டம் நிறுத்தப்பட்டுள்ளது தயவுசெய்து இந்த பிரச்சனையை தீர்க்கவும்.,Rural Development / Panchayat,Low
मुझे अपना रोजगार लाभ नहीं मिला है कृपया इस समस्या का समाधान करें।,Labour & Employment,Medium
இந்த பிரச்சனையை கவனிக்கவும்: ஆன்லைன் குடிமக்கள் சேவையை அணுக முடியவில்லை தயவுசெய்து தேவையான நடவடிக்கை எடுக்கவும்.,e-Governance,Medium
कृपया मदद करें। खराब सड़क के कारण दुर्घटनाएं हो रही हैं कृपया आवश्यक कार्रवाई करें।,Roads & Highways,Low
Please help. My welfare certificate has not been issued Kindly resolve this issue.,Social Welfare,Low
कृपया इस समस्या को देखें: मेरा किसान सब्सिडी आवेदन लंबित है कृपया इस समस्या का समाधान करें।,Agriculture,Low
தயவுசெய்து இதை சரி செய்யுங்கள். எனது நலச் சான்றிதழ் வழங்கப்படவில்லை,Social Welfare,Medium
இந்த பிரச்சனை குறித்து புகார் அளிக்கிறேன்: எங்கள் தெருவின் அருகிலுள்ள மின்மாற்றியில் வித்தியாசமான சத்தம் வருகிறது,Electricity,Low
தயவுசெய்து உதவுங்கள். விவசாய மானியங்கள் குறித்து தகவல் வேண்டும்,Agriculture,High
இந்த பிரச்சனையை கவனிக்கவும்: நெடுஞ்சாலை மிகவும் சேதமடைந்துள்ளது இந்த பிரச்சனையை கவனிக்கவும்.,Roads & Highways,High
मैं शिकायत करना चाहता हूं कि कचरा संग्रह कर्मचारी नियमित रूप से नहीं आ रहे हैं,Waste Management,Low
ആംബുലൻസ് സേവനം പ്രതികരിക്കുന്നില്ല ദയവായി ഈ പ്രശ്നം പരിഹരിക്കുക.,Health,Low
I would like to complain that The forest area is being encroached,Environment & Forest,Low
हमारे आवासीय क्षेत्र में बेहतर नगर निगम सेवाओं की जरूरत है कृपया इस मामले को देखें।,Municipal Corporation,High
ഈ പ്രശ്നത്തെക്കുറിച്ച് പരാതി നൽകുന്നു: ഞങ്ങളുടെ പ്രദേശത്തെ കമ്മ്യൂണിറ്റി പാർക്ക് ഉപയോഗിക്കാൻ കഴിയുന്നില്ല ദയവായി ഈ വിഷയം പരിശോധിക്കുക.,Municipal Corporation,Medium
Please help. There is a dispute that requires police assistance Please look into this matter.,Police,Medium
Please help. The panchayat office has not responded to our complaint Please take necessary action.,Rural Development / Panchayat,Medium
இந்த பிரச்சனையை கவனிக்கவும்: முக்கிய சாலைக்கு புதிய தார் போட வேண்டும் இந்த பிரச்சனையை கவனிக்கவும்.,Roads & Highways,High
എന്റെ കുട്ടിയുടെ ക്ഷേമ ആനുകൂല്യം ലഭിച്ചിട്ടില്ല ദയവായി ആവശ്യമായ നടപടി സ്വീകരിക്കുക.,Women & Child Welfare,Medium
தயவுசெய்து உதவுங்கள். சாலையின் ஓரம் இடிந்து விழுந்துள்ளது இந்த பிரச்சனையை கவனிக்கவும்.,Roads & Highways,Medium
Kindly look into this: Waste bins in our area are overflowing Kindly resolve this issue.,Waste Management,Medium
പൊതു പൈപ്പിലൂടെ മലിനമായ വെള്ളം വരുന്നു ദയവായി ഈ പ്രശ്നം പരിഹരിക്കുക.,Water Services,Medium
தயவுசெய்து இதை சரி செய்யுங்கள். எங்கள் வார்டில் உள்ள பொது வசதிக்கு பராமரிப்பு தேவை,Municipal Corporation,High
I want to report that The water supply schedule is not being followed Please take necessary action.,Water Services,High
ഈ പ്രശ്നം ശ്രദ്ധിക്കുക: എന്റെ ഭൂമി രേഖയിൽ തെറ്റായ വിവരമുണ്ട് ദയവായി ഈ വിഷയം പരിശോധിക്കുക.,Revenue & Land Records,High
ദയവായി സഹായിക്കണം. സർക്കാർ ആശുപത്രിയിൽ ആവശ്യമായ മരുന്നുകൾ ലഭ്യമല്ല,Health,High
I would like to complain that I need a copy of the land survey map,Revenue & Land Records,Low
इस समस्या पर ध्यान दें: उर्वरक की आपूर्ति में देरी हो रही है कृपया इस समस्या का समाधान करें।,Agriculture,High
ഈ പ്രശ്നത്തെക്കുറിച്ച് പരാതി നൽകുന്നു: സർക്കാർ ഹോസ്റ്റലിൽ മികച്ച സൗകര്യങ്ങൾ ആവശ്യമാണ്,Education,High
ഈ പ്രശ്നം ശ്രദ്ധിക്കുക: എന്റെ തൊഴിലില്ലായ്മ സഹായ അപേക്ഷ പരിഗണനയിലാണ് ദയവായി ഈ വിഷയം പരിശോധിക്കുക.,Labour & Employment,Medium
தயவுசெய்து உதவுங்கள். எனது தொழிலாளர் நல விண்ணப்பம் செயல்படுத்தப்படவில்லை தயவுசெய்து இந்த பிரச்சனையை தீர்க்கவும்.,Labour & Employment,Medium
मैं ऑनलाइन नागरिक सेवा का उपयोग नहीं कर पा रहा हूं कृपया इस समस्या का समाधान करें।,e-Governance,Medium
There are cracks across the highway,Roads & Highways,Medium
ഈ പ്രശ്നം ശ്രദ്ധിക്കുക: എന്റെ അപേക്ഷ ഓൺലൈനായി സമർപ്പിക്കാൻ കഴിയുന്നില്ല,e-Governance,Low
இந்த பிரச்சனையை கவனிக்கவும்: அரசு அலுவலகத்திற்கு மின் பழுதுபார்ப்பு தேவை தயவுசெய்து இந்த பிரச்சனையை தீர்க்கவும்.,Public Works,Low
Please help. My land mutation application is pending Please take necessary action.,Revenue & Land Records,Low
कृपया इस समस्या को देखें: सरकारी रोजगार योजना में काम नहीं मिला है कृपया आवश्यक कार्रवाई करें।,Labour & Employment,Medium
தயவுசெய்து இதை சரி செய்யுங்கள். ஒரு தொழிற்சாலை கடுமையான காற்று மாசை ஏற்படுத்துகிறது இந்த பிரச்சனையை கவனிக்கவும்.,Environment & Forest,Low
ഈ പ്രശ്നം ശ്രദ്ധിക്കുക: പൊതു പൈപ്പിലൂടെ മലിനമായ വെള്ളം വരുന്നു ദയവായി ഈ പ്രശ്നം പരിഹരിക്കുക.,Water Services,High
कृपया मदद करें। हमारे इलाके में अवैध रूप से पेड़ काटे जा रहे हैं कृपया इस समस्या का समाधान करें।,Environment & Forest,Medium
कृपया मदद करें। मेरी सामाजिक कल्याण पेंशन जमा नहीं हुई है कृपया इस समस्या का समाधान करें।,Social Welfare,Low
தயவுசெய்து இதை சரி செய்யுங்கள். சட்டவிரோத மர வெட்டலை புகார் செய்ய வேண்டும் தயவுசெய்து தேவையான நடவடிக்கை எடுக்கவும்.,Environment & Forest,Low
ஊராட்சி அலுவலகம் எங்கள் புகாருக்கு பதிலளிக்கவில்லை தயவுசெய்து இந்த பிரச்சனையை தீர்க்கவும்.,Rural Development / Panchayat,Low
ഈ പ്രശ്നം ശ്രദ്ധിക്കുക: ഞങ്ങളുടെ താമസ പ്രദേശത്ത് മികച്ച മുനിസിപ്പൽ സേവനങ്ങൾ ആവശ്യമാണ് ദയവായി ഈ പ്രശ്നം പരിഹരിക്കുക.,Municipal Corporation,Medium
I need help registering as a worker Kindly resolve this issue.,Labour & Employment,Medium
इस समस्या पर ध्यान दें: सड़क की सफाई का समय निर्धारित तरीके से नहीं हो रहा है कृपया आवश्यक कार्रवाई करें।,Municipal Corporation,Low
ദയവായി ഇത് പരിഹരിക്കുക. മലിനജലം തെരുവിലേക്ക് ഒഴുകുന്നു ദയവായി ആവശ്യമായ നടപടി സ്വീകരിക്കുക.,Drainage & Sewerage,Medium
ദയവായി ഇത് പരിഹരിക്കുക. കർഷകർക്ക് വിള ഇൻഷുറൻസ് സഹായം ലഭിച്ചിട്ടില്ല ദയവായി ഈ വിഷയം പരിശോധിക്കുക.,Agriculture,Medium
தயவுசெய்து உதவுங்கள். அரசு வீட்டு திட்டம் குறித்து தகவல் வேண்டும்,Housing,High
இந்த பிரச்சனையை கவனிக்கவும்: யாரோ எனது சொத்தை சேதப்படுத்தியுள்ளனர்,Police,High
ഈ പ്രശ്നം ശ്രദ്ധിക്കുക: പൊതു കെട്ടിടത്തിലെ ജനലുകൾ തകർന്നിട്ടുണ്ട് ദയവായി ഈ പ്രശ്നം പരിഹരിക്കുക.,Public Works,Medium
ദയവായി ഇത് പരിഹരിക്കുക. മുനിസിപ്പൽ ഓഫീസ് ഞങ്ങളുടെ പരാതിക്ക് മറുപടി നൽകിയിട്ടില്ല ദയവായി ഈ വിഷയം പരിശോധിക്കുക.,Municipal Corporation,Low
मेरा किसान सब्सिडी आवेदन लंबित है कृपया आवश्यक कार्रवाई करें।,Agriculture,Medium
कृपया इस समस्या को देखें: मुझे आवास योजना का लाभ अभी तक नहीं मिला है कृपया इस मामले को देखें।,Housing,Low
Kindly look into this: The waste collection workers are not coming regularly Please take necessary action.,Waste Management,Medium
தயவுசெய்து உதவுங்கள். எனது சொத்து பதிவில் பிழை உள்ளது தயவுசெய்து இந்த பிரச்சனையை தீர்க்கவும்.,Revenue & Land Records,Low
ഞങ്ങളുടെ സർക്കാർ സ്കൂളിൽ കമ്പ്യൂട്ടറുകൾ ഇല്ല,Education,Medium
தயவுசெய்து உதவுங்கள். எங்கள் தெருவின் அருகே சட்டவிரோத செயல்கள் நடக்கின்றன இந்த பிரச்சனையை கவனிக்கவும்.,Police,Medium
कृपया मदद करें। पंचायत ने गांव की सुविधाओं की मरम्मत नहीं की है कृपया इस मामले को देखें।,Rural Development / Panchayat,Low
இந்த பிரச்சனையை கவனிக்கவும்: குப்பை வண்டி எங்கள் பகுதிக்கு வரவில்லை தயவுசெய்து இந்த பிரச்சனையை தீர்க்கவும்.,Waste Management,Medium
ദയവായി ഇത് പരിഹരിക്കുക. ഞങ്ങളുടെ വീടിന് പുറത്ത് മലിനജലം കെട്ടിക്കിടക്കുന്നു ദയവായി ഈ വിഷയം പരിശോധിക്കുക.,Drainage & Sewerage,Medium
தயவுசெய்து இதை சரி செய்யுங்கள். சுகாதார மையத்தில் அதிக கூட்டம் உள்ளது தயவுசெய்து இந்த பிரச்சனையை தீர்க்கவும்.,Health,High
தயவுசெய்து இதை சரி செய்யுங்கள். எங்கள் பகுதியில் உள்ள பொது கழிப்பிடம் பராமரிக்கப்படவில்லை தயவுசெய்து இந்த பிரச்சனையை தீர்க்கவும்.,Municipal Corporation,High
ഈ പ്രശ്നത്തെക്കുറിച്ച് പരാതി നൽകുന്നു: മഴയ്ക്ക് ശേഷം സീവർ വെള്ളം പുറത്തേക്ക് ഒഴുകുന്നു ദയവായി ആവശ്യമായ നടപടി സ്വീകരിക്കുക.,Drainage & Sewerage,Medium
Kindly look into this: The government portal is very slow Please look into this matter.,e-Governance,Medium
I need information about employment schemes,Labour & Employment,Medium
Kindly look into this: I need help with a women welfare scheme Please take necessary action.,Women & Child Welfare,Low
இந்த பிரச்சனை குறித்து புகார் அளிக்கிறேன்: சந்தைக்கு அருகிலுள்ள குப்பைத் தொட்டி நிரம்பியுள்ளது தயவுசெய்து இந்த பிரச்சனையை தீர்க்கவும்.,Waste Management,High
தயவுசெய்து இதை சரி செய்யுங்கள். எனது நில மாற்ற விண்ணப்பம் நிலுவையில் உள்ளது தயவுசெய்து இந்த பிரச்சனையை தீர்க்கவும்.,Revenue & Land Records,Medium
कृपया इस समस्या को देखें: सरकारी अस्पताल में जरूरी दवाइयां उपलब्ध नहीं हैं,Health,High
कृपया मदद करें। राशन की दुकान पर चावल नहीं दिया जा रहा है कृपया आवश्यक कार्रवाई करें।,Food & Civil Supplies,Low
Kindly look into this: The transformer near our street is making unusual sounds Please take necessary action.,Electricity,High
कृपया मदद करें। मेरे लाभार्थी विवरण गलत हैं कृपया आवश्यक कार्रवाई करें।,Social Welfare,Medium
Please help. The health centre is overcrowded,Health,High
ഈ പ്രശ്നത്തെക്കുറിച്ച് പരാതി നൽകുന്നു: എനിക്ക് തൊഴിൽ ആനുകൂല്യം ലഭിച്ചിട്ടില്ല ദയവായി ഈ വിഷയം പരിശോധിക്കുക.,Labour & Employment,Medium
தயவுசெய்து உதவுங்கள். எங்கள் பகுதியில் சட்டவிரோதமாக மரங்கள் வெட்டப்படுகின்றன,Environment & Forest,Low
தயவுசெய்து உதவுங்கள். கிராம நலத்திட்டம் நிலுவையில் உள்ளது இந்த பிரச்சனையை கவனிக்கவும்.,Rural Development / Panchayat,Medium
തൊഴിൽ പദ്ധതികളെക്കുറിച്ച് വിവരം വേണം ദയവായി ആവശ്യമായ നടപടി സ്വീകരിക്കുക.,Labour & Employment,Medium
എന്റെ ഭൂമി രേഖയിൽ തെറ്റായ വിവരമുണ്ട്,Revenue & Land Records,Medium
I would like to complain that There are no beds available in the public hospital Please look into this matter.,Health,High
தயவுசெய்து இதை சரி செய்யுங்கள். மேல்நிலை நீர்த்தேக்க தொட்டிக்கு தண்ணீர் வரவில்லை தயவுசெய்து இந்த பிரச்சனையை தீர்க்கவும்.,Water Services,Medium
मैं शिकायत करना चाहता हूं कि पंचायत ने गांव की सुविधाओं की मरम्मत नहीं की है कृपया इस मामले को देखें।,Rural Development / Panchayat,Low
எங்கள் வார்டில் உள்ள பொது வசதிக்கு பராமரிப்பு தேவை தயவுசெய்து இந்த பிரச்சனையை தீர்க்கவும்.,Municipal Corporation,High
The road shoulder has collapsed Please take necessary action.,Roads & Highways,High
मैं शिकायत करना चाहता हूं कि सरकारी रोजगार योजना में काम नहीं मिला है कृपया इस समस्या का समाधान करें।,Labour & Employment,Low
ദയവായി സഹായിക്കണം. എന്റെ തൊഴിലില്ലായ്മ സഹായ അപേക്ഷ പരിഗണനയിലാണ് ദയവായി ഈ പ്രശ്നം പരിഹരിക്കുക.,Labour & Employment,Medium
कृपया इस समस्या को देखें: मेरे डिजिटल आवेदन पर कार्रवाई नहीं हुई है कृपया आवश्यक कार्रवाई करें।,e-Governance,Low
ഈ പ്രശ്നം ശ്രദ്ധിക്കുക: ബസ് ഷെൽട്ടർ കേടായിട്ടുണ്ട്,Transport,High
मैं शिकायत करना चाहता हूं कि सड़क की मरम्मत का काम देर से हो रहा है,Roads & Highways,Low
मैं शिकायत करना चाहता हूं कि सार्वजनिक पानी की पाइपलाइन में रिसाव है कृपया इस समस्या का समाधान करें।,Water Services,Medium
ദയവായി സഹായിക്കണം. സർക്കാർ ഭവന പദ്ധതിയെക്കുറിച്ച് വിവരം വേണം ദയവായി ഈ പ്രശ്നം പരിഹരിക്കുക.,Housing,Medium
தயவுசெய்து இதை சரி செய்யுங்கள். ரேஷன் கடையில் உணவுப் பொருட்கள் போதுமானதாக இல்லை தயவுசெய்து தேவையான நடவடிக்கை எடுக்கவும்.,Food & Civil Supplies,Medium
ഈ പ്രശ്നത്തെക്കുറിച്ച് പരാതി നൽകുന്നു: ഭവന പദ്ധതി അപേക്ഷയിൽ സഹായം വേണം,Housing,Medium
I would like to complain that The child protection service is not responding Please look into this matter.,Women & Child Welfare,Low
ദയവായി ഇത് പരിഹരിക്കുക. എന്റെ ഭവന സഹായ അപേക്ഷ പരിഗണനയിലാണ് ദയവായി ഈ വിഷയം പരിശോധിക്കുക.,Housing,Low
I want to report that The government hostel needs better facilities Kindly resolve this issue.,Education,Medium
कृपया मदद करें। सड़क की सफाई का समय निर्धारित तरीके से नहीं हो रहा है कृपया इस मामले को देखें।,Municipal Corporation,Medium
I want to report that The public toilet in our locality is not maintained Please look into this matter.,Municipal Corporation,Medium
ദയവായി സഹായിക്കണം. ഞങ്ങളുടെ വൈദ്യുതി കണക്ഷൻ ഇടയ്ക്കിടെ തടസ്സപ്പെടുന്നു ദയവായി ആവശ്യമായ നടപടി സ്വീകരിക്കുക.,Electricity,Medium
कृपया मदद करें। कल्याण कार्यालय ने जवाब नहीं दिया है,Social Welfare,Medium
ഞങ്ങളുടെ പ്രദേശത്ത് വെള്ളത്തിന്റെ സമ്മർദ്ദം വളരെ കുറവാണ് ദയവായി ഈ പ്രശ്നം പരിഹരിക്കുക.,Water Services,High
Please help. I need to update my ration card details Please take necessary action.,Food & Civil Supplies,High
இந்த பிரச்சனை குறித்து புகார் அளிக்கிறேன்: அரசு கட்டிடத்தின் கூரையில் கசிவு உள்ளது தயவுசெய்து இந்த பிரச்சனையை தீர்க்கவும்.,Public Works,Medium
ഈ പ്രശ്നത്തെക്കുറിച്ച് പരാതി നൽകുന്നു: പൊതു കെട്ടിടത്തിന്റെ ചുമരുകളിൽ വിള്ളലുകൾ ഉണ്ട് ദയവായി ആവശ്യമായ നടപടി സ്വീകരിക്കുക.,Public Works,Medium
ഈ പ്രശ്നം ശ്രദ്ധിക്കുക: ഒരു തർക്കത്തിന് പോലീസ് സഹായം ആവശ്യമാണ് ദയവായി ആവശ്യമായ നടപടി സ്വീകരിക്കുക.,Police,Medium
I want to report that My labour registration application is pending Kindly resolve this issue.,Labour & Employment,Medium
ഈ പ്രശ്നം ശ്രദ്ധിക്കുക: വാക്സിനേഷൻ സേവനം ലഭ്യമല്ല ദയവായി ഈ വിഷയം പരിശോധിക്കുക.,Health,Low
ദയവായി സഹായിക്കണം. മഴക്കാലത്ത് റോഡ് വളരെ അപകടകരമാണ് ദയവായി ആവശ്യമായ നടപടി സ്വീകരിക്കുക.,Roads & Highways,Low
കീടങ്ങൾ കാരണം എന്റെ വിള നശിച്ചു ദയവായി ഈ പ്രശ്നം പരിഹരിക്കുക.,Agriculture,Medium
इस समस्या पर ध्यान दें: कल से हमारी सड़क पर पानी नहीं आया है कृपया इस मामले को देखें।,Water Services,High
தயவுசெய்து இதை சரி செய்யுங்கள். நில உரிமை பதிவை புதுப்பிக்க வேண்டும் தயவுசெய்து தேவையான நடவடிக்கை எடுக்கவும்.,Revenue & Land Records,High
வீட்டு துறை பதிலளிக்கவில்லை தயவுசெய்து தேவையான நடவடிக்கை எடுக்கவும்.,Housing,High
मैं शिकायत करना चाहता हूं कि मेरे डिजिटल आवेदन पर कार्रवाई नहीं हुई है कृपया इस समस्या का समाधान करें।,e-Governance,Low
कृपया इस समस्या को देखें: पंचायत ने गांव की सुविधाओं की मरम्मत नहीं की है कृपया इस समस्या का समाधान करें।,Rural Development / Panchayat,High
आवास योजना की लाभार्थी सूची गलत है कृपया इस समस्या का समाधान करें।,Housing,High
I need to file a police complaint Please look into this matter.,Police,Medium
ഈ പ്രശ്നം ശ്രദ്ധിക്കുക: റേഷൻ കടയിലെ ഭക്ഷ്യസാധനങ്ങൾ മതിയായിട്ടില്ല,Food & Civil Supplies,Medium
ഭവന വകുപ്പ് മറുപടി നൽകിയിട്ടില്ല ദയവായി ഈ പ്രശ്നം പരിഹരിക്കുക.,Housing,High
விவசாயிகளுக்கு பயிர் காப்பீட்டு உதவி கிடைக்கவில்லை தயவுசெய்து இந்த பிரச்சனையை தீர்க்கவும்.,Agriculture,Medium
എനിക്ക് ഈ മാസത്തെ റേഷൻ ലഭിച്ചിട്ടില്ല ദയവായി ഈ പ്രശ്നം പരിഹരിക്കുക.,Food & Civil Supplies,High
The doctor is unavailable at the public health centre Please take necessary action.,Health,High
मैं शिकायत करना चाहता हूं कि एम्बुलेंस सेवा जवाब नहीं दे रही है कृपया इस मामले को देखें।,Health,Low
இந்த பிரச்சனை குறித்து புகார் அளிக்கிறேன்: அழுக்கான கழிவுநீர் எங்கள் பகுதியில் வருகிறது தயவுசெய்து தேவையான நடவடிக்கை எடுக்கவும்.,Drainage & Sewerage,Low
ദയവായി സഹായിക്കണം. എന്റെ കുറഞ്ഞ ചെലവിലുള്ള ഭവന അപേക്ഷ പരിഗണനയിലാണ്,Housing,High
ദയവായി സഹായിക്കണം. ഫാക്ടറിയിൽ നിന്ന് ശബ്ദ മലിനീകരണം ഉണ്ടാകുന്നു ദയവായി ആവശ്യമായ നടപടി സ്വീകരിക്കുക.,Environment & Forest,Medium
कृपया इस समस्या को देखें: मेरे घर के पास सीवेज नाला बंद है,Drainage & Sewerage,High
தயவுசெய்து இதை சரி செய்யுங்கள். பட்டா மாற்ற விண்ணப்பம் நிலுவையில் உள்ளது இந்த பிரச்சனையை கவனிக்கவும்.,Revenue & Land Records,High
ഈ പ്രശ്നത്തെക്കുറിച്ച് പരാതി നൽകുന്നു: ഞങ്ങളുടെ പ്രദേശത്ത് മതിയായ ബസ് സർവീസ് ഇല്ല ദയവായി ഈ വിഷയം പരിശോധിക്കുക.,Transport,Medium
कृपया मदद करें। मेरे राशन कार्ड में गलत जानकारी है कृपया आवश्यक कार्रवाई करें।,Food & Civil Supplies,High
The child protection service is not responding Please look into this matter.,Women & Child Welfare,Medium
தயவுசெய்து இதை சரி செய்யுங்கள். எனது குழந்தை நலத்தொகை கிடைக்கவில்லை தயவுசெய்து இந்த பிரச்சனையை தீர்க்கவும்.,Women & Child Welfare,Medium
இந்த பிரச்சனையை கவனிக்கவும்: பட்டா மாற்ற விண்ணப்பம் நிலுவையில் உள்ளது,Revenue & Land Records,Medium
இந்த பிரச்சனை குறித்து புகார் அளிக்கிறேன்: எனது மாதாந்திர ரேஷன் கிடைக்கவில்லை தயவுசெய்து தேவையான நடவடிக்கை எடுக்கவும்.,Food & Civil Supplies,High
मैं शिकायत करना चाहता हूं कि हमारे आवासीय क्षेत्र में बेहतर नगर निगम सेवाओं की जरूरत है,Municipal Corporation,High
कृपया इस समस्या को देखें: मैं अवैध पेड़ कटाई की शिकायत करना चाहता हूं,Environment & Forest,High
The garbage container near the market is overflowing Please take necessary action.,Waste Management,Low
எனது தொழிலாளர் பதிவு விவரங்கள் தவறாக உள்ளன தயவுசெய்து தேவையான நடவடிக்கை எடுக்கவும்.,Labour & Employment,Medium
இந்த பிரச்சனையை கவனிக்கவும்: எனது சொத்து பதிவில் பிழை உள்ளது இந்த பிரச்சனையை கவனிக்கவும்.,Revenue & Land Records,Low
कृपया मदद करें। लोग सड़क के किनारे कचरा फेंक रहे हैं कृपया इस समस्या का समाधान करें।,Waste Management,High
I want to report that The doctor is unavailable at the public health centre Please look into this matter.,Health,Medium
The government bus is not following its schedule,Transport,Low
कृपया मदद करें। मुझे इस महीने का राशन नहीं मिला है कृपया इस समस्या का समाधान करें।,Food & Civil Supplies,Low
There is no drinking water supply in our neighborhood Kindly resolve this issue.,Water Services,Low
कृपया इस समस्या को देखें: मुझे महिला कल्याण योजनाओं की जानकारी चाहिए कृपया आवश्यक कार्रवाई करें।,Women & Child Welfare,High
இந்த பிரச்சனை குறித்து புகார் அளிக்கிறேன்: நலத்திட்டத்திற்கு விண்ணப்பிக்க உதவி வேண்டும்,Social Welfare,Low
இந்த பிரச்சனையை கவனிக்கவும்: குப்பை சேகரிப்பு பணியாளர்கள் முறையாக வரவில்லை,Waste Management,Low
தயவுசெய்து இதை சரி செய்யுங்கள். அரசு வீட்டு திட்டம் குறித்து தகவல் வேண்டும் இந்த பிரச்சனையை கவனிக்கவும்.,Housing,Low
खराब सड़क के कारण दुर्घटनाएं हो रही हैं,Roads & Highways,Medium
सार्वजनिक भवन की दीवारों में दरारें हैं कृपया आवश्यक कार्रवाई करें।,Public Works,Medium
ഈ പ്രശ്നം ശ്രദ്ധിക്കുക: വാക്സിനേഷൻ സേവനം ലഭ്യമല്ല ദയവായി ഈ പ്രശ്നം പരിഹരിക്കുക.,Health,Medium
இந்த பிரச்சனையை கவனிக்கவும்: கழிவுநீரால் துர்நாற்றம் ஏற்படுகிறது,Drainage & Sewerage,Low
मैं शिकायत करना चाहता हूं कि औद्योगिक कचरा पास के जल स्रोत में जा रहा है कृपया इस समस्या का समाधान करें।,Environment & Forest,Medium
Please help. The government office building needs repair Please take necessary action.,Public Works,Medium
இந்த பிரச்சனை குறித்து புகார் அளிக்கிறேன்: தொழிற்சாலையால் ஒலி மாசு ஏற்படுகிறது,Environment & Forest,Medium
कल्याण कार्यालय ने जवाब नहीं दिया है कृपया इस समस्या का समाधान करें।,Social Welfare,Medium
தயவுசெய்து உதவுங்கள். குழந்தைகளுக்கான ஊட்டச்சத்து சேவை கிடைக்கவில்லை தயவுசெய்து இந்த பிரச்சனையை தீர்க்கவும்.,Women & Child Welfare,High
இந்த பிரச்சனையை கவனிக்கவும்: அறிவிப்பு இல்லாமல் பேருந்து பாதை மாற்றப்பட்டுள்ளது இந்த பிரச்சனையை கவனிக்கவும்.,Transport,High
I want to report that My beneficiary details are incorrect Please take necessary action.,Social Welfare,Medium
ഈ പ്രശ്നം ശ്രദ്ധിക്കുക: പട്ട കൈമാറ്റ അപേക്ഷ പരിഗണനയിലാണ് ദയവായി ഈ വിഷയം പരിശോധിക്കുക.,Revenue & Land Records,Low
இந்த பிரச்சனை குறித்து புகார் அளிக்கிறேன்: நான் காவல்துறையில் புகார் அளிக்க வேண்டும் தயவுசெய்து தேவையான நடவடிக்கை எடுக்கவும்.,Police,Medium
இந்த பிரச்சனை குறித்து புகார் அளிக்கிறேன்: முக்கிய சாலையில் பெரிய பள்ளம் உள்ளது இந்த பிரச்சனையை கவனிக்கவும்.,Roads & Highways,High
தயவுசெய்து உதவுங்கள். பெண்கள் நலத்திட்டங்கள் குறித்து தகவல் வேண்டும் தயவுசெய்து தேவையான நடவடிக்கை எடுக்கவும்.,Women & Child Welfare,High
ഈ പ്രശ്നത്തെക്കുറിച്ച് പരാതി നൽകുന്നു: എന്റെ വീടിന് സമീപമുള്ള തെരുവ് വിളക്ക് തൂൺ കേടായിട്ടുണ്ട് ദയവായി ഈ പ്രശ്നം പരിഹരിക്കുക.,Municipal Corporation,Medium
Kindly look into this: The digital government service is unavailable Please take necessary action.,e-Governance,Medium
ദയവായി സഹായിക്കണം. വലിയ കുഴി ഗതാഗതത്തെ തടസ്സപ്പെടുത്തുന്നു ദയവായി ഈ വിഷയം പരിശോധിക്കുക.,Roads & Highways,Medium
कृपया मदद करें। मुझे महिला कल्याण विभाग से सहायता चाहिए,Women & Child Welfare,Medium
அரசு பேருந்துகள் முறையாக இயக்கப்படவில்லை தயவுசெய்து இந்த பிரச்சனையை தீர்க்கவும்.,Transport,Low
Kindly look into this: The streetlight pole near my house is damaged Kindly resolve this issue.,Municipal Corporation,Low
ദയവായി ഇത് പരിഹരിക്കുക. ഞങ്ങളുടെ പ്രദേശത്തെ മാലിന്യപ്പെട്ടികൾ നിറഞ്ഞുകവിഞ്ഞു ദയവായി ഈ പ്രശ്നം പരിഹരിക്കുക.,Waste Management,Medium
I cannot download my government certificate Kindly resolve this issue.,e-Governance,High
ഈ പ്രശ്നത്തെക്കുറിച്ച് പരാതി നൽകുന്നു: എന്റെ ഭവന സഹായ അപേക്ഷ പരിഗണനയിലാണ് ദയവായി ഈ പ്രശ്നം പരിഹരിക്കുക.,Housing,High
இந்த பிரச்சனையை கவனிக்கவும்: பொது குழாயில் அழுக்கான தண்ணீர் வருகிறது தயவுசெய்து தேவையான நடவடிக்கை எடுக்கவும்.,Water Services,Medium
தயவுசெய்து உதவுங்கள். பேருந்து நிறுத்த நிழற்குடை சேதமடைந்துள்ளது,Transport,Low
இந்த பிரச்சனையை கவனிக்கவும்: பொது தண்ணீர் குழாய் வேலை செய்யவில்லை இந்த பிரச்சனையை கவனிக்கவும்.,Water Services,Low
பொது அலுவலக கட்டிடத்தில் கட்டமைப்பு சேதம் உள்ளது இந்த பிரச்சனையை கவனிக்கவும்.,Public Works,Medium
தயவுசெய்து இதை சரி செய்யுங்கள். மின் மீட்டர் சரியாக வேலை செய்யவில்லை,Electricity,Medium
मुझे सार्वजनिक परिवहन सेवाओं की जानकारी चाहिए कृपया इस समस्या का समाधान करें।,Transport,Medium
इस समस्या पर ध्यान दें: कचरा वाहन हमारे इलाके में आना बंद कर चुका है कृपया आवश्यक कार्रवाई करें।,Waste Management,Low
कृपया इस समस्या को देखें: ग्रामीण कल्याण परियोजना लंबित है,Rural Development / Panchayat,Medium
I want to report that The village road development work is incomplete,Rural Development / Panchayat,High
I would like to complain that The government hostel needs better facilities,Education,High
I want to report that There is illegal tree cutting in our area Kindly resolve this issue.,Environment & Forest,Low
தயவுசெய்து இதை சரி செய்யுங்கள். பொது அலுவலக கட்டிடத்தில் கட்டமைப்பு சேதம் உள்ளது,Public Works,Low
I would like to complain that Our residential area needs better municipal services Kindly resolve this issue.,Municipal Corporation,High
कृपया इस समस्या को देखें: हमारे इलाके में बार बार वोल्टेज की समस्या होती है कृपया इस समस्या का समाधान करें।,Electricity,Medium
Kindly look into this: The government employment scheme has not provided work Please take necessary action.,Labour & Employment,High
தயவுசெய்து உதவுங்கள். மழைக்குப் பிறகு கழிவுநீர் நிரம்பி வழிகிறது தயவுசெய்து இந்த பிரச்சனையை தீர்க்கவும்.,Drainage & Sewerage,Medium
தயவுசெய்து உதவுங்கள். எங்கள் பகுதியில் நேற்று முதல் மின்சாரம் இல்லை தயவுசெய்து இந்த பிரச்சனையை தீர்க்கவும்.,Electricity,High
ദയവായി സഹായിക്കണം. സർക്കാർ തൊഴിൽ പദ്ധതിയിൽ ജോലി ലഭിച്ചിട്ടില്ല ദയവായി ഈ വിഷയം പരിശോധിക്കുക.,Labour & Employment,Medium
I want to report that The community park has become unusable Kindly resolve this issue.,Municipal Corporation,High
I want to report that The public facility in our ward requires maintenance Please look into this matter.,Municipal Corporation,High
I want to report that My maternity benefit application is pending,Women & Child Welfare,High
கழிவுநீர் தெருவில் நிரம்பி வழிகிறது தயவுசெய்து இந்த பிரச்சனையை தீர்க்கவும்.,Drainage & Sewerage,Medium
ഈ പ്രശ്നം ശ്രദ്ധിക്കുക: എനിക്ക് തൊഴിൽ ആനുകൂല്യം ലഭിച്ചിട്ടില്ല ദയവായി ആവശ്യമായ നടപടി സ്വീകരിക്കുക.,Labour & Employment,High
Please help. My revenue certificate has not been issued Please take necessary action.,Revenue & Land Records,Medium
मैं शिकायत करना चाहता हूं कि बिजली कटने के बाद आपूर्ति अभी तक बहाल नहीं हुई है कृपया आवश्यक कार्रवाई करें।,Electricity,Medium
தயவுசெய்து இதை சரி செய்யுங்கள். பெண்கள் நலத்திட்டத்தில் உதவி வேண்டும் தயவுசெய்து தேவையான நடவடிக்கை எடுக்கவும்.,Women & Child Welfare,High
தயவுசெய்து உதவுங்கள். தொழிற்சாலையில் இருந்து அதிக புகை வருகிறது தயவுசெய்து இந்த பிரச்சனையை தீர்க்கவும்.,Environment & Forest,Low
The drainage water is causing a bad smell Please take necessary action.,Drainage & Sewerage,Low
ദയവായി ഇത് പരിഹരിക്കുക. സർക്കാർ ഭവന അനുവദിക്കൽ വൈകുകയാണ് ദയവായി ഈ പ്രശ്നം പരിഹരിക്കുക.,Housing,Medium
The patta transfer application is pending Kindly resolve this issue.,Revenue & Land Records,Medium
എന്റെ ക്ഷേമ പദ്ധതി അപേക്ഷ പരിഗണനയിലാണ് ദയവായി ഈ പ്രശ്നം പരിഹരിക്കുക.,Social Welfare,High
ദയവായി സഹായിക്കണം. ഞങ്ങളുടെ ഗ്രാമത്തിലെ കമ്മ്യൂണിറ്റി ഹാളിന് അറ്റകുറ്റപ്പണി വേണം,Rural Development / Panchayat,Medium
I would like to complain that The public park in our area is poorly maintained,Municipal Corporation,Medium
मैं शिकायत करना चाहता हूं कि सरकारी कार्यालय की इमारत की मरम्मत की जरूरत है कृपया इस समस्या का समाधान करें।,Public Works,High
I want to report that The government housing allotment has been delayed Please look into this matter.,Housing,High
My police complaint has not received a response Please take necessary action.,Police,Medium
मेरी दिव्यांग सहायता राशि में देरी हुई है कृपया इस मामले को देखें।,Social Welfare,Medium
தயவுசெய்து இதை சரி செய்யுங்கள். எனது மாதாந்திர ரேஷன் கிடைக்கவில்லை,Food & Civil Supplies,Low
इस समस्या पर ध्यान दें: मेरा किफायती आवास आवेदन लंबित है कृपया आवश्यक कार्रवाई करें।,Housing,High
தயவுசெய்து இதை சரி செய்யுங்கள். கிராம நலத்திட்டம் நிலுவையில் உள்ளது,Rural Development / Panchayat,Medium
Kindly look into this: I need information about women welfare schemes Kindly resolve this issue.,Women & Child Welfare,Medium
The government clinic is not open during working hours,Health,High
The housing department has not responded Please look into this matter.,Housing,Medium
ഈ പ്രശ്നത്തെക്കുറിച്ച് പരാതി നൽകുന്നു: സർക്കാർ കുട്ടി സഹായ തുക പരിഗണനയിലാണ്,Women & Child Welfare,Medium
इस समस्या पर ध्यान दें: मैं अपना आवेदन ऑनलाइन जमा नहीं कर सकता कृपया आवश्यक कार्रवाई करें।,e-Governance,Medium
ദയവായി ഇത് പരിഹരിക്കുക. ട്രാൻസ്പോർട്ട് പാസ് അപേക്ഷ വൈകുകയാണ് ദയവായി ഈ പ്രശ്നം പരിഹരിക്കുക.,Transport,Medium
Kindly look into this: My labour registration application is pending Please take necessary action.,Labour & Employment,High
मैं शिकायत करना चाहता हूं कि राशन दुकानदार अतिरिक्त पैसे मांग रहा है कृपया इस मामले को देखें।,Food & Civil Supplies,Medium
ദയവായി സഹായിക്കണം. ഞങ്ങളുടെ സ്കൂളിൽ ആവശ്യമായ ക്ലാസ് സൗകര്യങ്ങൾ ഇല്ല ദയവായി ഈ വിഷയം പരിശോധിക്കുക.,Education,Medium
எங்கள் பகுதியில் உள்ள குழந்தை பராமரிப்பு மையம் செயல்படவில்லை தயவுசெய்து தேவையான நடவடிக்கை எடுக்கவும்.,Women & Child Welfare,Medium
I would like to complain that The forest area is being encroached Kindly resolve this issue.,Environment & Forest,High
ദയവായി ഇത് പരിഹരിക്കുക. ഹൈവേയിൽ നിരവധി വിള്ളലുകൾ ഉണ്ട്,Roads & Highways,Medium
I need to update my land ownership record Kindly resolve this issue.,Revenue & Land Records,High
ഞങ്ങളുടെ സ്കൂളിൽ ആവശ്യമായ ക്ലാസ് സൗകര്യങ്ങൾ ഇല്ല ദയവായി ആവശ്യമായ നടപടി സ്വീകരിക്കുക.,Education,Low
Kindly look into this: The government building needs urgent maintenance Kindly resolve this issue.,Public Works,Low
தயவுசெய்து இதை சரி செய்யுங்கள். எனது வருவாய் சான்றிதழ் வழங்கப்படவில்லை,Revenue & Land Records,High
ഈ പ്രശ്നത്തെക്കുറിച്ച് പരാതി നൽകുന്നു: ഞങ്ങളുടെ പ്രദേശത്ത് മാലിന്യ ശേഖരണം ക്രമമായിട്ടില്ല ദയവായി ഈ പ്രശ്നം പരിഹരിക്കുക.,Waste Management,Low
I want to report that There is illegal activity near our street,Police,High
Please help. Our water pressure is extremely low Please take necessary action.,Water Services,Medium
ഞങ്ങളുടെ പ്രദേശത്തെ സീവർ ലൈൻ അടഞ്ഞിരിക്കുന്നു ദയവായി ഈ വിഷയം പരിശോധിക്കുക.,Drainage & Sewerage,Medium
ഈ പ്രശ്നം ശ്രദ്ധിക്കുക: ഞങ്ങളുടെ പ്രദേശത്തെ ശിശു പരിപാലന കേന്ദ്രം പ്രവർത്തിക്കുന്നില്ല ദയവായി ആവശ്യമായ നടപടി സ്വീകരിക്കുക.,Women & Child Welfare,Low
Please help. My medical report has been delayed Please look into this matter.,Health,High
இந்த பிரச்சனையை கவனிக்கவும்: காட்டிற்கு அருகில் சட்டவிரோதமாக கழிவுகள் கொட்டப்படுகின்றன இந்த பிரச்சனையை கவனிக்கவும்.,Environment & Forest,Low
ഈ പ്രശ്നം ശ്രദ്ധിക്കുക: തൊഴിൽ പദ്ധതികളെക്കുറിച്ച് വിവരം വേണം ദയവായി ആവശ്യമായ നടപടി സ്വീകരിക്കുക.,Labour & Employment,Low
I would like to complain that My maternity benefit application is pending Kindly resolve this issue.,Women & Child Welfare,Medium
குழந்தைகள் பாதுகாப்பு சேவை பதிலளிக்கவில்லை,Women & Child Welfare,High
इस समस्या पर ध्यान दें: मुझे रोजगार योजनाओं की जानकारी चाहिए कृपया आवश्यक कार्रवाई करें।,Labour & Employment,Low
இந்த பிரச்சனை குறித்து புகார் அளிக்கிறேன்: மின்தடைக்குப் பிறகு மின்சாரம் மீண்டும் வழங்கப்படவில்லை தயவுசெய்து தேவையான நடவடிக்கை எடுக்கவும்.,Electricity,Low
Please help. My welfare scheme application is pending Please take necessary action.,Social Welfare,Low
कृपया इस समस्या को देखें: पानी की आपूर्ति का समय निर्धारित तरीके से नहीं है कृपया इस समस्या का समाधान करें।,Water Services,Medium
தயவுசெய்து இதை சரி செய்யுங்கள். காவல்துறை உதவி தேவைப்படும் பிரச்சனை உள்ளது தயவுசெய்து தேவையான நடவடிக்கை எடுக்கவும்.,Police,Medium
மருத்துவமனை மருந்தகத்தில் மருந்துகள் இல்லை இந்த பிரச்சனையை கவனிக்கவும்.,Health,Low
My new ration card has not been issued Kindly resolve this issue.,Food & Civil Supplies,Medium
தயவுசெய்து உதவுங்கள். மக்கள் சாலையோரத்தில் குப்பைகளை கொட்டுகின்றனர் தயவுசெய்து தேவையான நடவடிக்கை எடுக்கவும்.,Waste Management,High
இந்த பிரச்சனை குறித்து புகார் அளிக்கிறேன்: அழுக்கான கழிவுநீர் எங்கள் பகுதியில் வருகிறது இந்த பிரச்சனையை கவனிக்கவும்.,Drainage & Sewerage,Low
இந்த பிரச்சனை குறித்து புகார் அளிக்கிறேன்: எனது வாகனம் திருடப்பட்டுள்ளது தயவுசெய்து இந்த பிரச்சனையை தீர்க்கவும்.,Police,High
कृपया इस समस्या को देखें: टीकाकरण सेवा उपलब्ध नहीं है कृपया इस मामले को देखें।,Health,Low
ഈ പ്രശ്നം ശ്രദ്ധിക്കുക: മഴയ്ക്ക് ശേഷം സീവർ വെള്ളം പുറത്തേക്ക് ഒഴുകുന്നു ദയവായി ഈ വിഷയം പരിശോധിക്കുക.,Drainage & Sewerage,Medium
தயவுசெய்து இதை சரி செய்யுங்கள். எனது நலத்திட்ட விண்ணப்பம் நிலுவையில் உள்ளது இந்த பிரச்சனையை கவனிக்கவும்.,Social Welfare,High
தயவுசெய்து உதவுங்கள். எனது காவல் புகாருக்கு இன்னும் பதில் கிடைக்கவில்லை தயவுசெய்து இந்த பிரச்சனையை தீர்க்கவும்.,Police,Low
அரசு வேலைவாய்ப்பு திட்டத்தில் வேலை கிடைக்கவில்லை இந்த பிரச்சனையை கவனிக்கவும்.,Labour & Employment,Medium
कृपया इस समस्या को देखें: सड़क की सफाई का समय निर्धारित तरीके से नहीं हो रहा है,Municipal Corporation,Low
ദയവായി സഹായിക്കണം. എന്റെ പുതിയ റേഷൻ കാർഡ് നൽകിയിട്ടില്ല,Food & Civil Supplies,Low
इस समस्या पर ध्यान दें: गांव के विकास कार्य में देरी हो रही है कृपया इस मामले को देखें।,Rural Development / Panchayat,Medium
The public water pipeline is leaking Please take necessary action.,Water Services,Medium
ദയവായി ഇത് പരിഹരിക്കുക. ഗ്രാമ വികസന പദ്ധതി നിർത്തിവച്ചിരിക്കുന്നു,Rural Development / Panchayat,Low
தயவுசெய்து உதவுங்கள். எங்கள் தெருவிற்கு குடிநீர் வரவில்லை தயவுசெய்து இந்த பிரச்சனையை தீர்க்கவும்.,Water Services,High
எங்கள் வயலுக்கான பாசன கால்வாய் சேதமடைந்துள்ளது தயவுசெய்து தேவையான நடவடிக்கை எடுக்கவும்.,Agriculture,Low
स्वास्थ्य केंद्र में बहुत ज्यादा भीड़ है कृपया आवश्यक कार्रवाई करें।,Health,High
The public bus is frequently overcrowded,Transport,Medium
தயவுசெய்து உதவுங்கள். எங்கள் கிராமத்திற்கான பேருந்து சேவை குறைக்கப்பட்டுள்ளது தயவுசெய்து தேவையான நடவடிக்கை எடுக்கவும்.,Transport,Medium
ഈ പ്രശ്നം ശ്രദ്ധിക്കുക: എനിക്ക് ഈ മാസത്തെ പെൻഷൻ ലഭിച്ചിട്ടില്ല ദയവായി ഈ പ്രശ്നം പരിഹരിക്കുക.,Social Welfare,Medium
ഈ പ്രശ്നം ശ്രദ്ധിക്കുക: റേഷൻ കടയിലെ ഭക്ഷ്യസാധനങ്ങൾ മതിയായിട്ടില്ല ദയവായി ഈ പ്രശ്നം പരിഹരിക്കുക.,Food & Civil Supplies,Low
இந்த பிரச்சனையை கவனிக்கவும்: அரசு கட்டிடத்தின் வடிகால் பழுதுபார்க்க வேண்டும் இந்த பிரச்சனையை கவனிக்கவும்.,Public Works,Medium
ദയവായി ഇത് പരിഹരിക്കുക. ഗ്രാമ റോഡ് വികസന പ്രവർത്തനം പൂർത്തിയായിട്ടില്ല,Rural Development / Panchayat,Low
அரசு வீட்டு ஒதுக்கீடு தாமதமாகியுள்ளது தயவுசெய்து இந்த பிரச்சனையை தீர்க்கவும்.,Housing,Medium
I want to report that My labour registration application is pending Please take necessary action.,Labour & Employment,Medium
പട്ട കൈമാറ്റ അപേക്ഷ പരിഗണനയിലാണ് ദയവായി ഈ വിഷയം പരിശോധിക്കുക.,Revenue & Land Records,Medium
Kindly look into this: Our village needs better basic infrastructure Kindly resolve this issue.,Rural Development / Panchayat,High
Kindly look into this: A factory is causing serious air pollution Please look into this matter.,Environment & Forest,Medium
My welfare scheme application is pending,Social Welfare,Medium
தயவுசெய்து இதை சரி செய்யுங்கள். விவசாயிகளுக்கு பாசன நீர் கிடைக்கவில்லை,Agriculture,Medium
எனது காவல் புகாருக்கு இன்னும் பதில் கிடைக்கவில்லை தயவுசெய்து இந்த பிரச்சனையை தீர்க்கவும்.,Police,High
ഈ പ്രശ്നത്തെക്കുറിച്ച് പരാതി നൽകുന്നു: ഞങ്ങളുടെ വൈദ്യുതി കണക്ഷൻ ഇടയ്ക്കിടെ തടസ്സപ്പെടുന്നു ദയവായി ഈ വിഷയം പരിശോധിക്കുക.,Electricity,Medium
इस समस्या पर ध्यान दें: हमारे इलाके में कचरा संग्रह नियमित नहीं है कृपया आवश्यक कार्रवाई करें।,Waste Management,Medium
தயவுசெய்து இதை சரி செய்யுங்கள். எனது காவல் புகாருக்கு இன்னும் பதில் கிடைக்கவில்லை தயவுசெய்து தேவையான நடவடிக்கை எடுக்கவும்.,Police,High
कृपया इस समस्या को देखें: किसानों को सिंचाई का पानी नहीं मिल रहा है कृपया आवश्यक कार्रवाई करें।,Agriculture,High
मैं शिकायत करना चाहता हूं कि मैं अपने इलाके में हुई चोरी की शिकायत करना चाहता हूं कृपया इस समस्या का समाधान करें।,Police,Critical
कृपया इस समस्या को देखें: मेरे राशन कार्ड में गलत जानकारी है,Food & Civil Supplies,Medium
பேருந்து நிறுத்த நிழற்குடை சேதமடைந்துள்ளது இந்த பிரச்சனையை கவனிக்கவும்.,Transport,Medium
தயவுசெய்து இதை சரி செய்யுங்கள். எங்கள் பகுதியில் தெருவிளக்குகள் வேலை செய்யவில்லை தயவுசெய்து இந்த பிரச்சனையை தீர்க்கவும்.,Municipal Corporation,Medium
இந்த பிரச்சனையை கவனிக்கவும்: தெரு சுத்தம் செய்யும் அட்டவணை பின்பற்றப்படவில்லை தயவுசெய்து தேவையான நடவடிக்கை எடுக்கவும்.,Municipal Corporation,Medium
ദയവായി ഇത് പരിഹരിക്കുക. മലിനജലം ഞങ്ങളുടെ പ്രദേശത്തേക്ക് ഒഴുകുന്നു,Drainage & Sewerage,Low
कृषि अधिकारी हमारे गांव में नहीं आए हैं कृपया आवश्यक कार्रवाई करें।,Agriculture,Medium
ഈ പ്രശ്നം ശ്രദ്ധിക്കുക: കേടായ റോഡ് കാരണം അപകടങ്ങൾ ഉണ്ടാകുന്നു ദയവായി ആവശ്യമായ നടപടി സ്വീകരിക്കുക.,Roads & Highways,Low
ദയവായി ഇത് പരിഹരിക്കുക. റേഷൻ കടയിൽ അരി നൽകുന്നില്ല ദയവായി ഈ വിഷയം പരിശോധിക്കുക.,Food & Civil Supplies,High
कृपया इस समस्या को देखें: सरकारी ऑनलाइन पोर्टल काम नहीं कर रहा है कृपया इस समस्या का समाधान करें।,e-Governance,Medium
My affordable housing application is pending,Housing,Low
இந்த பிரச்சனையை கவனிக்கவும்: பொது உள்கட்டமைப்பு சரியாக பராமரிக்கப்படவில்லை,Public Works,Low
I would like to complain that I need information about women welfare schemes Please look into this matter.,Women & Child Welfare,High
Please help. The panchayat office has not responded to our complaint,Rural Development / Panchayat,Medium
मैं शिकायत करना चाहता हूं कि पंचायत विकास निधि का उपयोग नहीं किया गया है कृपया इस मामले को देखें।,Rural Development / Panchayat,High
मैं शिकायत करना चाहता हूं कि सरकारी अस्पताल में जरूरी दवाइयां उपलब्ध नहीं हैं कृपया इस समस्या का समाधान करें।,Health,Medium
My scholarship has not been credited Kindly resolve this issue.,Education,Low
ദയവായി സഹായിക്കണം. എനിക്ക് ഈ മാസത്തെ റേഷൻ ലഭിച്ചിട്ടില്ല,Food & Civil Supplies,High
मैं शिकायत करना चाहता हूं कि स्कूल की लाइब्रेरी में पर्याप्त किताबें नहीं हैं,Education,Medium
ഈ പ്രശ്നം ശ്രദ്ധിക്കുക: എന്റെ പുതിയ റേഷൻ കാർഡ് നൽകിയിട്ടില്ല ദയവായി ഈ വിഷയം പരിശോധിക്കുക.,Food & Civil Supplies,Medium
நகராட்சி அலுவலகம் எங்கள் புகாருக்கு பதிலளிக்கவில்லை,Municipal Corporation,Medium
ദയവായി ഇത് പരിഹരിക്കുക. റോഡ് അറ്റകുറ്റപ്പണി വൈകുകയാണ് ദയവായി ആവശ്യമായ നടപടി സ്വീകരിക്കുക.,Roads & Highways,Medium
Kindly look into this: My ration card application is pending Please take necessary action.,Food & Civil Supplies,Low
ദയവായി ഇത് പരിഹരിക്കുക. ഞങ്ങളുടെ പ്രദേശത്തെ മാലിന്യപ്പെട്ടികൾ നിറഞ്ഞുകവിഞ്ഞു ദയവായി ഈ വിഷയം പരിശോധിക്കുക.,Waste Management,Medium
Kindly look into this: My scholarship has not been credited Please look into this matter.,Education,Medium
தயவுசெய்து உதவுங்கள். பொது அலுவலக கட்டிடத்தில் கட்டமைப்பு சேதம் உள்ளது இந்த பிரச்சனையை கவனிக்கவும்.,Public Works,Medium
இந்த பிரச்சனை குறித்து புகார் அளிக்கிறேன்: அரசு கட்டிடத்தின் கூரையில் கசிவு உள்ளது தயவுசெய்து தேவையான நடவடிக்கை எடுக்கவும்.,Public Works,Low
मुझे महिला कल्याण योजना में सहायता चाहिए कृपया इस समस्या का समाधान करें।,Women & Child Welfare,Medium
Kindly look into this: There is frequent voltage fluctuation in our locality Kindly resolve this issue.,Electricity,High
தயவுசெய்து இதை சரி செய்யுங்கள். சாலையின் ஓரம் இடிந்து விழுந்துள்ளது இந்த பிரச்சனையை கவனிக்கவும்.,Roads & Highways,Medium
I want to report that The ration dealer is charging extra money,Food & Civil Supplies,Medium
मैं शिकायत करना चाहता हूं कि पट्टा हस्तांतरण आवेदन लंबित है कृपया आवश्यक कार्रवाई करें।,Revenue & Land Records,Medium
ഈ പ്രശ്നം ശ്രദ്ധിക്കുക: സർക്കാർ സ്കൂളിൽ മതിയായ അധ്യാപകർ ഇല്ല,Education,Low
എന്റെ തൊഴിലില്ലായ്മ സഹായ അപേക്ഷ പരിഗണനയിലാണ് ദയവായി ഈ പ്രശ്നം പരിഹരിക്കുക.,Labour & Employment,Medium
कृपया इस समस्या को देखें: स्वीकृत आवास राशि अभी तक नहीं मिली है,Housing,High
इस समस्या पर ध्यान दें: कीटों के कारण मेरी फसल खराब हो गई है कृपया इस समस्या का समाधान करें।,Agriculture,High
இந்த பிரச்சனையை கவனிக்கவும்: எனது வேலைவாய்ப்பு சான்றிதழ் தாமதமாகியுள்ளது,Labour & Employment,Medium
ഈ പ്രശ്നത്തെക്കുറിച്ച് പരാതി നൽകുന്നു: പഞ്ചായത്ത് ഗ്രാമത്തിലെ സൗകര്യങ്ങൾ നന്നാക്കിയിട്ടില്ല,Rural Development / Panchayat,High
Kindly look into this: My affordable housing application is pending,Housing,Medium
Please help. My education certificate has not arrived,Education,High
इस समस्या पर ध्यान दें: सरकारी बसें नियमित रूप से नहीं चल रही हैं,Transport,High
ദയവായി ഇത് പരിഹരിക്കുക. സർക്കാർ പോർട്ടൽ വളരെ മന്ദഗതിയിലാണ് ദയവായി ഈ പ്രശ്നം പരിഹരിക്കുക.,e-Governance,Low
இந்த பிரச்சனை குறித்து புகார் அளிக்கிறேன்: எங்கள் பகுதியில் கழிவுநீர் குழாய் அடைத்துள்ளது இந்த பிரச்சனையை கவனிக்கவும்.,Drainage & Sewerage,High
ആരോ എന്റെ സ്വത്തിന് കേടുപാടുകൾ വരുത്തി ദയവായി ഈ വിഷയം പരിശോധിക്കുക.,Police,Medium
A major pothole is blocking traffic Please look into this matter.,Roads & Highways,Medium
എന്റെ ക്ഷേമ സർട്ടിഫിക്കറ്റ് നൽകിയിട്ടില്ല ദയവായി ഈ വിഷയം പരിശോധിക്കുക.,Social Welfare,Low
I would like to complain that My crop has been damaged by pests Please look into this matter.,Agriculture,Medium
कृपया इस समस्या को देखें: गांव की सड़क विकास परियोजना अधूरी है,Rural Development / Panchayat,High
My online application status has not changed Kindly resolve this issue.,e-Governance,Medium
मैं शिकायत करना चाहता हूं कि बड़ा गड्ढा यातायात को रोक रहा है कृपया इस समस्या का समाधान करें।,Roads & Highways,High
ഈ പ്രശ്നം ശ്രദ്ധിക്കുക: ഓൺലൈൻ പൗര സേവനം ആക്സസ് ചെയ്യാൻ കഴിയുന്നില്ല,e-Governance,Medium
தயவுசெய்து உதவுங்கள். வீட்டு திட்ட பயனாளிகள் பட்டியல் தவறாக உள்ளது,Housing,Low
தயவுசெய்து உதவுங்கள். எங்கள் பகுதியில் தெருவிளக்குகள் வேலை செய்யவில்லை தயவுசெய்து தேவையான நடவடிக்கை எடுக்கவும்.,Municipal Corporation,Low
தயவுசெய்து உதவுங்கள். அரசு வீட்டு ஒதுக்கீடு தாமதமாகியுள்ளது,Housing,Medium
कृपया मदद करें। गंदा पानी सड़क पर बह रहा है कृपया आवश्यक कार्रवाई करें।,Drainage & Sewerage,High
இந்த பிரச்சனை குறித்து புகார் அளிக்கிறேன்: கழிவுநீரால் துர்நாற்றம் ஏற்படுகிறது தயவுசெய்து இந்த பிரச்சனையை தீர்க்கவும்.,Drainage & Sewerage,High
ദയവായി ഇത് പരിഹരിക്കുക. ആംബുലൻസ് സേവനം പ്രതികരിക്കുന്നില്ല ദയവായി ഈ വിഷയം പരിശോധിക്കുക.,Health,Medium
कृपया मदद करें। मुझे इस महीने की पेंशन नहीं मिली है कृपया इस समस्या का समाधान करें।,Social Welfare,Medium
தயவுசெய்து இதை சரி செய்யுங்கள். சுகாதார மையத்தில் அதிக கூட்டம் உள்ளது,Health,Low
இந்த பிரச்சனை குறித்து புகார் அளிக்கிறேன்: அரசின் குழந்தை உதவித்தொகை நிலுவையில் உள்ளது,Women & Child Welfare,Medium
ദയവായി സഹായിക്കണം. എനിക്ക് തൊഴിൽ ആനുകൂല്യം ലഭിച്ചിട്ടില്ല ദയവായി ആവശ്യമായ നടപടി സ്വീകരിക്കുക.,Labour & Employment,Medium
हमारे इलाके का सार्वजनिक शौचालय ठीक से maintained नहीं है कृपया इस मामले को देखें।,Municipal Corporation,Low
कृपया इस समस्या को देखें: सरकारी रोजगार योजना में काम नहीं मिला है कृपया इस समस्या का समाधान करें।,Labour & Employment,Low
कृपया मदद करें। बारिश के दौरान सड़क बहुत खतरनाक हो जाती है कृपया इस मामले को देखें।,Roads & Highways,Critical
The agriculture officer has not visited our village Kindly resolve this issue.,Agriculture,Medium
मेरी छात्रवृत्ति की राशि अभी तक नहीं मिली है कृपया इस मामले को देखें।,Education,Medium
இந்த பிரச்சனையை கவனிக்கவும்: அரசு சுகாதார மையத்தில் மருத்துவர் இல்லை தயவுசெய்து இந்த பிரச்சனையை தீர்க்கவும்.,Health,Medium
I want to report that My land mutation application is pending Kindly resolve this issue.,Revenue & Land Records,Medium
இந்த பிரச்சனையை கவனிக்கவும்: நில உரிமை பதிவை புதுப்பிக்க வேண்டும் தயவுசெய்து தேவையான நடவடிக்கை எடுக்கவும்.,Revenue & Land Records,Low
कृपया इस समस्या को देखें: बिजली कटने के बाद आपूर्ति अभी तक बहाल नहीं हुई है कृपया इस मामले को देखें।,Electricity,Medium
தயவுசெய்து உதவுங்கள். எனது மாதாந்திர ஓய்வூதியம் கிடைக்கவில்லை இந்த பிரச்சனையை கவனிக்கவும்.,Social Welfare,Medium
இந்த பிரச்சனை குறித்து புகார் அளிக்கிறேன்: எனது சமூக நல ஓய்வூதியம் வரவில்லை தயவுசெய்து தேவையான நடவடிக்கை எடுக்கவும்.,Social Welfare,High
कृपया मदद करें। सरकारी अस्पताल में बेड उपलब्ध नहीं हैं,Health,Medium
कृपया मदद करें। मुझे पुलिस में शिकायत दर्ज करनी है कृपया इस मामले को देखें।,Police,High
I would like to complain that I need information about agricultural subsidies Kindly resolve this issue.,Agriculture,High
ഈ പ്രശ്നത്തെക്കുറിച്ച് പരാതി നൽകുന്നു: ഭൂമി ഉടമസ്ഥാവകാശ രേഖ പുതുക്കണം ദയവായി ആവശ്യമായ നടപടി സ്വീകരിക്കുക.,Revenue & Land Records,Medium
Please help. My housing assistance application is pending Please look into this matter.,Housing,Low
Kindly look into this: The fertilizer supply has been delayed Please take necessary action.,Agriculture,Medium
ഈ പ്രശ്നത്തെക്കുറിച്ച് പരാതി നൽകുന്നു: ഞങ്ങളുടെ ഗ്രാമത്തിൽ മികച്ച പൊതു സൗകര്യങ്ങൾ ആവശ്യമാണ് ദയവായി ഈ പ്രശ്നം പരിഹരിക്കുക.,Rural Development / Panchayat,Low
The panchayat office has not responded to our complaint,Rural Development / Panchayat,Medium
सार्वजनिक भवन की दीवारों में दरारें हैं कृपया इस समस्या का समाधान करें।,Public Works,Medium
I want to report that The electric wire near the road is hanging dangerously,Electricity,High
मैं शिकायत करना चाहता हूं कि सड़क के पास बिजली का तार खतरनाक तरीके से लटक रहा है,Electricity,High
റോഡിന്റെ അരികിൽ തുറന്ന മാലിന്യക്കൂമ്പാരം ഉണ്ട് ദയവായി ഈ വിഷയം പരിശോധിക്കുക.,Waste Management,High
ഈ പ്രശ്നം ശ്രദ്ധിക്കുക: ഞങ്ങളുടെ പ്രദേശത്തെ മോഷണം റിപ്പോർട്ട് ചെയ്യണം ദയവായി ഈ വിഷയം പരിശോധിക്കുക.,Police,High
இந்த பிரச்சனை குறித்து புகார் அளிக்கிறேன்: எனது அரசு சான்றிதழை பதிவிறக்கம் செய்ய முடியவில்லை தயவுசெய்து தேவையான நடவடிக்கை எடுக்கவும்.,e-Governance,High
I would like to complain that The sewer is overflowing after rain Kindly resolve this issue.,Drainage & Sewerage,Medium
ഈ പ്രശ്നം ശ്രദ്ധിക്കുക: മാലിന്യ ശേഖരണ തൊഴിലാളികൾ പതിവായി വരുന്നില്ല,Waste Management,Medium
ദയവായി സഹായിക്കണം. എന്റെ മുതിർന്ന പൗരൻ ആനുകൂല്യം പരിഗണനയിലാണ് ദയവായി ആവശ്യമായ നടപടി സ്വീകരിക്കുക.,Social Welfare,Medium
இந்த பிரச்சனை குறித்து புகார் அளிக்கிறேன்: யாரோ எனது சொத்தை சேதப்படுத்தியுள்ளனர் தயவுசெய்து இந்த பிரச்சனையை தீர்க்கவும்.,Police,Medium
ദയവായി സഹായിക്കണം. എനിക്ക് തൊഴിലാളി ക്ഷേമ തുക ലഭിച്ചിട്ടില്ല ദയവായി ആവശ്യമായ നടപടി സ്വീകരിക്കുക.,Labour & Employment,High
ദയവായി സഹായിക്കണം. കുട്ടികൾക്കുള്ള പോഷകാഹാര സേവനം ലഭ്യമല്ല,Women & Child Welfare,Medium
Kindly look into this: I need information about agricultural subsidies,Agriculture,Medium
ദയവായി സഹായിക്കണം. വീട് നിർമ്മാണ സബ്സിഡി ഇതുവരെ ലഭിച്ചിട്ടില്ല ദയവായി ഈ പ്രശ്നം പരിഹരിക്കുക.,Housing,Low
எனது வீட்டு திட்ட உதவி இன்னும் கிடைக்கவில்லை தயவுசெய்து இந்த பிரச்சனையை தீர்க்கவும்.,Housing,High
தயவுசெய்து உதவுங்கள். மருத்துவமனை மருந்தகத்தில் மருந்துகள் இல்லை,Health,Low
कृपया इस समस्या को देखें: मैं अपना आवेदन ऑनलाइन जमा नहीं कर सकता कृपया इस समस्या का समाधान करें।,e-Governance,High
इस समस्या पर ध्यान दें: मुझे रोजगार योजनाओं की जानकारी चाहिए कृपया इस समस्या का समाधान करें।,Labour & Employment,Low
Our residential area needs better municipal services Kindly resolve this issue.,Municipal Corporation,High
Kindly look into this: The government hospital does not have essential medicines Kindly resolve this issue.,Health,Medium
ഈ പ്രശ്നത്തെക്കുറിച്ച് പരാതി നൽകുന്നു: വിളനാശത്തിന് സഹായം ആവശ്യമാണ് ദയവായി ഈ വിഷയം പരിശോധിക്കുക.,Agriculture,High
Please help. The government hostel needs better facilities,Education,Medium
ഈ പ്രശ്നം ശ്രദ്ധിക്കുക: മലിനജലം ഞങ്ങളുടെ പ്രദേശത്തേക്ക് ഒഴുകുന്നു ദയവായി ഈ വിഷയം പരിശോധിക്കുക.,Drainage & Sewerage,High
ദയവായി സഹായിക്കണം. കോളേജ് എന്റെ സർട്ടിഫിക്കറ്റ് നൽകിയിട്ടില്ല,Education,Low
ദയവായി സഹായിക്കണം. എനിക്ക് പോലീസിൽ പരാതി നൽകണം ദയവായി ഈ പ്രശ്നം പരിഹരിക്കുക.,Police,Medium
தயவுசெய்து இதை சரி செய்யுங்கள். எனது நில மாற்ற விண்ணப்பம் நிலுவையில் உள்ளது தயவுசெய்து தேவையான நடவடிக்கை எடுக்கவும்.,Revenue & Land Records,Medium
ഞങ്ങളുടെ തെരുവിന് സമീപം നിയമവിരുദ്ധ പ്രവർത്തനങ്ങൾ നടക്കുന്നു ദയവായി ഈ വിഷയം പരിശോധിക്കുക.,Police,Medium
I would like to complain that My crop has been damaged by pests Kindly resolve this issue.,Agriculture,Medium
ഈ പ്രശ്നത്തെക്കുറിച്ച് പരാതി നൽകുന്നു: ഞങ്ങളുടെ തെരുവിന് സമീപം നിയമവിരുദ്ധ പ്രവർത്തനങ്ങൾ നടക്കുന്നു ദയവായി ഈ പ്രശ്നം പരിഹരിക്കുക.,Police,Low
Please help. I need information about government housing,Housing,Medium
कृपया इस समस्या को देखें: राजमार्ग पर कई दरारें हैं कृपया आवश्यक कार्रवाई करें।,Roads & Highways,High
சாக்கடை அடைத்துள்ளது தயவுசெய்து தேவையான நடவடிக்கை எடுக்கவும்.,Drainage & Sewerage,Low
ഈ പ്രശ്നം ശ്രദ്ധിക്കുക: ഞങ്ങളുടെ സ്കൂളിന് സമീപം അപകടകരമായി വാഹനങ്ങൾ ഓടിക്കുന്നു ദയവായി ആവശ്യമായ നടപടി സ്വീകരിക്കുക.,Police,Medium
कृपया मदद करें। बिजली कटने के बाद आपूर्ति अभी तक बहाल नहीं हुई है कृपया आवश्यक कार्रवाई करें।,Electricity,Medium
कृपया इस समस्या को देखें: हमारे इलाके के बस स्टॉप की मरम्मत की जरूरत है,Transport,Low
இந்த பிரச்சனை குறித்து புகார் அளிக்கிறேன்: அரசு இணையதளம் மிகவும் மெதுவாக உள்ளது தயவுசெய்து தேவையான நடவடிக்கை எடுக்கவும்.,e-Governance,Medium
தயவுசெய்து உதவுங்கள். தண்ணீர் இணைப்பு விண்ணப்பம் இன்னும் நிலுவையில் உள்ளது தயவுசெய்து தேவையான நடவடிக்கை எடுக்கவும்.,Water Services,Medium
ഈ പ്രശ്നം ശ്രദ്ധിക്കുക: എന്റെ സ്വത്ത് രേഖയിൽ പിഴവുണ്ട് ദയവായി ആവശ്യമായ നടപടി സ്വീകരിക്കുക.,Revenue & Land Records,Medium
ഈ പ്രശ്നം ശ്രദ്ധിക്കുക: മലിനജലം തെരുവിലേക്ക് ഒഴുകുന്നു,Drainage & Sewerage,Medium
Industrial waste is entering the nearby water body Please look into this matter.,Environment & Forest,Medium
कृपया मदद करें। सार्वजनिक बुनियादी ढांचे का रखरखाव खराब है कृपया आवश्यक कार्रवाई करें।,Public Works,Low
இந்த பிரச்சனை குறித்து புகார் அளிக்கிறேன்: எங்கள் வீட்டருகே உள்ள தெருவிளக்கு கம்பம் சேதமடைந்துள்ளது தயவுசெய்து இந்த பிரச்சனையை தீர்க்கவும்.,Municipal Corporation,High
मैं शिकायत करना चाहता हूं कि बारिश के दौरान सड़क बहुत खतरनाक हो जाती है कृपया आवश्यक कार्रवाई करें।,Roads & Highways,Critical
Our area does not have enough bus services Please take necessary action.,Transport,Medium
எங்கள் வயலுக்கான பாசன கால்வாய் சேதமடைந்துள்ளது தயவுசெய்து இந்த பிரச்சனையை தீர்க்கவும்.,Agriculture,Medium
कृपया इस समस्या को देखें: हमारे इलाके में बार बार वोल्टेज की समस्या होती है कृपया इस मामले को देखें।,Electricity,High
Our electricity connection keeps getting interrupted Please take necessary action.,Electricity,Medium
ദയവായി ഇത് പരിഹരിക്കുക. ആശുപത്രിയിലെ ഫാർമസിയിൽ മരുന്നുകൾ ഇല്ല ദയവായി ഈ പ്രശ്നം പരിഹരിക്കുക.,Health,Low
കർഷകർക്ക് വിള ഇൻഷുറൻസ് സഹായം ലഭിച്ചിട്ടില്ല ദയവായി ഈ വിഷയം പരിശോധിക്കുക.,Agriculture,Medium
कृपया मदद करें। राशन की दुकान पर खाद्य सामग्री पर्याप्त नहीं है कृपया आवश्यक कार्रवाई करें।,Food & Civil Supplies,High
ദയവായി ഇത് പരിഹരിക്കുക. റോഡിന്റെ വശം ഇടിഞ്ഞുപോയി ദയവായി ആവശ്യമായ നടപടി സ്വീകരിക്കുക.,Roads & Highways,Medium
I want to report that The power pole outside my house is damaged Please look into this matter.,Electricity,Medium
इस समस्या पर ध्यान दें: मैं अपने इलाके में हुई चोरी की शिकायत करना चाहता हूं कृपया इस समस्या का समाधान करें।,Police,High
ദയവായി സഹായിക്കണം. ഇന്നലെ മുതൽ ഞങ്ങളുടെ തെരുവിൽ വെള്ളം എത്തിയിട്ടില്ല,Water Services,Low
मैं शिकायत करना चाहता हूं कि गांव की सड़क विकास परियोजना अधूरी है कृपया आवश्यक कार्रवाई करें।,Rural Development / Panchayat,Medium
ദയവായി സഹായിക്കണം. സർക്കാർ കെട്ടിടത്തിന്റെ മേൽക്കൂരയിൽ ചോർച്ചയുണ്ട് ദയവായി ഈ പ്രശ്നം പരിഹരിക്കുക.,Public Works,High
தயவுசெய்து இதை சரி செய்யுங்கள். எங்கள் பகுதியில் கழிவுநீர் குழாய் அடைத்துள்ளது தயவுசெய்து தேவையான நடவடிக்கை எடுக்கவும்.,Drainage & Sewerage,High
Kindly look into this: My housing assistance application is pending,Housing,Medium
ദയവായി സഹായിക്കണം. ശേഖരിക്കാത്ത മാലിന്യം ദുർഗന്ധം ഉണ്ടാക്കുന്നു ദയവായി ആവശ്യമായ നടപടി സ്വീകരിക്കുക.,Waste Management,High
इस समस्या पर ध्यान दें: राजमार्ग पर कई दरारें हैं,Roads & Highways,Medium
Please help. I have not received my employment benefit,Labour & Employment,High
Please help. The community park has become unusable Kindly resolve this issue.,Municipal Corporation,Low
ഈ പ്രശ്നത്തെക്കുറിച്ച് പരാതി നൽകുന്നു: ഞങ്ങളുടെ ഗ്രാമത്തിന് സമീപമുള്ള റോഡ് കുഴികളാൽ നിറഞ്ഞിരിക്കുന്നു,Roads & Highways,High
முக்கிய சாலையில் பெரிய பள்ளம் உள்ளது தயவுசெய்து தேவையான நடவடிக்கை எடுக்கவும்.,Roads & Highways,Low
இந்த பிரச்சனை குறித்து புகார் அளிக்கிறேன்: சுகாதார மையத்தில் அதிக கூட்டம் உள்ளது தயவுசெய்து இந்த பிரச்சனையை தீர்க்கவும்.,Health,Medium
ഈ പ്രശ്നത്തെക്കുറിച്ച് പരാതി നൽകുന്നു: സർക്കാർ തൊഴിൽ പദ്ധതിയിൽ ജോലി ലഭിച്ചിട്ടില്ല ദയവായി ആവശ്യമായ നടപടി സ്വീകരിക്കുക.,Labour & Employment,Low
ദയവായി ഇത് പരിഹരിക്കുക. ഞങ്ങളുടെ ഗ്രാമത്തിന് സമീപമുള്ള റോഡ് കുഴികളാൽ നിറഞ്ഞിരിക്കുന്നു ദയവായി ആവശ്യമായ നടപടി സ്വീകരിക്കുക.,Roads & Highways,Low
ദയവായി ഇത് പരിഹരിക്കുക. പൊതു കുടിവെള്ള പൈപ്പിൽ ചോർച്ചയുണ്ട് ദയവായി ആവശ്യമായ നടപടി സ്വീകരിക്കുക.,Water Services,Medium
ദയവായി സഹായിക്കണം. പൊതു ഗതാഗത സേവനങ്ങളെക്കുറിച്ച് വിവരം വേണം,Transport,High
Please help. I have not received the approved housing amount Please look into this matter.,Housing,Low
ഈ പ്രശ്നം ശ്രദ്ധിക്കുക: റോഡ് അറ്റകുറ്റപ്പണി വൈകുകയാണ് ദയവായി ഈ പ്രശ്നം പരിഹരിക്കുക.,Roads & Highways,Medium
இந்த பிரச்சனை குறித்து புகார் அளிக்கிறேன்: ஊராட்சி வளர்ச்சி நிதி பயன்படுத்தப்படவில்லை,Rural Development / Panchayat,Medium
ദയവായി സഹായിക്കണം. അനധികൃത മരം മുറിക്കൽ റിപ്പോർട്ട് ചെയ്യണം,Environment & Forest,High
I need information about public transport services Please look into this matter.,Transport,Low
कृपया मदद करें। बाल संरक्षण सेवा जवाब नहीं दे रही है कृपया आवश्यक कार्रवाई करें।,Women & Child Welfare,Medium
ഈ പ്രശ്നത്തെക്കുറിച്ച് പരാതി നൽകുന്നു: എന്റെ വീടിന് പുറത്തുള്ള വൈദ്യുതി തൂൺ കേടായിട്ടുണ്ട് ദയവായി ഈ പ്രശ്നം പരിഹരിക്കുക.,Electricity,High
ദയവായി സഹായിക്കണം. സർക്കാർ ഭവന അനുവദിക്കൽ വൈകുകയാണ് ദയവായി ഈ വിഷയം പരിശോധിക്കുക.,Housing,Medium
कृपया मदद करें। ग्रामीण कल्याण परियोजना लंबित है कृपया इस मामले को देखें।,Rural Development / Panchayat,Medium
இந்த பிரச்சனையை கவனிக்கவும்: எங்கள் தெருவில் குடிநீர் விநியோகம் இல்லை இந்த பிரச்சனையை கவனிக்கவும்.,Water Services,Medium
Kindly look into this: My social welfare pension has not been credited Please look into this matter.,Social Welfare,High
इस समस्या पर ध्यान दें: पंचायत ने गांव की सुविधाओं की मरम्मत नहीं की है,Rural Development / Panchayat,Medium
बारिश के बाद सीवर का पानी बाहर आ रहा है कृपया इस समस्या का समाधान करें।,Drainage & Sewerage,Medium
I would like to complain that Dirty water is coming through the public pipeline Please take necessary action.,Water Services,Medium
मैं शिकायत करना चाहता हूं कि कीटों के कारण मेरी फसल खराब हो गई है,Agriculture,Medium
இந்த பிரச்சனை குறித்து புகார் அளிக்கிறேன்: சந்தைக்கு அருகிலுள்ள குப்பைத் தொட்டி நிரம்பியுள்ளது இந்த பிரச்சனையை கவனிக்கவும்.,Waste Management,Medium
இந்த பிரச்சனையை கவனிக்கவும்: நகராட்சி அலுவலகம் எங்கள் புகாருக்கு பதிலளிக்கவில்லை தயவுசெய்து இந்த பிரச்சனையை தீர்க்கவும்.,Municipal Corporation,High
I want to report that My social welfare pension has not been credited Please look into this matter.,Social Welfare,High
कृपया इस समस्या को देखें: मेरा भूमि म्यूटेशन आवेदन लंबित है कृपया इस मामले को देखें।,Revenue & Land Records,Low
Please help. There is illegal tree cutting in our area Please take necessary action.,Environment & Forest,Medium
இந்த பிரச்சனை குறித்து புகார் அளிக்கிறேன்: ஊராட்சி அலுவலகம் எங்கள் புகாருக்கு பதிலளிக்கவில்லை தயவுசெய்து இந்த பிரச்சனையை தீர்க்கவும்.,Rural Development / Panchayat,Medium
Kindly look into this: There is a large pothole on the main road Kindly resolve this issue.,Roads & Highways,High
ദയവായി സഹായിക്കണം. എന്റെ കർഷക സബ്സിഡി അപേക്ഷ പരിഗണനയിലാണ് ദയവായി ഈ പ്രശ്നം പരിഹരിക്കുക.,Agriculture,High
I would like to complain that Water has not reached our street since yesterday Please take necessary action.,Water Services,Medium
ദയവായി സഹായിക്കണം. ക്ഷേമ ഓഫീസ് മറുപടി നൽകിയിട്ടില്ല,Social Welfare,Low
I want to report that There is a large pothole on the main road,Roads & Highways,Medium
Please help. There is excessive smoke from an industrial unit Kindly resolve this issue.,Environment & Forest,Medium
இந்த பிரச்சனை குறித்து புகார் அளிக்கிறேன்: தெருவில் குப்பைகள் அகற்றப்படவில்லை இந்த பிரச்சனையை கவனிக்கவும்.,Waste Management,Medium
இந்த பிரச்சனையை கவனிக்கவும்: அரசு வீட்டு திட்டம் குறித்து தகவல் வேண்டும் இந்த பிரச்சனையை கவனிக்கவும்.,Housing,Low
இந்த பிரச்சனையை கவனிக்கவும்: பொது போக்குவரத்து சேவைகள் குறித்து தகவல் வேண்டும் தயவுசெய்து இந்த பிரச்சனையை தீர்க்கவும்.,Transport,Low
कृपया इस समस्या को देखें: उचित मूल्य की दुकान काम के समय बंद रहती है कृपया इस मामले को देखें।,Food & Civil Supplies,Low
ഈ പ്രശ്നത്തെക്കുറിച്ച് പരാതി നൽകുന്നു: എന്റെ വീടിന് സമീപമുള്ള മലിനജല ഓട അടഞ്ഞിരിക്കുന്നു ദയവായി ആവശ്യമായ നടപടി സ്വീകരിക്കുക.,Drainage & Sewerage,Medium
इस समस्या पर ध्यान दें: मुझे धमकी भरा संदेश मिला है कृपया आवश्यक कार्रवाई करें।,Police,Critical
தயவுசெய்து இதை சரி செய்யுங்கள். என் வீட்டின் அருகிலுள்ள கழிவுநீர் கால்வாய் அடைத்துள்ளது,Drainage & Sewerage,Low
कृपया इस समस्या को देखें: डिजिटल सरकारी सेवा उपलब्ध नहीं है कृपया आवश्यक कार्रवाई करें।,e-Governance,Low
இந்த பிரச்சனை குறித்து புகார் அளிக்கிறேன்: அரசு இணையதளம் மிகவும் மெதுவாக உள்ளது தயவுசெய்து இந்த பிரச்சனையை தீர்க்கவும்.,e-Governance,Medium
इस समस्या पर ध्यान दें: मेरा शिक्षा प्रमाणपत्र अभी तक नहीं आया है,Education,Medium
I would like to complain that I need information about social welfare schemes,Social Welfare,Medium
I want to report that I have not received my employment benefit Kindly resolve this issue.,Labour & Employment,Medium
தயவுசெய்து இதை சரி செய்யுங்கள். எனது பயனாளி விவரங்கள் தவறாக உள்ளன தயவுசெய்து இந்த பிரச்சனையை தீர்க்கவும்.,Social Welfare,Low
இந்த பிரச்சனை குறித்து புகார் அளிக்கிறேன்: பட்டா மாற்ற விண்ணப்பம் நிலுவையில் உள்ளது தயவுசெய்து தேவையான நடவடிக்கை எடுக்கவும்.,Revenue & Land Records,Low
தயவுசெய்து உதவுங்கள். கல்லூரி எனது சான்றிதழை வழங்கவில்லை இந்த பிரச்சனையை கவனிக்கவும்.,Education,Low
இந்த பிரச்சனையை கவனிக்கவும்: நெடுஞ்சாலையில் பல விரிசல்கள் உள்ளன தயவுசெய்து தேவையான நடவடிக்கை எடுக்கவும்.,Roads & Highways,Medium
ഈ പ്രശ്നത്തെക്കുറിച്ച് പരാതി നൽകുന്നു: സർക്കാർ കെട്ടിടത്തിന് അടിയന്തര പരിപാലനം ആവശ്യമാണ് ദയവായി ഈ പ്രശ്നം പരിഹരിക്കുക.,Public Works,High
Kindly look into this: The electric wire near the road is hanging dangerously Please take necessary action.,Electricity,High
मैं शिकायत करना चाहता हूं कि कचरा वाहन हमारे इलाके में आना बंद कर चुका है,Waste Management,Low
Kindly look into this: The online service keeps timing out,e-Governance,Medium
ഈ പ്രശ്നത്തെക്കുറിച്ച് പരാതി നൽകുന്നു: ഞങ്ങളുടെ സ്കൂളിന് സമീപം അപകടകരമായി വാഹനങ്ങൾ ഓടിക്കുന്നു ദയവായി ആവശ്യമായ നടപടി സ്വീകരിക്കുക.,Police,High
இந்த பிரச்சனை குறித்து புகார் அளிக்கிறேன்: அரசு கட்டிடத்தின் வடிகால் பழுதுபார்க்க வேண்டும்,Public Works,Medium
இந்த பிரச்சனை குறித்து புகார் அளிக்கிறேன்: எங்கள் பகுதியில் குப்பை சேகரிப்பு சீராக இல்லை,Waste Management,Low
தயவுசெய்து உதவுங்கள். எங்கள் வயலுக்கான பாசன கால்வாய் சேதமடைந்துள்ளது தயவுசெய்து இந்த பிரச்சனையை தீர்க்கவும்.,Agriculture,Medium
I want to report that Farmers have not received crop insurance support Kindly resolve this issue.,Agriculture,Low
ഈ പ്രശ്നം ശ്രദ്ധിക്കുക: ഡിജിറ്റൽ സർക്കാർ സേവനം ലഭ്യമല്ല ദയവായി ഈ വിഷയം പരിശോധിക്കുക.,e-Governance,Medium
எங்கள் பகுதியில் கழிவுநீர் தேங்கி உள்ளது தயவுசெய்து இந்த பிரச்சனையை தீர்க்கவும்.,Drainage & Sewerage,High
தயவுசெய்து உதவுங்கள். முக்கிய சாலைக்கு புதிய தார் போட வேண்டும் தயவுசெய்து இந்த பிரச்சனையை தீர்க்கவும்.,Roads & Highways,High
தயவுசெய்து உதவுங்கள். எனது தொழிலாளர் பதிவு விவரங்கள் தவறாக உள்ளன தயவுசெய்து இந்த பிரச்சனையை தீர்க்கவும்.,Labour & Employment,High
தயவுசெய்து உதவுங்கள். அரசு வேலைவாய்ப்பு திட்டத்தில் வேலை கிடைக்கவில்லை தயவுசெய்து இந்த பிரச்சனையை தீர்க்கவும்.,Labour & Employment,High
Please help. The bus shelter is damaged,Transport,Medium
इस समस्या पर ध्यान दें: मेरी छात्रवृत्ति का आवेदन लंबित है कृपया आवश्यक कार्रवाई करें।,Education,High
फसल के नुकसान के लिए सहायता चाहिए कृपया आवश्यक कार्रवाई करें।,Agriculture,Low
தயவுசெய்து இதை சரி செய்யுங்கள். விவசாய மானியங்கள் குறித்து தகவல் வேண்டும்,Agriculture,Low
ദയവായി സഹായിക്കണം. സർക്കാർ ഓഫീസ് കെട്ടിടത്തിന് അറ്റകുറ്റപ്പണി ആവശ്യമാണ് ദയവായി ആവശ്യമായ നടപടി സ്വീകരിക്കുക.,Public Works,Low
कृपया इस समस्या को देखें: हमारे आवासीय क्षेत्र के पास एक संदिग्ध व्यक्ति है कृपया इस समस्या का समाधान करें।,Police,High
कृपया मदद करें। मेरा नया राशन कार्ड जारी नहीं हुआ है कृपया आवश्यक कार्रवाई करें।,Food & Civil Supplies,Low
कृपया मदद करें। मुझे सार्वजनिक परिवहन सेवाओं की जानकारी चाहिए कृपया आवश्यक कार्रवाई करें।,Transport,High
इस समस्या पर ध्यान दें: उर्वरक की आपूर्ति में देरी हो रही है कृपया आवश्यक कार्रवाई करें।,Agriculture,Medium
Kindly look into this: The food supply at the ration shop is insufficient Please look into this matter.,Food & Civil Supplies,Low
मैं शिकायत करना चाहता हूं कि मैं अपने इलाके में हुई चोरी की शिकायत करना चाहता हूं,Police,High
ഈ പ്രശ്നം ശ്രദ്ധിക്കുക: സർക്കാർ കെട്ടിടത്തിന് അടിയന്തര പരിപാലനം ആവശ്യമാണ് ദയവായി ഈ വിഷയം പരിശോധിക്കുക.,Public Works,High
ऑनलाइन सेवा बार बार टाइम आउट हो रही है कृपया आवश्यक कार्रवाई करें।,e-Governance,Low
ഈ പ്രശ്നം ശ്രദ്ധിക്കുക: എനിക്ക് പോലീസിൽ പരാതി നൽകണം ദയവായി ആവശ്യമായ നടപടി സ്വീകരിക്കുക.,Police,Medium
Kindly look into this: There is a strong chemical smell near our locality Kindly resolve this issue.,Environment & Forest,Medium
தயவுசெய்து இதை சரி செய்யுங்கள். எங்கள் பகுதியில் தெருவிளக்குகள் வேலை செய்யவில்லை தயவுசெய்து தேவையான நடவடிக்கை எடுக்கவும்.,Municipal Corporation,Low
சட்டவிரோத மர வெட்டலை புகார் செய்ய வேண்டும் இந்த பிரச்சனையை கவனிக்கவும்.,Environment & Forest,Low
இந்த பிரச்சனையை கவனிக்கவும்: நலத்துறை அலுவலகம் பதிலளிக்கவில்லை தயவுசெய்து இந்த பிரச்சனையை தீர்க்கவும்.,Social Welfare,Medium
Please help. Our school lacks proper classroom facilities,Education,Medium
Please help. Dirty water is coming through the public pipeline Please look into this matter.,Water Services,High
I cannot submit my application online Please look into this matter.,e-Governance,High
இந்த பிரச்சனையை கவனிக்கவும்: யாரோ எனது சொத்தை சேதப்படுத்தியுள்ளனர் இந்த பிரச்சனையை கவனிக்கவும்.,Police,Medium
Please help. The public park in our area is poorly maintained Kindly resolve this issue.,Municipal Corporation,High
தயவுசெய்து உதவுங்கள். எங்கள் பகுதியில் விதைகள் பற்றாக்குறையாக உள்ளன,Agriculture,Low
ദയവായി സഹായിക്കണം. എന്റെ സ്വത്തിന്റെ സർവേ വിവരങ്ങൾ തെറ്റാണ് ദയവായി ഈ പ്രശ്നം പരിഹരിക്കുക.,Revenue & Land Records,Medium
தயவுசெய்து இதை சரி செய்யுங்கள். சாலையின் ஓரம் இடிந்து விழுந்துள்ளது,Roads & Highways,Medium
எனது அரசு சான்றிதழை பதிவிறக்கம் செய்ய முடியவில்லை,e-Governance,Medium
कृपया इस समस्या को देखें: परिवहन पास आवेदन में देरी हो रही है,Transport,Medium
Please help. The fertilizer supply has been delayed,Agriculture,High
I want to report that Dirty wastewater is entering our locality Please take necessary action.,Drainage & Sewerage,Medium
ദയവായി സഹായിക്കണം. വൈദ്യുതി മീറ്റർ ശരിയായി പ്രവർത്തിക്കുന്നില്ല ദയവായി ആവശ്യമായ നടപടി സ്വീകരിക്കുക.,Electricity,Low
मैं शिकायत करना चाहता हूं कि राशन दुकानदार अतिरिक्त पैसे मांग रहा है कृपया इस समस्या का समाधान करें।,Food & Civil Supplies,Medium
ഇന്നലെ മുതൽ ഞങ്ങളുടെ പ്രദേശത്ത് വൈദ്യുതി ഇല്ല ദയവായി ഈ വിഷയം പരിശോധിക്കുക.,Electricity,Critical
इस समस्या पर ध्यान दें: हमारे इलाके में रोज बिजली कटौती होती है कृपया आवश्यक कार्रवाई करें।,Electricity,High
ഈ പ്രശ്നം ശ്രദ്ധിക്കുക: ഞങ്ങളുടെ പ്രദേശത്തെ കമ്മ്യൂണിറ്റി പാർക്ക് ഉപയോഗിക്കാൻ കഴിയുന്നില്ല ദയവായി ഈ പ്രശ്നം പരിഹരിക്കുക.,Municipal Corporation,Low
Kindly look into this: I have not received my monthly pension Please take necessary action.,Social Welfare,High
தயவுசெய்து உதவுங்கள். எங்கள் கிராமத்திற்கு அருகிலுள்ள சாலை பள்ளங்களால் நிறைந்துள்ளது இந்த பிரச்சனையை கவனிக்கவும்.,Roads & Highways,Low
தயவுசெய்து உதவுங்கள். வீட்டு துறை பதிலளிக்கவில்லை இந்த பிரச்சனையை கவனிக்கவும்.,Housing,Medium
Please help. The vaccination service is unavailable Kindly resolve this issue.,Health,Medium
எனது தொழிலாளர் நலத்தொகை கிடைக்கவில்லை இந்த பிரச்சனையை கவனிக்கவும்.,Labour & Employment,Medium
ഈ പ്രശ്നത്തെക്കുറിച്ച് പരാതി നൽകുന്നു: തൊഴിൽ പദ്ധതികളെക്കുറിച്ച് വിവരം വേണം,Labour & Employment,Low
I want to report that Our village community hall needs maintenance,Rural Development / Panchayat,Medium
इस समस्या पर ध्यान दें: राशन दुकानदार अतिरिक्त पैसे मांग रहा है,Food & Civil Supplies,Medium
ദയവായി സഹായിക്കണം. പഞ്ചായത്ത് ഗ്രാമത്തിലെ സൗകര്യങ്ങൾ നന്നാക്കിയിട്ടില്ല ദയവായി ഈ വിഷയം പരിശോധിക്കുക.,Rural Development / Panchayat,High
എന്റെ കുടുംബാംഗം റേഷൻ കാർഡിൽ ഇല്ല ദയവായി ആവശ്യമായ നടപടി സ്വീകരിക്കുക.,Food & Civil Supplies,Low
Kindly look into this: My welfare scheme application is pending Kindly resolve this issue.,Social Welfare,Medium
मैं शिकायत करना चाहता हूं कि मेरा किसान सब्सिडी आवेदन लंबित है,Agriculture,High
Please help. The public building has damaged doors Please take necessary action.,Public Works,Low
ദയവായി ഇത് പരിഹരിക്കുക. വലിയ കുഴി ഗതാഗതത്തെ തടസ്സപ്പെടുത്തുന്നു,Roads & Highways,Medium
ദയവായി ഇത് പരിഹരിക്കുക. പൊതു കെട്ടിടത്തിന്റെ ചുമരുകളിൽ വിള്ളലുകൾ ഉണ്ട് ദയവായി ആവശ്യമായ നടപടി സ്വീകരിക്കുക.,Public Works,Low
குழந்தைகளுக்கான ஊட்டச்சத்து சேவை கிடைக்கவில்லை தயவுசெய்து இந்த பிரச்சனையை தீர்க்கவும்.,Women & Child Welfare,Medium
எங்கள் கிராமத்திற்கு அருகிலுள்ள ஆறு மாசடைந்துள்ளது தயவுசெய்து தேவையான நடவடிக்கை எடுக்கவும்.,Environment & Forest,Low
Our electricity connection keeps getting interrupted,Electricity,Low
എന്റെ വീടിന് പുറത്തുള്ള വൈദ്യുതി തൂൺ കേടായിട്ടുണ്ട് ദയവായി ഈ പ്രശ്നം പരിഹരിക്കുക.,Electricity,Medium
தயவுசெய்து இதை சரி செய்யுங்கள். எங்கள் வயலுக்கான பாசன கால்வாய் சேதமடைந்துள்ளது இந்த பிரச்சனையை கவனிக்கவும்.,Agriculture,Medium
അറിയിപ്പില്ലാതെ ബസ് റൂട്ട് മാറ്റി ദയവായി ആവശ്യമായ നടപടി സ്വീകരിക്കുക.,Transport,High
தயவுசெய்து உதவுங்கள். சந்தைக்கு அருகிலுள்ள குப்பைத் தொட்டி நிரம்பியுள்ளது தயவுசெய்து தேவையான நடவடிக்கை எடுக்கவும்.,Waste Management,Medium
ദയവായി സഹായിക്കണം. ഭൂഗർഭ ഡ്രെയിനേജ് സംവിധാനം അടഞ്ഞിരിക്കുന്നു ദയവായി ഈ വിഷയം പരിശോധിക്കുക.,Drainage & Sewerage,High
कृपया इस समस्या को देखें: बच्चों के लिए पोषण सेवा उपलब्ध नहीं है कृपया इस समस्या का समाधान करें।,Women & Child Welfare,Medium
ഈ പ്രശ്നം ശ്രദ്ധിക്കുക: ക്ഷേമ ഓഫീസ് മറുപടി നൽകിയിട്ടില്ല,Social Welfare,Medium
தயவுசெய்து இதை சரி செய்யுங்கள். வீட்டு திட்ட பயனாளிகள் பட்டியல் தவறாக உள்ளது தயவுசெய்து இந்த பிரச்சனையை தீர்க்கவும்.,Housing,High
தயவுசெய்து உதவுங்கள். தண்ணீர் விநியோக அட்டவணை பின்பற்றப்படவில்லை இந்த பிரச்சனையை கவனிக்கவும்.,Water Services,Medium
Please help. There is a large pothole on the main road Please look into this matter.,Roads & Highways,Low
ദയവായി സഹായിക്കണം. സാമൂഹിക ക്ഷേമ പദ്ധതികളെക്കുറിച്ച് വിവരം വേണം ദയവായി ഈ വിഷയം പരിശോധിക്കുക.,Social Welfare,Medium
ദയവായി സഹായിക്കണം. എന്റെ സ്കോളർഷിപ്പ് അപേക്ഷ പരിഗണനയിൽ ആണ് ദയവായി ഈ വിഷയം പരിശോധിക്കുക.,Education,High
ഈ പ്രശ്നത്തെക്കുറിച്ച് പരാതി നൽകുന്നു: ആളുകൾ റോഡിന്റെ വശത്ത് മാലിന്യം വലിച്ചെറിയുന്നു,Waste Management,Medium
मैं शिकायत करना चाहता हूं कि हमारे क्षेत्र का बाल देखभाल केंद्र काम नहीं कर रहा है कृपया आवश्यक कार्रवाई करें।,Women & Child Welfare,High
ഈ പ്രശ്നം ശ്രദ്ധിക്കുക: എന്റെ പോലീസ് പരാതിക്ക് ഇതുവരെ മറുപടി ലഭിച്ചിട്ടില്ല ദയവായി ഈ വിഷയം പരിശോധിക്കുക.,Police,Medium
Please help. The public office has structural damage Please look into this matter.,Public Works,Low
कृपया इस समस्या को देखें: हमारे इलाके की स्ट्रीट लाइटें काम नहीं कर रही हैं,Municipal Corporation,High
कृपया इस समस्या को देखें: सड़क की सफाई का समय निर्धारित तरीके से नहीं हो रहा है कृपया आवश्यक कार्रवाई करें।,Municipal Corporation,High
ഈ പ്രശ്നം ശ്രദ്ധിക്കുക: വ്യവസായ യൂണിറ്റിൽ നിന്ന് അമിതമായ പുക വരുന്നു,Environment & Forest,Low
My family member is missing from the ration card Kindly resolve this issue.,Food & Civil Supplies,Low
தயவுசெய்து இதை சரி செய்யுங்கள். விவசாயிகளுக்கு பாசன நீர் கிடைக்கவில்லை தயவுசெய்து இந்த பிரச்சனையை தீர்க்கவும்.,Agriculture,Medium
Please help. My worker registration details are incorrect Please look into this matter.,Labour & Employment,Medium
Kindly look into this: Waste collection has been irregular in our neighborhood Please look into this matter.,Waste Management,Medium
ദയവായി ഇത് പരിഹരിക്കുക. ആരോ എന്റെ സ്വത്തിന് കേടുപാടുകൾ വരുത്തി ദയവായി ഈ വിഷയം പരിശോധിക്കുക.,Police,Medium
தயவுசெய்து இதை சரி செய்யுங்கள். வேளாண் அதிகாரி எங்கள் கிராமத்திற்கு வரவில்லை தயவுசெய்து தேவையான நடவடிக்கை எடுக்கவும்.,Agriculture,Low
தயவுசெய்து இதை சரி செய்யுங்கள். நில உரிமை பதிவை புதுப்பிக்க வேண்டும் இந்த பிரச்சனையை கவனிக்கவும்.,Revenue & Land Records,Low
कृपया मदद करें। बिजली का मीटर ठीक से काम नहीं कर रहा है,Electricity,Medium
இந்த பிரச்சனை குறித்து புகார் அளிக்கிறேன்: நகராட்சி குடிநீர் குழாய் சேதமடைந்துள்ளது,Water Services,Medium
कृपया मदद करें। परिवहन पास आवेदन में देरी हो रही है कृपया आवश्यक कार्रवाई करें।,Transport,Medium
தயவுசெய்து உதவுங்கள். சாக்கடையில் இருந்து கழிவுநீர் வெளியேறுகிறது தயவுசெய்து இந்த பிரச்சனையை தீர்க்கவும்.,Drainage & Sewerage,Low
कृपया इस समस्या को देखें: हमारे स्कूल में उचित कक्षा सुविधाएं नहीं हैं कृपया इस मामले को देखें।,Education,Low
தயவுசெய்து உதவுங்கள். டிஜிட்டல் அரசு சேவை கிடைக்கவில்லை இந்த பிரச்சனையை கவனிக்கவும்.,e-Governance,Low
कृपया इस समस्या को देखें: स्वास्थ्य केंद्र में बहुत ज्यादा भीड़ है कृपया इस मामले को देखें।,Health,High
ദയവായി ഇത് പരിഹരിക്കുക. പ്രധാന റോഡ് പുനർനിർമ്മിക്കണം ദയവായി ആവശ്യമായ നടപടി സ്വീകരിക്കുക.,Roads & Highways,High
मैं शिकायत करना चाहता हूं कि बस शेल्टर खराब हो गया है कृपया आवश्यक कार्रवाई करें।,Transport,High
ദയവായി ഇത് പരിഹരിക്കുക. ഞങ്ങളുടെ പ്രദേശത്ത് വോൾട്ടേജ് വ്യതിയാനം പതിവാണ്,Electricity,Medium
ദയവായി ഇത് പരിഹരിക്കുക. എന്റെ ഭവന സഹായ അപേക്ഷ പരിഗണനയിലാണ്,Housing,Medium
ഞങ്ങളുടെ ഗ്രാമത്തിൽ മികച്ച അടിസ്ഥാന സൗകര്യങ്ങൾ ആവശ്യമാണ് ദയവായി ഈ വിഷയം പരിശോധിക്കുക.,Rural Development / Panchayat,Low
कृपया इस समस्या को देखें: अस्पताल में बुनियादी चिकित्सा उपकरण नहीं हैं कृपया इस समस्या का समाधान करें।,Health,Medium
Please help. I want to report a theft in my neighborhood,Police,Low
இந்த பிரச்சனையை கவனிக்கவும்: பொது கட்டிடத்தின் கதவுகள் சேதமடைந்துள்ளன இந்த பிரச்சனையை கவனிக்கவும்.,Public Works,Low
हमारे इलाके में कचरा संग्रह नियमित नहीं है कृपया इस समस्या का समाधान करें।,Waste Management,High
ഈ പ്രശ്നത്തെക്കുറിച്ച് പരാതി നൽകുന്നു: സർക്കാർ പോർട്ടൽ വളരെ മന്ദഗതിയിലാണ് ദയവായി ഈ വിഷയം പരിശോധിക്കുക.,e-Governance,Low
I would like to complain that The doctor is unavailable at the public health centre Please look into this matter.,Health,Medium
தயவுசெய்து உதவுங்கள். கழிவுநீர் தெருவில் நிரம்பி வழிகிறது,Drainage & Sewerage,High
I want to report that I need help applying for a welfare scheme Please look into this matter.,Social Welfare,High
ദയവായി ഇത് പരിഹരിക്കുക. എന്റെ പോലീസ് പരാതിക്ക് ഇതുവരെ മറുപടി ലഭിച്ചിട്ടില്ല ദയവായി ഈ പ്രശ്നം പരിഹരിക്കുക.,Police,Medium
I want to report that The main road needs resurfacing Please take necessary action.,Roads & Highways,High
I would like to complain that The welfare office has not responded,Social Welfare,High
ദയവായി ഇത് പരിഹരിക്കുക. റേഷൻ കടക്കാരൻ അധിക പണം ആവശ്യപ്പെടുന്നു ദയവായി ഈ വിഷയം പരിശോധിക്കുക.,Food & Civil Supplies,Medium
റോഡിന്റെ വശം ഇടിഞ്ഞുപോയി ദയവായി ആവശ്യമായ നടപടി സ്വീകരിക്കുക.,Roads & Highways,Medium
ദയവായി സഹായിക്കണം. ഞങ്ങളുടെ പ്രദേശത്തെ തെരുവ് വിളക്കുകൾ പ്രവർത്തിക്കുന്നില്ല,Municipal Corporation,Medium
എന്റെ വൈദ്യുതി ബില്ലിൽ തെറ്റായ റീഡിംഗ് കാണിക്കുന്നു ദയവായി ഈ വിഷയം പരിശോധിക്കുക.,Electricity,Medium
ദയവായി സഹായിക്കണം. എന്റെ ക്ഷേമ പദ്ധതി അപേക്ഷ പരിഗണനയിലാണ് ദയവായി ആവശ്യമായ നടപടി സ്വീകരിക്കുക.,Social Welfare,Medium
बाजार के पास कचरे का डिब्बा भर गया है कृपया इस मामले को देखें।,Waste Management,Medium
इस समस्या पर ध्यान दें: सरकारी आवास आवंटन में देरी हो रही है कृपया इस मामले को देखें।,Housing,Low
